3070815
3044235
3072489
3683476
3188767
2836863
2650635
2752044
2700828
3663502
2779225
2619092
2499646
2656932
2974853
2620425
3811744
2840367
3119384
3153936
2688044
3377186
2753377
2997623
3758172
3245999
3400156
3639940
2989781
3642346
3472528
3328397
2953776
3480578
3110270
3087710
3928943
2675771
3235922
2816343
2991356
3131496
2562301
2760074
2838572
3271777
3794348
3017385
3175803
2720229
2652711
3272158
2798797
2541647
2688766
3429865
2880382
2869263
3254802
3122954
2858274
2953616
2577391
2506715
2754750
3392496
2565992
2407653
2701229
3117068
3123545
3398442
2702723
2677767
2989922
3629663
2763965
2947851
2923276
2913891
3098248
2888283
2801122
2746388
3358918
2613678
2936390
2649472
2724200
2806678
2805234
2710955
2491946
2639756
2878708
3213062
2737906
3578337
3263835
3568671
2841720
3107543
3486635
3794478
3319964
3129139
3224953
2965508
3087119
3279076
3109087
3346785
2849741
3458762
3293825
2945214
3075147
2995487
2659719
2736763
3231751
2464774
2590828
2676514
3064870
2960745
3185830
2704017
2517183
2522005
2531811
2905610
2738979
2885496
2664693
2842292
3192648
3410002
3191395
3821981
2969658
3170820
3388495
3100063
3528525
2980447
2955210
3092192
4204061
2837991
2939158
2881064
2754570
2798365
2532062
2888343
3427659
3451252
3305987
3377917
3342744
3214035
4779091
3143267
3056669
3690173
2918262
3403304
3102209
3257028
3475475
3171121
3189389
3631908
3566576
2585383
2969899
3105137
2981079
3015931
2828054
2680363
2883510
4010659
2830190
2799058
2998013
3097186
3447201
2703465
2885306
3023180
2943158
2676122
2904055
2810348
2571526
3146115
3408107
2673937
3037117
2839806
2973258
2514185
2860210
3180586
2961307
3468115
2911875
2492788
2557228
2586856
2742087
2599841
2522397
3273732
2484576
2907765
2547552
2392493
2424788
3098659
3476859
2892875
3166749
3060368
2921381
3237998
2916528
3324656
3183924
2880994
2963783
2752535
2771855
2700677
2569320
2770863
2810518
2700176
2818168
3376383
2703745
2777671
2783286
2980758
3459032
2883110
2871529
2830321
2949235
3215187
3146947
3403796
2884604
2856179
2904847
2806277
2533235
3104474
3445726
4265894
2884464
3143067
2858164
2837279
2824214
2710324
3086668
2681667
3051565
3072831
2607652
2892314
2664572
2747942
2843856
2788048
2606268
2889487
2964405
3425193
2863037
2791538
2696035
2796451
3315282
3137532
2979424
2970901
3360030
2696667
2882007
2948592
2713882
2688786
2749035
3010447
3161365
3180906
3121169
3519903
3307000
3173778
3633232
3179022
3383763
4113762
3704010
2996319
2942246
3178089
2934275
3118262
3230458
3388064
3434597
3633213
3377897
3041077
3083670
3031432
2970832
3340970
3362106
3404909
3303942
3002776
3032404
3081023
2837529
3276519
3467715
3112326
2603100
2832837
2955496
2687605
2853292
2981000
2894932
2612477
2946208
2913692
2995899
3122734
3323895
3156393
3446458
2717183
3098199
3396567
2834724
2693501
3232724
3680727
3349904
3709022
3147890
3665497
3127497
3519551
3300633
3332719
2755535
2853122
3534852
4086709
3676877
3405731
3534180
3295570
3058926
3232213
3771567
3528606
3241307
3284281
3077034
3240735
2916119
3385538
3442689
2895264
3075600
3241658
3240445
3279558
2728553
2850636
3026530
3125571
2539955
2566125
2968186
2937183
2783408
2460175
2631989
2686472
2838152
2641032
2921864
3061833
2632119
2833280
2778184
2387533
2658188
2664634
3216161
3642777
3062885
3264719
3024214
3133763
3211078
3104426
3516824
3680296
3269832
3096193
2812204
3100426
2785132
3623145
3871260
2972617
2878519
3183936
3047726
3463153
3188147
3205663
3857645
3408158
2962381
3309256
3187515
3374138
2750391
2884124
2613108
2783108
3577775
2697020
2992079
3209864
3784511
2921643
3027051
3065964
3591682
3186743
3538411
2868202
2926516
3066335
3053913
3107353
3228162
3185610
2878880
2707478
2880394
2651209
2683595
2623767
2543916
2761120
3507721
3102380
2924992
3232614
2866167
3373095
3261992
3343297
3552318
2994134
3546914
3015792
2985832
3178671
3292132
3138987
3080763
3713303
2598109
2851999
2857604
2846234
2761982
2616728
3199547
3079771
3326361
2701462
2629903
3044217
2804855
3087862
2666781
2789985
3489402
3662769
2730659
3234920
3337271
2889277
2980588
2692167
2750702
2969059
2658047
3033469
3158368
2713835
2806048
3142466
2744415
2899906
3910854
3560219
3018829
3341742
2946469
3018900
3054775
3098390
2772259
2823725
3362046
2820085
2742299
2751734
3153626
2929955
2999960
2522169
2638335
2762312
3180656
3148622
2604346
2854917
2641845
3063668
2569343
2776750
2550864
4469730
3077053
3348510
3274334
3245799
3374379
2984358
3510799
3443802
3001203
3171543
3122894
2801395
3475586
2982634
2646286
2879001
3625411
2778395
3065112
3169508
3345041
3474784
2580653
2916570
2878199
3214556
2809066
2624539
2712852
3015942
2899234
2768429
2992972
3246992
2839045
2925192
2732132
2776490
2922866
2895714
2435519
3065322
3314129
3589466
3207357
3268680
3165738
3391875
2781965
2463724
2913271
3010758
3296583
2579470
2794477
2701722
2775958
3054143
3203958
2740916
3355228
3418295
2751053
2782235
2634846
2635248
2896707
2691174
2653706
3311843
2971264
3242240
3138526
3326682
3437145
2860412
3358166
2905621
3071188
4031102
3275407
3209844
3137764
3137182
3455151
2918174
3001033
3517045
3193119
3167362
2970723
3334102
3214747
2978513
2732835
2695115
3010809
3088785
3296423
3393599
3264177
3261892
3101097
3179524
2965659
3477591
3841000
2909591
2803802
3403415
3135511
3290949
3133092
2539015
2662291
3223461
3107756
2494418
2505196
3048971
2679567
2889721
3337411
2822604
2965701
3616928
3463394
3086339
2830083
2495441
2751627
2893400
3445356
3088004
3438107
2866739
3049352
2861666
2855240
3229086
3591200
2808937
3381277
3812293
3726408
3475465
3423107
3206737
3311092
3040910
3309578
3460687
3527362
2932454
2794901
2657869
3442910
3292694
2957088
2606423
2991619
3380325
2751486
3269492
2820709
2616581
3213354
2571572
3285675
3007331
3084735
2554727
2939272
2669760
2619638
2780342
2677110
2668708
2774597
2938510
2696331
2659894
2911929
2701334
2536279
3016304
2830093
2396810
2489515
3665727
3040128
2698145
2751847
2626336
2929997
2690144
2725367
2602332
2668858
3122414
2548119
2515995
3075551
2697474
2751005
2825963
2749691
2407238
2757843
2674383
4322650
3141886
3226037
2839459
2975005
3617941
2627991
2591414
3350205
3204972
3092295
3087783
2776212
2929485
3453768
3118364
3142236
2807143
3616136
2795603
3045201
3045171
3563789
2923339
2815174
2954461
3645383
3105751
2815104
2881940
2853606
2724625
3567397
3185741
3288683
3712250
3016625
2794730
2488964
2617152
2486548
2526613
3160274
2559409
2577116
2721026
2805238
2783681
2569777
3084284
2865246
3855668
2913423
3349945
3102361
2887816
2798781
3606129
3417984
2657668
2825401
2792594
2720153
2840160
2758926
3120259
2969732
2577066
2523455
2688069
2940745
3412780
2589699
2687267
3266745
2955735
2972750
2691198
3066837
3175965
3093909
3035505
3361345
3210627
2549594
2618275
2664797
2973231
2931360
3055308
2604067
2638679
2606163
2616711
2355412
2661670
2765232
3033460
2486968
2985583
2583433
2853234
2736387
2571271
3387163
3201964
2912160
3004834
2710458
3186734
2784904
3221054
3162650
2904620
2568774
2871051
2752850
3098160
3046183
2743916
2706397
2941016
3490906
2814803
2773053
3117882
3750711
3304234
2896990
2764561
2709986
2764560
3113079
3190574
3726207
3060511
2801257
3315233
3107886
2828098
3035916
3220523
2709003
2845765
2861035
3110223
3018691
3566937
3243403
3046494
3217034
2945839
2871393
3085637
2704401
2696100
2625775
2764541
3298508
3316105
3049392
2523154
2531987
2643140
2920080
3154007
2702617
2652826
2653417
2599435
2979457
2943061
3197813
3062055
3093990
3115656
3291921
2900740
2477163
2667334
2591373
2823696
3648120
2628973
2699650
2777093
2538173
2911608
3228544
2793287
2652355
2581959
2917735
3052340
2792604
2588626
2883614
2792153
2684299
3252378
3117772
2852473
2824388
2732576
3474583
2904830
4040465
3117020
2864393
2761693
2980731
2768571
2984039
2990777
3333932
2997755
3356231
3147992
3095323
2909293
2770125
2875403
2791351
2891997
3185882
2741580
2763538
2749290
2795162
3299842
3262985
2940324
4109257
3271407
2930047
2572003
2977633
2930679
2708487
2992293
2715243
2521221
3571919
3691495
3172939
3164677
3090481
3216333
3050256
2913395
3248358
3057976
3951029
2949650
2923722
2552414
2983330
3229909
2917616
2859333
3198616
3471315
2779222
2797399
2775401
2741904
2642611
2716356
2813100
3021650
3099455
3168407
2600200
2950784
2771190
2743688
2876177
2720366
3153337
3236717
3754250
2520410
2979870
2969453
2749403
3430056
2909846
2858380
3374330
4028402
2874442
3101430
2739928
2804648
3615104
2948969
2786260
3407667
3247746
2913365
2911269
2895086
3788009
3027957
3023786
2872667
2710992
2730734
2852384
3056312
2589010
2890936
2836833
2899217
2789849
2829504
2581571
2711393
2688122
3204532
3248318
3468869
2929578
3395585
3478173
2764743
2878082
3690342
3633171
2857869
2882925
3402373
3424732
2939333
2796126
3096287
2932826
3210668
4130802
2933017
3578367
3358147
3183727
3081769
2756472
2800407
2826024
3222459
2574964
2786260
2662625
2738213
2658994
3074770
3033792
2667797
3070228
4326959
2704224
3173039
3270305
3190977
3309699
2753013
3562806
3363019
3416420
2797480
2924575
3192901
3327406
3571208
2971738
2914287
3445717
3174533
3030273
2820651
3056312
3405993
2949641
2954072
3427750
3428592
2955506
3363742
3161408
3038384
2943725
3423609
3380916
3492702
3123147
3393490
2956057
3062418
3010771
3017940
2529083
3067662
3987294
3316426
3156244
3179676
3173410
3350787
3342576
2765214
3398192
3385398
3404158
3299843
3483066
3229217
3668244
2964058
3562896
3289195
3609218
2979821
2940396
2769667
3416951
3543495
2891517
2978847
3232475
3714886
3044941
3422546
3078400
3137165
3222379
2739748
2993295
2748631
3025590
2946482
3183517
3531794
3393891
3388647
3465931
3628509
3619866
3226741
3167254
3095946
2660459
3381318
3205605
3202046
3086411
3180198
2992232
3424160
3209626
2801270
3521657
3238040
3149728
3172187
2701497
3326443
3596705
3026282
2954573
3050858
3150870
3275469
2808288
3052842
2829193
3259086
3394883
3196952
2962304
2989164
2823679
3066890
2846950
2966415
3175927
3199088
3117683
3159473
2829755
2445532
3009940
2883115
2889843
2790862
2751628
2605112
2684091
2701788
2990909
3038094
3467595
3143691
3642746
3149367
2934952
3377016
2875796
2605343
3023084
3751373
3523422
3046666
3091444
2679589
3421013
3817848
3058046
3028599
2869058
3303914
3215681
3121103
3394773
3215341
3388547
3009268
2765114
3192982
2892290
3602169
3007081
3054055
2894847
3383453
3263528
3302701
3165319
2809933
2603749
2730733
3351819
2828101
3316717
2794883
3097500
3511060
3126797
2947816
2833144
3537750
3704961
2734935
3235113
2827859
3110935
3337362
3202336
2733371
3061214
3272190
3950387
3015394
3535948
3737034
3018003
3004918
2656390
2396055
2930061
3115809
2645963
3326103
3579008
3425776
3082101
3258997
3092328
2625339
3186275
3218370
3167626
3017912
2900834
2751751
2766841
2825917
2614361
2521876
2558904
2655448
3587350
3245440
3194898
3529639
2806676
3051470
2772917
2644469
2507940
2718484
3031578
2929419
3025081
2694641
3479898
3140525
2793010
3075724
3212905
3486485
2889334
2691032
2856508
3247366
3094324
3009891
3613189
3207902
3072847
2749656
3220605
3482043
3196282
3015786
2803527
2837687
3086703
2864879
2656712
3246043
3132774
3183026
2797081
2819199
2689398
2717271
3435481
2824503
3092889
2838560
2798815
3233550
3222700
3418276
3131812
3128012
2843403
3088939
2952500
2769328
3420823
3588714
3229970
3045505
2862363
3102976
3226521
2738787
2897074
3260551
3664904
2892502
3127811
3473040
3366178
3021020
3013881
2907792
3575189
3200713
2740873
2845639
2939315
3104449
3101201
2807217
2843915
2837166
2931214
3103206
2536716
2859244
3020348
2777409
3053656
2888671
3317670
2839382
3462462
3038486
2682118
2764185
3072596
2902438
2730857
2554282
2789962
2764264
3898911
2697318
3529940
2764214
2669414
3249692
3280844
2868308
2842310
3832375
2871196
2808712
3394744
3633853
3917199
2752544
2780427
3157298
3833378
3142992
2999694
3175958
3046206
3093852
2860026
3215071
3376767
3344772
2865812
3258716
3110365
3362057
3209547
2817495
2727117
2581894
2872910
2840575
3747602
3413804
3252038
3244599
3445307
3186706
3253021
3635888
3510037
3143302
3171556
3221909
3512504
3595833
2991432
2833497
2695744
3628990
2897656
2889524
2783956
3341464
3881344
3070270
2695634
3983774
3263197
3293948
3006833
2868970
3500793
3083696
3198808
3238052
3989910
2731719
2972081
2846712
3865212
3352733
2924305
2959528
3109714
3124142
2735930
3194436
3029824
2848867
2800148
2997859
3109061
2820322
3315977
3345234
3223864
3117474
3472940
2900062
3205205
3416922
3731750
3588263
3466764
2654205
2736862
2685117
3273034
3331608
3232847
3565924
3050357
3381359
3685138
3955329
3097462
2974458
2962085
3069819
2543193
2862854
3068425
3115468
3097562
3321240
3242854
2998992
2816171
3294119
3171627
3172429
2582877
3616547
3766572
3478494
2782563
2819660
2899541
2986289
2856587
3170775
3061467
4132154
3025542
3547235
2822016
3429506
3167556
2704146
2686359
3187378
3278578
2786844
2823110
3485021
3225068
3199851
2751742
2551605
3174674
3526480
2971229
2891039
2977907
2943707
3088267
3242433
2720248
3285236
2892101
3379093
3242944
3040260
3296997
3591251
3643629
3256380
3194447
3231093
3138840
3824886
3251817
3034024
3316217
3130919
3634444
4240359
2978067
3556510
3520436
2889527
2958568
3192723
3123130
2913319
2712040
2894299
3260842
3022054
3173493
3196273
2786125
3125828
2811301
2557473
2652914
2722006
3028682
3372065
2926083
3093322
3720982
3909157
3364886
3035199
2890599
3741496
3094014
3177363
3102937
3279231
3625442
2835915
3447362
3210741
4117805
2763515
3407177
3226051
2998854
3282349
2779257
3209798
2803099
3281377
2458433
2733837
3000669
2948611
2793814
2840176
2499752
2467426
2776208
3221509
2566578
3064035
2770233
2807320
2676245
2695887
3088470
2693180
2464419
2900375
2658649
2702605
3134521
2839585
2900696
3181574
3138441
3404390
3372226
2554616
2834321
3170475
3598701
3438490
2872973
2845911
2977537
2693300
2958418
3181053
2830481
2670991
2633884
3010825
2579461
2960703
2640352
3001871
2773190
3628509
3203933
2568372
2709263
2798778
3051402
3298892
3081491
3104712
3113255
2871539
3210962
2850955
2720060
2820395
3012580
2706315
2726959
3003887
2956743
3064707
2727902
2824876
2509467
2673288
2870166
3846883
2924708
2667673
2717173
2957967
3141519
3744443
3002724
2635900
2995505
4124483
2843516
2718036
3719659
3360504
3049156
2694143
2673719
2818620
3006804
2990301
3016240
3082634
2940841
2947228
2919075
2710826
2715549
3076618
3161341
2450432
2912697
2895613
2806689
3545401
3012630
2736675
3592896
3396449
2731521
2788771
2617542
2875931
2927516
2969868
2914231
2821197
3100501
3893305
2875118
2832947
3068336
2971602
3695716
2936630
2612609
2601579
3463776
2574328
3471035
3504022
2717654
3601448
3156709
2557945
2867338
2857612
3010936
2519905
2968233
2891743
2971261
2773280
2850764
3240279
3712370
3341063
3391577
2963821
2668695
2708350
2844327
3097513
2783367
2595825
2691135
2860701
3265856
3355251
2812163
2788591
2781472
2838954
2919836
2872261
2542744
2485423
2888654
3595763
2591342
2812584
2542514
2970028
2788230
3180932
2853462
2936300
2967010
3095277
2648131
2935678
3043050
2990421
3718787
2986230
3079677
2725916
3134250
3323849
3032532
3493043
3078092
3393451
3161782
2828536
2626885
3191750
3446550
3116022
3257784
3274097
3228969
2749719
2649235
3024221
4039289
2911364
2871960
3508142
2831434
2723229
2857252
2606222
2588766
2977076
2971161
3065679
3090966
3355481
3032331
3344262
3372386
3053728
3251989
3788600
3249693
4189183
3532918
3257163
3322484
3290090
2753148
3114568
2914823
3519342
3291493
2838462
2965396
3736192
3409273
2857803
3131363
3692868
2740725
2895723
3261204
2956222
3545430
3413564
3262336
3657385
3351070
2698073
2882970
2706876
3293599
3279883
3051341
2802237
2768388
3659922
2686222
2903944
2782485
2899032
3699967
3233380
2922353
3586449
3615886
2989981
3792741
3404290
3061769
3150252
3116253
3207011
3546644
3723410
3124205
3186028
3308469
3466865
3102989
3013945
2805879
3460478
3242576
2597763
3587502
3373540
3493906
3325965
2938948
2813940
3824996
2705254
2918755
2986553
2664488
2991256
3067987
2565067
2651644
2878139
2873086
3317754
3212386
2826663
3031231
3493766
2687929
2819816
3056157
3154474
2726781
3131424
2799854
2699710
3016322
2649077
2800966
2623941
3428595
3389371
3169795
2812416
3150524
2813670
2933565
2945054
3012471
3072840
2722009
2685513
2468413
2741941
2619870
3980684
2912580
2775128
3085784
3238244
3201258
2713757
2778096
3498748
3460508
2795301
2869335
3327067
2540682
2940804
2712383
2674243
3189276
3549723
3160671
2951843
3200064
2726570
3272273
2751536
3125439
2900237
2631641
2508047
2703209
3185847
2808114
2745009
3119984
2758273
2933865
2989582
3333074
2655885
2681733
3449569
3362561
3274901
2740667
3298071
3167409
2807062
2826464
2915717
2603106
2694056
2864413
2693865
3100543
2494301
2848220
2667024
2964556
2913081
2759467
2628663
2947109
2919958
3137490
3304639
2552845
3424865
3096593
3205980
2768240
2836980
2510373
2743736
3374723
3137901
2864071
3123654
3254968
3523173
3402526
2951211
2830634
3277277
3760887
2854235
3270840
2873276
3032123
3197086
2986874
2660347
2921853
3689860
2810691
3121708
3143516
2956304
3431061
2951702
2921222
3353758
3184172
2583144
2907095
3040746
2651384
3136387
2589431
2551491
2938277
3142042
2803382
3151537
2768862
3090988
3310454
2758886
2717627
2621926
2642610
2919858
3062523
2617825
3027953
2901239
2687387
3073592
2713436
3255329
3378131
3837087
2912509
2718891
2933083
2665229
2779068
2663816
2727001
2523297
2947170
3026930
3074896
3006355
2829221
2695970
2829732
2825832
2544483
2541174
2859981
3060918
2748889
3046201
3040314
2613443
3090276
3427552
3000350
2741831
3508193
2721538
2760951
2666413
2841062
3182829
3454804
2786548
3558415
3633944
2709315
3151697
3280606
2904428
2724315
2807513
2814230
3671482
3103029
3191151
2836830
3041157
2909501
2823526
2447708
2711361
2943380
3531605
3304739
3033487
3035201
3010697
3415329
2612722
3293861
3242385
2654913
2839638
2840209
3329053
2928611
2920140
2465645
2715823
3057340
3019540
2933153
2935840
2970552
2976798
3199553
3107812
2590484
2957998
3339581
2720354
2875291
2659495
2920470
3213049
2938728
2686466
2588398
3167759
3673037
3336763
3325704
3065852
3245233
3259631
3015018
3442331
4063411
3068067
2915366
2786558
3333354
2916951
3069521
3383155
3791427
3087598
3155166
3045980
2650351
3077984
2632754
3056207
2976126
3655671
2701074
3086907
3225431
2821049
2779299
3087358
2777895
2426352
2782378
2611579
3928437
2952945
3027511
2982101
2962309
2850717
2783721
2493579
3055324
3159829
2554559
3189858
2853043
3336483
3016572
2742438
2659016
3028495
3037018
2833905
2952666
3261196
2768393
2959605
3250749
2958281
2859211
2768524
3166338
3030100
2916943
3023933
2732910
2729421
2465298
3251892
3296690
3203615
2754628
2683831
2545028
2832682
2901252
3248924
3262349
3446543
3558676
2898364
3669617
3263692
3275614
3442472
3321514
3752235
3515102
3015020
2773195
3008282
3510360
3501046
3383928
3117770
3361961
3123966
2872146
2871013
2982234
3033057
2497292
2594507
2777036
3176735
3123244
2839891
2658404
2633299
2873970
2947413
2704134
2819146
2653632
2641330
3067869
2553319
2566524
2834426
2789709
3388440
2613968
2692695
2886383
2840602
3242697
2550772
2992532
2858489
2657653
3357890
2839760
2570424
2540415
2758267
2761485
3079800
2785799
2905292
3389202
2895617
2951484
3039785
2800086
2552026
3307568
3297611
2783222
3048619
2999590
2982716
3024686
2697487
2812228
3119204
2962934
2973862
2928483
2893441
2657953
3186972
2942881
2819106
2848824
3041259
2837344
3056630
2910446
2754898
4060654
2955193
3159108
3917609
3226245
3079179
2994226
2894835
3578820
2917454
2707875
3156442
3027884
3119395
2636547
2914266
2745744
2761225
3150987
3065753
2498255
2698861
2746025
3715638
3694824
2867383
2924393
2826756
2895867
3204678
2703553
2712276
2761194
3000813
3330728
3135095
2916341
2881350
3056199
3120307
2942480
2857999
2961149
3317053
3098589
3424795
2898965
2715755
3338068
3067227
2610459
2673555
3283705
3507012
3176845
2971356
3023592
3063236
3251420
2823117
2885280
3048939
3171190
3518431
3397574
3069173
2822686
3439063
3086638
3618904
3024986
3314727
3545302
2996462
2771582
2960898
2646985
2862671
2654424
2492359
2615232
2728067
2677796
3534754
2737222
3341296
3088954
3224661
3132158
2903758
3082918
3279614
3463005
3103583
3467738
3204578
3114150
3114351
2872466
2748261
2449888
2692955
2675459
3085625
2686538
2873600
2595580
2620395
2724679
2654806
2500129
3372538
4193502
2866782
2653833
2754326
2794261
2538861
2851481
2698591
2626310
3317042
3879729
3331671
3374092
2852273
3154045
3145874
3064260
3173245
3632471
2972198
3202583
2998738
3086979
2907819
3636501
2795103
3717544
2823207
2812137
2612464
3003550
3388540
3053462
2653071
2603661
3174799
3823311
3077234
3098109
3577757
3401424
2992491
3182539
3222715
2941607
2636326
2925716
2929225
4180518
3057963
2714643
2771933
2682688
3363334
3271493
3327410
3440075
3200076
3220078
3549032
3134624
3343162
3227768
3036236
3144811
3077935
3289530
2551555
3762772
3501227
3121740
3272807
3476281
3136519
2756643
3439314
3593749
2650003
2913434
3169315
3267823
3191944
3126202
3149052
3167601
3012393
2661342
2783904
3043715
2980189
2974975
3181768
3177035
2853777
2778078
3142444
3552731
3056476
3374004
3232282
3191926
3523074
3117591
3347734
3414008
2979610
3297432
2913827
2952839
3078188
2398326
2511813
3010129
3653436
3299408
3018141
2995652
2939274
2753156
3051217
3155281
3280579
2950754
2973574
2722114
2731750
2867626
3782634
2417015
3013759
3221845
3215427
2987590
2828654
3192297
3193340
2951736
3310036
3772758
3245707
3488113
3560653
3318007
2662509
3467859
2815018
2859255
3058326
2618754
2888190
2636350
3193761
2991280
2802857
2548691
2781310
2795598
3530253
3061224
3029721
2781630
3388942
2854603
2865892
2507673
2669988
3063640
3223599
2609861
2648883
3030112
2786895
2630455
3021419
2887639
2654578
2556371
2997998
3166931
2718455
2791407
2812361
2805022
3265730
3284128
3682171
3243793
2716691
3186291
3878134
2767634
3408956
3326629
3161115
3165156
2911441
2689559
4196870
3046956
2904272
2618824
2747200
2794414
3464260
3214506
2889724
2525299
2416835
2929909
3124299
2696718
2605850
3115516
3418561
3373241
3260476
2706875
3157727
3532950
3675473
2789271
2806546
3947868
3748716
3036008
3140241
3635309
3189239
3214495
2868028
2644512
3049112
2819350
2971298
3646518
2792871
3184447
2728341
2690252
3193972
2866704
2713312
3159581
3067942
3488975
3090040
3123407
2786664
3101008
2989626
2732151
2562858
2757899
2832975
3017017
3024507
2837227
2738909
2772958
2986478
3887740
3007563
2610251
3789252
3240313
2874664
3409025
2952288
3107364
2926650
2623566
3044601
3433820
2854832
2853238
2670370
2845207
2964510
3021991
3135790
2846782
3826660
3491010
3048259
2733023
2648282
3169718
3319832
2740824
2999462
3087082
2851634
2747843
3513750
3455848
3095293
2539195
2813465
4556563
3060812
3023966
2894587
3535337
3528418
3006130
2804601
3486488
3545764
2938041
2949431
3170089
3219489
2908113
2687123
2922410
3393816
3511845
3182953
3132761
2985335
3316192
2604507
2899290
3675614
3680998
2856527
2812231
2981344
3423393
3395029
2845268
3027626
3620309
3171352
3211117
2962886
3271545
3417347
2987190
2726747
3382205
3695636
2815480
2714495
3229134
2989786
2898808
3031817
2655410
2762862
3084926
2835753
2714776
2989295
2900262
2830540
2791155
2517237
2414649
2784318
2847734
3140431
3128049
2902919
2745326
2629502
2740904
3243742
2563499
2727680
3180236
3047087
3510491
2955788
3348466
3271625
3799619
3275967
2950835
3277580
3440538
2913997
3154769
3092335
3221854
3356828
3592997
2850792
2743771
2821475
3249547
2891438
3313435
3169417
2836425
3303659
2797092
3368529
3624881
3132902
2791487
2964711
2670570
3439395
2975940
3220471
2907271
2785130
2935955
3267684
3461342
3248816
3233195
3099203
3353319
3728543
3163332
3007613
3246389
4027377
3125081
3262231
2970034
3059007
2983473
3259555
2792291
2687948
3053817
3323643
2850464
3236535
2731763
2816926
3421199
3309767
2871921
3255785
3857711
2934735
3384121
2921029
3216202
3047109
3180307
3241628
3190745
3642538
2657849
2859017
2668006
2809887
3011907
2826111
2687437
2930574
3181802
2864110
3002783
2524461
2962999
2881144
3336216
2696812
3047169
3003806
3497208
3261420
3205645
2794287
2664457
2557196
2834582
2680720
2319374
2777613
3150901
2578753
3097661
2714738
2712903
2720955
3126848
2449093
2508529
2880483
3324225
2968924
3243233
3119328
2780622
2966187
2699559
2481929
2593150
2734240
2586563
2845231
2826702
3006603
2728204
2796943
2733738
2534677
2953143
2619820
3802677
2626087
2758483
3298768
3178553
3099716
3138588
3034807
3144073
3168457
2778686
3006713
2983342
2798979
2692169
2885175
2887721
3102102
2839967
2895783
2824666
3049294
2857462
2817327
3036080
2758012
2970779
2918843
2634118
2699990
3134578
3682021
3144504
3124542
2663976
2712553
2904616
2831445
2931807
2580778
3141106
3888161
2920828
2893907
3127028
2992155
3138980
2995584
3860780
3373063
2625455
2666172
2746973
3283348
3091555
3505499
2726530
3270504
3002412
3215540
2926594
3187356
2840578
2794548
2829379
2804775
2515858
2916627
3054208
2690064
2934093
2776260
2709455
2872973
3202205
3322279
3317096
3614114
2979472
3055712
2967320
4428085
3107958
3145166
2698175
2544463
2793785
3455218
3302679
3172878
3157478
3058829
3021051
2757039
2636093
2752869
4000435
3267806
3420918
3010904
3185141
3171976
2876954
2760398
3019056
3453323
3410952
3244776
3309295
2768239
3568485
3280600
3030867
2664537
2524862
2907674
2727141
3012910
2820134
2847085
3008819
2749129
2702025
2926162
2576527
2827524
2949323
3587675
3163805
3132422
3136573
3068846
3010874
2744045
2604571
2660015
3456120
2889737
2907012
2604340
2898019
3418130
2899141
2450106
3510953
3422060
3324144
3246782
3311572
3309977
3313606
2928458
3003946
3162441
3650258
2941433
3395050
3171515
3449854
3213003
3057165
3526624
2962758
3287729
2692481
2710868
3070309
2796092
2727010
3110214
2875861
2656847
3381094
2675206
2905428
2815723
3240867
2908646
2877184
2784662
2862937
3699989
3033012
3587674
3335283
2813457
3135139
3582351
3365172
3260448
3565386
2844800
2941182
2837811
2808635
2766253
2670593
2638629
3173199
3073298
3619487
2572616
2790026
2835705
3335093
2982741
2961575
2887722
2822571
3696139
3175425
2965606
2854575
2824296
3117714
2922453
3225035
2539470
2624051
3736614
3433030
2703479
2934243
3294286
3199137
3469064
3032049
3141917
3727862
2779168
2958086
2867238
2431527
3140694
3298767
3059190
3052362
3602212
2581610
2727743
2725126
3113834
2969907
3102504
2825398
2998291
2796202
3105502
2708603
2839896
3067377
3100561
3078944
2586357
2698349
2950739
3085140
2757604
2827306
2911366
2999607
3211070
2875553
2607993
2733892
3420979
2871753
2784825
2962370
2643195
3268591
3902388
3663955
2907746
2926486
4048571
2973629
2666315
2693457
2882912
3398741
2784896
2584321
2706621
3720814
2831838
2946107
2904448
3051111
3345211
2769215
2646944
2490956
2802081
3118398
3703428
3396184
3003859
2602578
2995686
2797237
2508612
2729901
3609021
3544021
3116262
3029425
2828439
2980587
3468854
3849881
3104862
3027610
2869276
3430003
3311533
2878359
3423466
2946729
2844421
2802150
2980567
3304033
3129928
3430304
3878717
2902132
2828128
2908358
3038990
3446797
2780033
2835798
3478640
2928802
2648469
3209055
2840150
3057218
3403885
3365324
2566364
2998103
3285806
2896227
2985290
2641932
3635701
3105504
3341120
2674887
2534019
2799995
3282226
2945867
2806602
2723645
2681966
2698680
2878189
2718672
2643225
2753493
2502627
3311733
2631514
2624717
2799744
2688262
3161280
3144877
3187609
3460703
3833478
2645661
3097213
2808387
2789287
3038719
3518755
2637320
2949035
3431016
2729751
3085170
2804186
2990593
3158011
2997261
2570003
3127271
3083466
3242031
2632166
2859801
3727200
2875803
2890411
2649792
2692383
2632807
2720407
2809380
3509161
2878972
2721720
3866906
3149490
2976376
2555756
2874169
3328658
3223734
2523582
2787121
2807314
2763991
3156046
2722221
2924821
2772483
2571988
3633505
2683290
2918786
2751458
3124113
2895264
2913041
2652238
2704615
2806511
2982502
3711540
3021354
3039010
3625405
3057759
3591065
3174635
2845174
2889168
2592923
4126575
3078955
2822524
2965789
3247646
3502663
3038508
3196612
3166333
3576567
3012681
2762226
2542130
3003979
2822855
2882651
2673965
2614009
2496751
2655156
3055393
2690028
2830565
2437386
2693005
3214880
3011158
2603511
2467936
3027981
3258264
3194617
3390449
2577332
3518726
2954399
3251627
3005512
2546242
2642934
2590236
2991877
2542943
2730914
2879472
2884726
3012952
2820839
2635674
2626210
2546662
3562861
2873738
3164749
3355107
3280823
3316977
3148517
3201255
3502072
3468664
2653872
2783752
2885509
3298118
3185513
3560825
3443519
3233067
3521933
3055463
3465095
3099317
3198698
3460654
3024432
3644765
3497941
2745563
3431828
2807495
3183648
2761294
3239214
3116964
2968817
3715220
3145519
2888265
2800987
2863010
2680422
2814192
2515611
2650514
3077060
3002825
2876836
3165270
3284111
3212965
2943370
2545650
2781637
3918782
2880164
2889088
2763790
3287550
3445093
3053538
3129066
3706546
3797073
3105213
2933795
3248849
3236968
2867962
2880926
3148347
2978482
3198828
2432974
2792365
2828048
3074063
3518404
2764703
3048275
2863872
3346945
3418372
2804556
2889158
3433602
3110677
3025295
2753431
2819820
3224077
3866305
3258336
3191962
3673632
3463703
3055245
2861439
3250245
3738812
2809793
2807527
2727639
3100693
3053480
2900100
2996151
2722315
3273516
3979290
2786994
2741685
2929607
3013806
2972880
2748844
2780506
2952045
2941869
3187350
3358869
3516330
3027373
3327988
3397751
2541893
3268652
3568506
2928864
3006889
3167669
2943213
2925817
2672795
2574508
2887767
3652667
2885903
3160320
2735169
2882865
3038191
3332440
3439550
3715551
3108775
2907188
2745476
2943413
3020795
2805963
2612468
2937317
3243828
2811178
2797010
2895498
2765898
2849958
3619399
2582489
2784167
2753005
3175469
2865941
2816932
3304336
3404598
3261795
2640962
2718074
3935707
3644606
3332591
3055877
2840313
2936103
2986756
2734106
2731038
3035433
4012828
3093976
2910797
3340320
3599287
3137982
2845968
3224588
4411580
3090528
2882082
2777710
2983587
2844725
3093224
2720680
3066956
2845858
3340560
2499623
2714775
2698894
2469143
2637333
2901724
2698182
2641815
2817855
3113928
3658051
2957129
2667913
2686682
2773699
3363019
3380515
2658629
2865249
2859403
3676790
2680105
3024415
3003269
3140167
2969962
2765949
2512276
3053852
2698412
3281678
3407716
3267931
2792087
2738498
2985954
2970995
2803386
3216065
3447911
3076371
2609570
3046813
2649875
2718515
3037459
2607094
2560602
2919420
3057120
2890024
3240429
3162515
2964388
2871936
2897483
2656233
2561444
2568744
2712811
2703255
3164040
3014679
2994326
2915400
2702342
2765357
3436953
2869740
2795135
3010829
2871916
2559369
3402353
3048457
2774862
2796589
2694984
2935873
2413228
2646827
2945578
2704760
3388115
2649314
2705531
2801482
2703576
2590851
2917796
2493257
2733173
2968428
2990967
2672154
3104123
3108134
2644211
2835631
3100684
2699285
2496304
2614964
3632103
3396317
3342486
2923421
3083489
3257765
3160400
3606266
2937237
2761016
3528242
3890980
3130351
3284083
3169404
3159758
2999198
3309960
3300135
3334876
3552264
3067467
2677919
2923070
2935803
2761507
2848144
2908842
3746532
3287191
2785300
3018590
2813282
3398542
3468284
3177114
2957760
3058434
3404939
2546154
3013175
2920985
2784979
3181966
3231225
2640110
2801552
3070515
2581678
2903969
2834338
2693560
2663752
4106804
2496846
2936023
2743630
2963686
2484774
2873028
3199582
2767423
2912181
2708769
2643018
2794062
3312257
2595423
2569797
2817845
2822437
2670079
3075528
3084852
2557133
2768225
2486358
3096563
2602401
2893272
2548671
2713843
2745235
3084321
2765829
2538846
2799497
3116816
3146654
3071086
2717774
2791626
2884529
2741746
2676374
2847251
2703305
3272112
3193396
3436251
2988160
3294300
3168501
2934399
3331467
3252851
3367120
2531436
3476245
3097305
2668273
2931842
2712690
2794824
3090778
3398021
2594170
3494122
2868898
3107221
3480762
2664738
2736174
2860510
2766614
2616182
2769892
2725536
3732416
2976642
2851465
2742009
2897555
3111434
2913577
2625435
2756207
3013097
3194382
3161264
2584269
2828626
2619069
2899651
2856980
3455002
2720413
2649037
2668979
3062827
2670473
2581762
3004044
3640737
3535732
3290572
3438639
3263972
3056420
2591908
3429174
3569741
3245214
3503097
3244371
2759034
2974006
3334778
2637186
3239660
3966447
3051388
3481841
2866425
2955227
2831834
3094681
3278341
2852388
3153234
2930081
2864921
2801846
3033019
2624473
2898669
2569620
2347379
2855166
2608271
3161806
3010040
2968110
2757751
2663435
3146807
2896814
3498495
3315327
3531090
2690846
2898709
3634711
2779127
2771387
2869633
2945411
2750221
3109860
2628594
2818660
2855206
2661309
2883179
2950334
2595247
2624142
2703449
3173035
3074157
3484378
2932928
3077947
2957402
3085066
2824305
2840507
3154958
3136620
2733298
2753259
2664528
3187584
3184214
2782426
2680289
2778906
4102843
3128820
2666493
2887550
2576638
2843485
2759797
2899331
2555071
3051979
2686385
2893486
2632644
2638840
2661560
2568888
3507379
2897957
2550510
2796301
2731502
3658513
2635943
3054736
2977153
2897255
2973865
3438348
2830782
2659414
3732596
2890006
3209931
2604631
2660176
2750602
2816785
2693493
2996484
2677822
2718258
2738200
2671757
2983049
2515870
2786466
2835685
2452694
3350138
2641047
2613564
2744537
2939857
3029571
2491145
2863096
2869734
2875238
3080654
2756197
2896052
2922100
3303035
2753269
2762654
2679457
3060692
2884121
2768700
2547492
2459923
2985376
3093397
2825237
2641016
2807851
2591075
2581591
2900052
2828977
2714538
3337865
3296077
2893927
2969363
2615660
2639643
2672017
3504290
2578332
2740355
3061744
3246186
2798889
2915001
3127005
2884041
2823974
2823843
2647232
2601513
2861421
2758824
3307275
2601162
2987210
3153815
3137232
3518678
2691789
2637367
2759786
2975690
3455483
3186229
3477951
2876521
3030061
3174398
2590765
3131376
3480989
3762094
2849180
3224129
3259140
2755525
3020587
3194311
2848729
2823031
3068592
3090520
2973494
3034553
3320279
3415408
2955758
2694316
3024497
3626089
3003142
3415979
3024407
2704191
3045111
3134886
2824556
3346408
3743565
2624453
3136089
3442258
3427390
3592420
3089046
2739874
3517565
3363473
3355923
3155339
3541979
3214073
3190401
2939074
2617164
2689764
2679146
3141192
2996855
2678885
2553287
2640635
2753861
2569720
2875038
3298543
3847025
3269598
3244763
3170329
2861441
3181477
3395295
3030834
3276124
2799800
3279102
3123376
2801124
2623220
2499286
3283323
3495457
2708944
3116297
2941270
3390273
2677361
2920596
2913367
2842783
2777382
2672739
2561378
2582594
2707510
3180846
3257736
3035205
2719832
2872540
2657419
2537556
2860409
3537186
3342217
3109028
3142406
2667445
2801916
2847799
2593597
3972473
3025533
2796235
2713028
2974340
2632387
2895945
2754506
2960172
3150319
2798992
2503632
3172055
3084105
3875350
2843839
3274312
3281139
3644056
3027107
2534773
2991093
2896125
3028210
2739617
2975713
2858066
3159161
2976555
2651407
2674377
3024771
2672712
3397985
2820428
3237937
2852782
2995805
2945154
2861244
2932179
2590328
3967781
3256576
3044984
2994462
3057997
3143581
2672141
3161317
2864182
3248735
2772984
2936601
2844691
2952703
3390756
2788054
2667128
2868824
3038767
2681074
2884224
2716476
3355122
2877948
3332594
2770498
3032401
2666296
3090061
2510719
2701738
2501516
2427192
2484241
2662557
3001049
2724828
2576582
2666747
3367104
2572611
3218296
2964002
3260255
3237566
3002462
3126056
2826373
3033785
3668962
2857705
2914574
3091124
3007596
3046327
2383829
2655638
2777325
2994782
2621468
3072665
3115407
3002082
3903384
3338359
2762246
2652069
3550894
2704365
2790701
2656019
3087004
2751388
3005561
2675851
3117032
3061096
3854836
2972113
3469591
3822752
3375014
3743456
3257829
2715073
3294114
3587068
3894490
2826102
3011717
4119526
3432795
3517125
4619993
5141894
3948290
4316120
4442138
3807843
4729127
4094993
4636896
3959259
3489112
4232160
5772840
4543674
5703509
4507388
4207486
5133773
9564020
5727963
27072125
9533441
4890919
5141222
7550307
5482803
13260132
12673412
4764540
7005436
5780731
14254106
14994547
16886413
4839676
20344103
12074018
17288602
4842493
3394165
3972985
3062430
5450048
9434793
21688851
6743843
12115487
5497943
5989385
5668838
6130393
7632592
4243802
9327223
12717708
5349275
10366845
6145161
9094254
3933471
4839294
8216686
5257956
9337820
5101960
8813622
11635264
5647162
5133743
7132798
11392029
7261503
4213462
5599297
5455954
5269447
5571455
5379564
5645089
5834256
5288494
7305441
6591200
6700965
4652106
4626419
4794025
8267177
5258145
6150622
8285766
5929745
8477977
5629573
5296395
5817693
5475612
4990728
11102758
5947031
12888443
5967794
5291050
5933385
5615416
5274388
6767398
4413875
4176877
4095143
4487566
4011245
5269975
4094492
3720938
4798246
4450490
3938546
3177021
4980411
4296960
3450053
5451218
4759625
4828716
5676034
3964513
4233495
5800569
4075413
3971341
3667228
4447081
4395136
3614622
4044110
3727756
3341278
3562235
3692795
3518962
3156327
3569855
3750776
3536899
3094285
3364790
3240165
3620447
3448508
3485354
4618668
4400430
4627501
3021856
3689667
3488262
3684283
4051760
3661103
6014366
4187906
3753153
3875812
4554040
4564798
4062418
3940581
3705348
3832529
4138196
3516386
3814031
4385851
3326009
3788615
3848662
4129363
4039077
3359226
4160995
3338392
4471023
4418687
3413497
3356238
3495240
3792786
3455827
3562515
4197139
3224434
2921595
3248356
3237648
3528577
3246853
2781881
3962026
3370646
3734784
3320223
3862377
3242491
3146431
3218057
3023651
5143927
2716370
3465893
3502569
3259175
3390206
3843508
4283144
3790058
3484392
2979195
4181299
3327934
3598008
3477423
4171914
4773361
3403842
2991086
4186872
3475328
3351064
2837255
3523454
3863008
3150933
3505698
3102858
4395537
3606360
3686498
3306658
3274284
2936483
3000691
2782563
3251325
3519002
2631839
2579102
3186586
3124073
3175878
2892118
2992510
2966121
2978984
3262864
3049278
7682674
8903436
6671969
4970646
3667198
3030439
4226205
4201411
3280470
3035422
3628688
3378817
3051794
3573454
3397595
3745613
2914858
3489986
3083447
3480151
3700826
3763911
3145639
3348728
3096189
3478336
2878132
3572702
3181663
3797327
3530252
3284531
3417317
2896770
2941206
3238641
3481114
3505737
2748274
3472370
3328044
3127973
3458394
3090155
3223502
2871053
3771019
3456839
3767169
3253470
3408373
3025896
3061981
3210678
3142381
2846950
3194656
3433539
3276390
2979977
3037667
2925826
2867053
2724591
3819986
2963925
2914507
3852992
2745175
3318449
2952596
3365613
3685025
3253008
3449684
3732771
2754092
2902549
3353122
3222332
3825010
3084753
3388614
3238734
3499162
3861636
3836321
2903401
3334313
3365414
3890732
3208656
3233600
3647128
3757305
4049526
3378478
2878667
3498360
3524388
3471320
3009286
3936742
2968300
3034432
3294027
3356250
3115613
2712374
3759340
3889759
3977588
3145140
2912996
3067207
3021438
3888797
3392535
2749821
3120155
3738194
3321389
3105798
3134262
3530234
3624087
3867642
2799370
3442896
3779282
3339015
3210170
3001687
2778696
2768139
3754237
3494179
3666138
3132086
3543036
3639818
3648371
3801470
3277285
3205087
2759235
3219264
3564462
3398470
3673506
3832400
3864403
3579552
3705510
3377987
3700937
3461223
3330503
3253332
3507233
3826645
3648842
3796647
3519986
3455278
3757765
3999195
3053522
3320567
3155277
3973667
3127143
3099141
3116225
3320166
3422312
3624519
3279550
3321390
4251000
3977348
4650851
3091761
2850773
3116405
2889866
3087921
3712217
3279901
3856814
3668273
3103934
3066094
2984502
3223705
2943947
3410832
2800082
2931574
3148459
2995460
3218402
4351612
3004915
3292253
4049376
3718604
3046092
3651519
3056279
2919944
3393757
3155818
3118601
3925141
3713721
3073454
3053352
3429350
3081525
2862484
3334895
3997570
3805290
2920014
3432719
3148860
3698882
3036217
2938181
2679318
3590630
3244018
2913778
3019493
3149933
3310952
3030933
3971944
3384925
3313619
3108756
3350726
4080276
3141220
3334584
3455839
2910199
2953231
3094248
3312486
3347467
3348089
3451669
3265503
2822310
3036568
3618362
3205337
3680244
2941540
2983830
3148479
3084883
3267439
3969066
3005035
3740491
3150334
3140247
4209171
3457002
3281135
3417871
3547829
3239285
3420236
3343396
3640901
3807525
4287766
3380724
3169414
3864464
3863622
4466361
2967056
2996232
3061232
2994438
3226131
2918169
3416316
3365604
3027805
2734230
3250365
2663416
3155407
3109858
3158605
2843725
2924887
3804197
3553203
3088553
3524729
3799704
2669382
2807331
3030803
2884953
2967187
3113328
3039034
3056248
3006770
2759005
3174326
2982287
3170647
2926542
3533672
4058228
3341893
3471099
3144458
3012595
2658603
2930331
3721621
3922023
3553233
3652452
3562648
3494560
3608988
3129149
2717116
2521948
3622543
3568463
3831067
3687252
3111543
3164581
2929047
3265875
3320207
3761516
3621671
3152489
3887654
3019453
3122000
4065979
3455479
3041259
3115995
4089500
3391742
3341903
3395342
3163538
3396245
2925448
3386068
2952930
2952308
3419986
3387522
2990718
2820535
2870461
2705018
2741914
3098402
2687633
2777918
3424821
3451531
2866459
3115897
2978189
2476042
2642947
2688295
2671451
2749454
3115476
3084264
3037824
2686400
2635307
3142827
4167173
3215957
3481819
3471844
3054768
3112458
3061466
2623847
3036741
3110213
2934405
3680376
3520610
4626417
3359571
2981678
2847228
2704677
3434997
2804016
2866027
2982590
3942939
3217421
2813110
2998492
3105390
3117982
3078670
3076756
3263351
3006353
2811054
3089017
3109480
3199725
3186230
3102141
2964403
2992777
3401350
2984616
2738696
2968544
2941152
3178901
3835218
3013721
3197329
2874128
3059801
3476295
3271552
2869165
3249666
3514785
3595244
2816719
3065245
3295734
3154357
3143740
4019589
2990421
3376646
3321321
3604508
2966909
2757044
3025532
2593689
3021060
3618966
3188526
2852141
3127748
2752552
3623438
2890100
3592197
3603807
3676536
3336511
3222094
3080746
3322785
3847651
3037773
2622384
3240060
3018243
3133673
3701601
3000597
2815746
2628820
2880956
2708918
3024770
2467761
2995253
3060012
3283323
3409561
3173758
2738826
2589096
3435368
3997621
2936189
2879762
2616939
2859049
3123096
3280565
2652822
3324079
3091684
3331448
3715317
3873538
2917311
3054096
3147760
2732119
3344041
3335117
2779442
2864443
3806403
3547650
3128841
2920979
3131377
4182612
3090912
3378520
3321391
2787853
2758818
3045463
2777747
3398152
3190020
3106793
3534917
3218885
3345043
3146005
3436131
2722113
3075161
2870077
3915357
3668605
3880958
3106181
3435057
3450438
2909771
3144983
3319376
2605168
3380375
3007635
3351932
3982101
4245446
3031317
3326505
3039749
3025221
3361205
3608709
3082751
3069436
3395224
3659641
3489890
2987573
3615257
3027898
2775300
2828890
2829913
3289128
3559812
3435569
3184135
2677797
3127678
3613111
3867242
3281277
3148933
3083974
3032369
3360433
3044471
3056923
3208237
3581528
3681268
3242266
3186902
3052923
3460083
4023328
3639529
3708479
3120369
2877426
3035397
3300367
2775612
3449404
3409150
3113752
2910012
3112729
3640492
3176405
2974018
3121722
3839159
4115207
2966157
3267221
3178891
3360233
3181889
2957865
3353115
3149054
3123507
3091895
2938305
3440522
3065336
2536520
3371322
2871130
2956011
3350277
3348642
2987403
2879301
3163992
3106433
3806013
2755529
2992526
3167612
3489659
2523936
2783061
3059871
2801098
2521240
2459479
3529554
2816217
3323377
3333714
2852682
2916378
2966248
3377197
3173126
3322515
2987593
2908217
3063581
3491384
3742978
4005121
3420489
3534877
2623055
2670599
2849443
4301331
4729325
3866912
3444653
3679363
3887986
2936119
3894402
3318665
3240060
3258377
3519183
3378684
2746379
2586393
3166130
3427379
3025866
3433546
3141045
2886684
3020994
3110667
3016091
3000269
3183485
3960505
3594184
2885160
3869238
3104631
3773871
3201132
3452095
3240684
3180397
3543682
3254791
3230348
2790274
2537647
2843502
2726277
3250089
3546851
2836323
2889591
2741105
2870311
2943271
3148123
3794855
2696530
2897572
3587436
3110757
3509914
3424622
3227791
3314978
3117996
2931972
3157559
3085872
2817826
3206415
2844415
3115800
3609112
2911067
3207528
3084408
3057980
3115690
3366722
2568266
2598956
2505142
3244425
3261970
4068125
3442058
3290835
3651843
3329465
3064035
3375545
3913744
3915840
3193451
3484419
3918907
2991577
3148354
3194374
3164556
3412340
3902294
3202545
2928584
3279866
3479886
3506365
2923750
3229094
3134107
3847281
2974703
3189451
2691396
2675625
2988951
2941757
4306435
2937988
3148054
2744796
2862311
3211168
2736223
3020231
2682564
2849458
2748124
3424532
4031430
3272637
2857037
3004641
3355162
4792027
3210215
2969439
3111308
3317484
3809583
3109183
3321244
3358220
3484889
3448685
3149237
2897432
2695207
2727871
3098846
3602294
3603287
3531189
2936273
3488889
3312190
3851272
3280959
3184599
3063434
4212681
4140895
3119459
2895147
2971465
3210636
3323309
3504109
3556796
2848646
3114065
3453779
3113855
4203056
2998606
2948755
2839512
3214145
3461810
3881701
3148535
2953859
3072387
3042780
3123911
2927410
3715930
2884649
3119059
2821044
2945457
3199087
3289472
3647282
2982865
3260185
3109845
2959663
3131210
3900350
3131811
2945106
2930397
2904931
3602866
3485371
3374041
3326217
3723179
3462801
3762561
2989381
3115258
2700309
3583846
3106726
3339852
2663515
2827460
3003287
3049687
4820421
3422748
3144254
3506135
3183536
3357177
3972918
2691276
2818908
3268487
2975575
4456796
3177019
3398595
3331040
3237827
3261649
3440544
3242399
2878533
2634759
3173259
3186423
3769811
2863283
3318336
3218947
3070021
3326718
4032433
4195667
3137847
3201453
3069179
3791376
3192640
3068337
2950119
3721314
3365569
3718858
2987556
2851212
3276748
3007619
3675515
3373109
3072417
3114787
3843723
3465168
3110958
3758621
3071374
2866181
3371554
3030167
4000910
2789161
2544775
2741557
2696781
3102987
3144825
3097472
2794605
3005753
2864678
3026578
3934237
2894465
2818728
3112582
2960597
2992429
3305895
3918176
3357799
3521795
3316782
3587667
4233866
3368827
3186714
3427951
2893863
3185471
3029245
3350440
3133536
3432282
3196479
3869108
3323630
3175635
3402646
3310245
2897101
3278533
3101312
3434779
2748375
3666863
3267510
3239173
3589362
2877604
3491438
3503560
3097666
3228756
3424064
3512703
3548928
3075368
3421978
3572940
3963144
3984469
3289765
3767385
3673832
3246833
4298485
3536155
3059075
2858885
2923623
3061351
4367043
3057411
3406117
3090989
3328826
3065953
3064991
3757600
3086477
2627074
2918731
2701577
3552126
2519283
2899571
2912605
2905356
3082718
2949521
3423241
3024225
2810760
2814320
3120525
3125277
3309486
2720857
3585052
3452708
3625487
3158494
3147866
3048558
2965724
3199571
3802367
3851584
3340075
3308303
2780051
2749662
2690068
3514328
4104882
3061753
2925799
3235725
3978283
2991740
3953148
3205867
3214249
3084332
3331002
3230622
2767940
3421818
3415351
4398525
3145099
2812495
3431192
3216394
4157790
3388933
3511712
2675439
3065021
3230661
3454733
3847885
2979189
3351515
2862054
3125679
3114570
2963528
2547296
2782347
4202024
3069373
3700081
3062354
3301114
3094418
3217066
2997295
2978667
2956489
2995931
2983780
3272902
3943994
2899481
3131143
2914049
3044317
2768040
3000824
3029027
3238321
3130171
2806319
2936808
3245039
3070295
2535686
2832507
3020375
2722621
2578066
2800925
3155868
2798478
3002378
2946373
3245339
4175866
3993492
2862565
3342532
2987450
3690225
3372410
3659435
3138973
3187720
3764819
3131043
3253932
3878364
3289574
3199239
3414790
3386496
3555204
3392151
3103571
3042121
2922040
3034251
3253832
2989405
3756597
3289534
3308894
3691910
3167628
3234271
3540938
3488130
2820395
3264670
3224355
3047155
3177433
3020225
3404754
3552848
2894097
2843676
2828327
3583057
2862264
3147054
2759377
2715032
3907028
3437949
2699120
3510779
3188783
3101847
3281714
3313948
2645873
2747807
2724326
2410180
3122289
2820736
3684691
2977725
2835515
2747597
2724266
2969723
3150102
3681151
3723050
3205205
3218540
3214148
3361060
3446422
3353570
3338361
3296292
3130110
3626128
2791490
2431245
2798629
2683691
3503300
4813152
3318830
3543453
3287589
3781923
3492291
3083579
2829599
3150022
3840315
3538291
3875095
3677954
2849622
2959196
2904455
2981113
2737230
3270235
3415602
2573264
3018320
3338341
2926602
4639030
2744990
3716123
2952930
2740629
3551385
3215683
3250734
2978928
2947686
3530089
3068139
3752366
3198969
2989946
3271468
3353430
3778484
3126430
4454350
2943175
3190929
2861011
3598115
4357378
2837249
2896173
2666667
2885946
3096362
3165442
3205948
3104875
2789526
3180541
3068049
4028424
2944738
3237028
3349289
2990608
3079779
3343765
2818932
2632368
2848789
2668571
2667899
2668811
3083408
3284541
2722872
3017949
3004544
2849582
3379298
3358874
2567604
2581610
3132299
2886621
3085046
3146265
2702865
2732040
3240550
2948301
3269154
2836101
2929833
2851450
2637083
3403984
3350064
3360411
2656193
2793810
3462456
3187963
2757115
2949325
2688497
2673037
3215495
3085026
4093122
3790547
3365154
2798883
3348650
3332799
3246465
3212718
2589541
2837765
2983182
3105920
2893499
2932591
2822605
2770750
2678552
2746417
3585013
2732061
2762389
3159650
3865001
2889358
3574927
3013681
2771383
2635961
2878180
2645726
2868625
2982511
2645155
2446489
2700619
3015155
2561227
3393206
2723688
2542127
2763181
2778681
2709402
3273456
2768555
3149123
2837965
2904197
3110612
2683866
2708580
2551050
3248069
3238554
3095343
2825393
4367776
2817372
3137322
3575339
2984666
3863928
3062990
3161074
2704258
3237462
2716159
3730251
3245804
2918514
3085277
2868273
3540749
2876334
3558535
3403443
3248250
2913572
2882751
3966223
3777644
3130845
3065997
2853044
3135668
2920118
3185497
4488538
3158617
3404194
3295382
3198952
3169255
2987894
3207615
2592589
2756814
3355449
3108166
3581635
3276222
3154416
2691806
2930887
3559147
3690458
2837214
3092165
4175617
2768996
3995339
3381014
3334514
2977387
3419835
3134123
3398861
3823684
2788507
2743028
3238294
3054257
3553332
2963731
2998141
3314883
3175100
3438213
3775578
2827588
2878600
3157044
3328298
3402219
3348400
3565333
2647922
2836110
2642818
2726325
3052001
3021713
2503828
3328759
3101629
3485887
4215150
3341071
3132189
3408325
3528176
3329250
2737425
2948963
2718154
3125130
3465905
3486769
3566967
4528733
3358546
3167831
3540418
3549903
3779148
3032961
3395502
3545352
3498760
3468431
2807847
3117100
3055279
3335767
3022394
3143227
3198831
2736693
2714244
2910524
2848773
4314567
3444098
3258387
3521560
3457112
3604845
3450334
3585044
3197368
3461714
3029613
3975808
3619824
3254617
3094381
2885399
3550043
2975622
3036280
3623053
3305248
3134495
4531080
3037503
2766540
2947460
2924580
3341512
3415273
3937459
3356571
2999324
2664445
2999825
3315003
3370056
3247177
2743530
2828360
3568722
3069817
2897159
3157304
3256301
3530924
3332679
3085678
4770360
3270998
2881448
3197228
3619684
3198591
3073667
3475881
2564014
3253775
3140209
3969953
3266457
2591917
2841585
2726546
2588679
2830325
3173907
3102361
3102481
3142485
3010312
3871327
3196195
3117090
3466376
3234283
2870008
3007926
3714701
3160652
2678822
3327225
3136570
4020183
3150967
3091914
3340148
3020599
3090330
2893670
3309489
2832190
3010122
3076384
2900177
3240049
3605116
3797806
3049744
2872645
2944461
3450535
2870770
2853776
2963831
3488754
3404465
2838647
3023010
3499173
3752421
3540681
3510784
2886726
2983918
3125916
3235810
3058120
2773221
3156295
3837260
4014610
3778437
3181931
3257778
3981825
3179805
3413412
3557545
3152766
3174332
3300970
3806862
3695603
3035180
2597034
2888009
2911399
3666998
3136503
3783170
3143412
2952426
3619506
3080307
4386796
3106927
3283134
2882645
2750613
3266049
3607635
2850793
2981582
3293671
3240724
3655931
3189500
3406022
2840907
2745359
2747254
3933971
4147776
4033158
3156385
3594801
4014049
3142709
3649544
3467201
3175655
3215849
3207096
3190584
3329524
3414284
3635597
3148906
3009503
3399565
2758854
2983327
2984359
3429002
3025154
2725066
3387444
4009206
3730063
2887337
3109413
2801515
2593926
3315067
3252664
3444752
2748617
2663787
3055764
3392968
3425122
2859485
2965961
3040174
3088729
3219278
3275935
3612337
2803329
2927111
3677336
3290172
3331589
2737820
2562926
3044004
4041229
2932273
3402373
3176577
3265518
3685827
3374119
3318476
3168727
3063163
3114496
3366881
3546396
3683252
2775166
2663857
3164346
3161738
3940469
3323357
3430496
3339018
2886485
3226306
3426194
2967765
2759566
3183826
3056605
3161859
3078573
3339991
3550096
3001994
2999619
3766306
3157338
3095347
3734013
2774615
3682269
3335519
3124422
3905688
3242970
3097151
3579311
3031902
2714880
2795138
2868398
2758212
3361767
2938640
2696874
2769732
3044495
2993021
3036965
4349619
4163457
3215066
3135611
3607686
3245225
3745602
2755084
3085602
2740747
2996711
2783919
3155152
2947654
2536277
2814699
2987808
3112681
3601670
3441885
3445976
3239891
3205231
3103878
2886916
3619466
2633930
2898938
3499906
2888741
3019430
3003458
3112471
3479583
3536381
4015743
3376676
3536590
3044916
4161411
3503575
3616908
3151071
3765745
3144634
2881983
2777412
3704426
2871406
3024583
3138068
3344994
3655077
3324250
3009324
3528039
3415215
3122838
3573286
3411105
3986508
3131440
2994946
2727211
3105984
2970784
4173863
3353135
3026076
2779839
2982113
3058451
3582029
2945478
2866483
3255843
2794937
3186061
3106726
3146549
3185089
3136994
3581307
3335158
3022117
2861050
2747334
2904762
3084248
3051693
3237987
2928304
2641650
3401440
2976990
4178155
3204530
3363050
3185199
2911861
2976398
2847042
3420820
3345575
3470780
3093943
2855695
3209182
3409772
2907208
2694467
2519924
2929115
3159543
2931923
2714990
2779388
3405150
3048655
3494632
3455500
2885592
3342427
3146178
3416339
3695884
3366711
3106927
2909013
2713256
2695098
3154861
3014828
2921295
3286121
3143040
3121314
2868117
2955113
2633710
2731223
3504929
2904522
3424207
3054584
3156408
2887160
3862939
3589310
3373451
3200874
2599304
2977254
3250302
3184501
3857855
3739760
3117357
3352807
3716169
3392941
3651581
2897809
3269522
2616298
3528934
2843417
2570951
2949322
2770829
2441816
2758146
2661597
2749343
2979399
3054464
2946003
3593752
3094839
3118179
3751761
2770278
2559762
2452856
2617953
2842786
3456526
3046885
3081965
2983190
3611116
2822964
3091039
3581209
3665026
3163917
3097827
3248857
2925791
3087189
3256849
2735999
2659210
2806733
2563692
2779461
3541667
3502715
3379416
3206398
3006590
3533546
3231543
3096242
3027965
3555602
3424503
2585238
3461137
3499898
2991360
3806292
3797861
3312753
3317245
3208173
2929210
2672404
2721662
3190316
2990859
2892664
3228355
2976151
2619868
2968431
2715636
3193254
3150212
3106108
2936188
3024145
3357429
2975038
3074396
3660184
3638247
3404321
2740631
2630154
3358090
2923655
3171488
3039616
3480929
2932338
2802151
2780254
3289633
3589230
3063097
2621202
2784394
2857835
3091450
3213566
3603035
2639078
2874347
2950835
3470132
3431762
3612410
2806862
3089856
3119763
3436675
2837272
2693970
3586161
3255384
3430629
3289142
3780546
3325135
3013447
2976462
2865273
3047345
4035837
3413785
3294095
3079419
3511228
3745465
3407830
3051797
2737052
3570110
3545055
3127934
3272770
3198237
3104183
2873385
2981795
3220354
3107903
2970206
3142803
3266955
3418296
4450070
3265230
3371305
3158955
3439431
3503749
3233307
2999531
3249489
3030823
3439381
2979550
2959729
3945813
3312483
3085705
3111903
3488659
2590813
2845863
3316042
3124245
2950886
2894320
3290566
3134181
3842075
3259495
3594754
2533615
2888464
3243554
3760845
3156860
2880514
2815886
2877616
2965854
3623619
3113035
2850505
3766469
2724810
3164790
2843587
2614383
2934674
3115442
3268469
3392380
3529766
2927977
3421154
3343052
3126972
3004464
3145350
3253901
3251325
2808547
3582121
2760182
2825119
2890509
2423480
2755710
2953773
3647671
2924357
2926353
2907834
3387456
3624371
3192171
2660905
2797799
2988564
3082677
3011783
2653275
3567273
2857745
3038974
3813762
2960992
3078406
3412442
2866678
3658539
3023935
3319230
3125138
3075980
3661417
3012947
3162254
3499357
2909830
3496930
3068139
3128837
2882238
3465168
4119363
3024225
3284259
3661477
3104564
2939947
2740921
3246923
2975800
2885617
2788716
2835767
2733773
2630195
2528652
2854155
2875430
2745112
2677968
2695754
2816026
3049201
3333648
3427401
2838685
2682892
3194056
2768042
3048419
2709540
2706292
2669768
2697900
2626445
3372328
2892304
2753354
2584858
2485380
2582722
2570921
2608358
2822082
2771701
2552644
2658267
2853703
2906972
2677427
2489230
2756972
2677442
3117010
3362254
3004779
3248069
2995836
2872607
2679487
2812131
2886132
3345772
2743864
2610770
2811809
3085949
2974642
2768608
3938106
2771264
2826327
2629317
2896018
2896599
2649840
2516204
2858239
2785812
2869960
2628836
3243938
2769199
3386899
3168483
2947200
2527273
2659284
2795166
2792579
3070258
2843140
2693874
2446454
2435927
2732153
2576199
2853056
2745478
2654833
3047901
2957948
2921503
3116919
3194531
3620313
3643914
3379118
3165816
2671146
3109982
2932041
2730439
3039369
3018956
2608383
2771886
2758381
2897421
3002423
2832243
2674103
3094611
2944413
2742580
3245522
2752677
3168664
2577954
3187442
2924541
3398929
2921383
3608081
3126233
2914917
2768167
2869118
2569553
2942408
2762021
2725426
2770362
2521247
2892258
2673712
2722017
2657551
2751854
2909643
2417559
3358946
3167540
2765259
3141563
2922236
2733096
2891546
2615641
2693012
2697824
2702215
2716693
2718539
2953637
2674324
3424887
2761099
2673511
2729667
2830919
2862311
3021994
3031278
2953085
2674313
2920421
2901913
3363989
2490267
2882653
2681161
2621256
2658132
2935450
3623531
2972115
3697061
3009101
3140851
3468098
3108558
3019347
3208597
3513706
3141452
2659816
2521167
2568509
3119516
3199854
3510157
2981860
3555535
3266707
3019818
3044181
2534011
2664789
2642451
3805141
3207464
3136049
3191402
3223446
3098461
2925313
3097338
3327845
2767675
2889601
3336959
3341691
3016980
2988156
2708613
3190329
2936372
3121692
3353031
3109461
3225150
3462895
2757359
2833697
3390558
2712743
2847131
3834828
2989239
3173726
2768437
2940533
2978080
2848886
3397155
3459957
2968304
3322341
3327163
3107655
3256831
3162287
3324327
3220718
2746471
2987885
2951571
3033895
3207915
3291892
3074600
2831651
3192135
2781872
2692290
2697664
2686856
2965588
2829806
2966199
2795216
3364340
3106843
3232289
3106593
3440217
2794725
2955932
2877851
3046347
2387782
2579287
2826467
2351699
2902775
2594386
3002914
2901422
2797292
2748144
3129783
3025021
3081929
3524284
3160914
3072114
2866040
2700632
2626841
3189668
3140581
3365333
2649640
3037083
3404694
2641929
2637237
2610488
2961066
2704391
3471067
3317319
3377925
2896579
3359779
3191763
3267730
3122524
3203835
2884768
3035920
3100588
3066529
3344920
2861247
2850711
2566915
2588260
2604282
2629367
3024580
2672358
2830418
2550643
2542994
2730850
3504303
2545290
2905933
2872587
3027427
3064514
2982431
2521589
2841617
3030957
2975042
2992627
3122634
3325801
3336759
3527091
2925935
3141894
3060273
3403843
3170819
3158908
3199143
2924331
3124930
3385546
3177045
3202251
2919579
2876487
2761078
2832894
2620705
2657881
2798204
2936211
2466184
2626389
2782193
2828292
3763854
3640775
3031619
3102001
3329290
2838739
2764487
2533790
2918706
2624916
2584150
2566955
2776973
2673796
2666748
2852559
2895451
2566920
2622314
2473188
2811132
3054201
2865322
2585287
2980330
3123711
2660462
2842443
2862194
2602612
2577097
3105273
3732616
2924045
3465364
3189771
3072247
3529720
3573885
3229815
2771971
2801317
2612519
2515096
2903281
2918099
3074443
2721851
2695934
2769183
2825439
2681617
2919813
2520640
3371802
3318014
3061500
3393569
2998547
2724318
2643779
3171525
3530764
3367582
3227960
3243942
3467189
2995018
3220320
3167674
2688605
2506976
2650467
3121926
3171985
3051474
3152867
3677052
3162902
3016153
3337103
3272225
3438445
2854494
3060297
3592604
3013686
2981643
3261276
2912524
2974104
3190654
4181817
3105754
3394270
3111379
3425251
3246869
2872721
3321863
3105534
3235399
3576542
3074654
3152065
3331779
3383413
3260174
2829098
3354478
3235520
3310093
3411144
3179174
3419365
3292988
2645203
2598853
2746896
2985714
2911863
3273428
3296758
2939164
2883259
3130859
3419266
2746294
2981362
3066523
2912083
2958764
3241275
2957300
2722302
3104782
3321642
2920355
2955716
3490881
3189972
2811262
3431537
2829770
2758385
2965762
3144574
3181660
2901015
2681176
3343770
3120994
3327638
2873272
2891740
2816746
2880802
3049779
2923222
2727275
3068619
2839235
3034941
2936316
3223068
3195547
3311146
2857863
3176618
2709219
2465378
2691422
3397078
2925157
3365516
2661696
2822111
3207538
3337664
2867798
2690521
3061530
3276687
2906028
3279103
2748660
2669395
3394702
3976236
2812707
2796253
2760801
2993383
3386871
2993524
2925910
2981834
2789736
2940707
2665616
3218095
3045108
2805949
3213102
3598168
3488283
3584012
3285670
2743226
3459329
2841260
2960168
3414032
3211227
3288999
3032846
3255381
3024504
3118497
2868831
2912264
3024364
3042541
3242629
3480824
3110406
2914710
2761945
2983067
2845963
2873734
3179254
2694470
3143933
2832888
2973402
2854373
2516239
2823825
3165960
3086925
2641904
2796475
2620509
2523167
3175414
2783661
2534697
3044706
2645413
2849411
2819904
2712015
2480817
2429484
2680674
3272637
4228148
3497558
3107820
3053860
3030208
2650757
2797447
2943595
3372104
3261056
2974886
3220080
3057660
3076970
2788323
2528902
3336682
2897696
3316158
2760822
3023883
3398762
3771657
3586688
3391894
2826001
3076528
3774223
3107690
3342426
3174331
3051804
3423245
3042681
2916725
3388175
2906058
2812225
2778107
2812927
2869934
2814039
2771018
2780763
2713028
3105725
3567459
3172988
3416187
4023718
2882467
3155743
2962574
3267824
3731382
2924074
2692615
2624580
3352904
3273629
3334636
2549235
2418095
3046049
3146088
3863995
3150389
3032073
3094957
3468593
3135381
3245415
3033367
2692917
2691121
2694440
2702150
3146480
2568374
2579352
2629563
2951425
2726083
2963937
3324093
2889339
3047307
3436674
3738504
3034915
2856163
3093436
3527388
3085826
2594587
3384238
3209416
3098991
3151978
3046816
2764446
2933653
2501145
3107493
4156183
2934675
2838828
2692901
2916790
3358642
3159758
2772557
3106881
2900448
2859271
3586040
2702987
3189284
3264399
3062677
3046034
3515758
2870961
2491180
2589193
2845064
3009830
3059900
2705092
2973888
4199575
3002411
2932480
3024578
2801872
2974288
3126783
3323882
2769880
3681497
3130833
3133129
3518535
3389672
2628915
2850157
3449216
3231844
3654536
2893560
3301865
3141159
3189163
3393983
3181043
2777159
2829855
3345478
3509171
3105808
2630099
3087491
3160761
3283337
2856483
3000125
2931016
2520254
2797972
3334470
3238019
3027786
2802765
3014472
2643062
3111112
2922284
2799918
2949865
3149010
2945374
2906623
2655414
2727881
2807598
3344926
3709409
3803241
3201004
2663014
2816240
3256859
3540271
3593127
3288130
3346571
3034484
3624970
2754500
2704190
2844864
2953193
2759233
2719921
2495360
2948773
2886622
2881228
2910182
2548046
2394841
2501125
2560158
2976624
2723881
2882872
2733827
3119394
2890341
2949083
3359534
3308131
2842808
2997668
3033030
2927798
3112997
2812099
2959059
3177614
2703168
3082608
3249119
2812480
2893450
2993618
2792759
3039066
2530762
2623492
2756796
2546543
2879564
2906232
2748143
2484151
2638079
2669741
2603289
3166956
2779455
2453823
3700305
3210539
2892316
3632831
2774702
3085696
3519117
2796860
2933994
2504935
2584431
2636445
2784367
2832912
2761007
2635443
2467859
2619993
2754921
3182577
2641679
2799677
3016277
2584742
2735220
3135916
4001513
3045021
3333056
3322418
3014733
2990420
2594817
2928079
2707018
3156770
2747412
2994861
2784006
2752375
3660391
3283438
3294366
2579157
2704170
2819258
2849265
2850418
2691277
2633307
2511341
2573341
3250001
2732192
2595970
2620103
2617847
2689924
2612824
2579037
3099031
3431952
2978449
2805231
2875613
2974679
2926374
2879975
3022723
2737467
3364607
2879874
2764847
2776768
2654020
2751142
2865096
2892025
3058205
2936019
2580801
2816069
2585212
2553742
2920138
2910684
2590627
2648135
2441441
2494087
2890331
2866229
2747823
3000696
3138573
3054626
3161823
3057784
2872164
2650731
2446814
2764285
2751593
2848072
2663986
2550302
2626700
2899254
3151767
3640691
2970999
2604121
2601214
2614879
2961776
2996195
3654487
2988334
2780206
2709284
2825895
3287337
3071349
2446254
2519142
2916659
2612613
3039788
2551405
3122190
2672859
2920379
2911606
3087652
2802294
2385235
2770932
2546372
2872425
3065173
2561671
2610718
2781069
2836492
2701864
3022483
2834016
3207501
3411969
2944190
2872536
2710155
3423509
3009519
2837936
2871292
2829053
3917336
2468270
2480021
2985507
2939068
3010020
3019204
3130262
2663615
2918323
3194508
3008597
2994560
2813552
2764293
2919040
3310170
3377644
3193528
3364431
3005874
2857841
3564537
2631527
2956126
2579503
3294178
3108409
3001402
2511708
3334834
2807953
3007157
3139239
3696277
3653647
2757794
3505093
3439263
3176915
3009292
3325550
3224559
3221020
3471336
3030438
2781745
3068535
3508963
3816317
3161225
3058480
3411521
3009864
2806438
3075484
3893176
2800965
3155561
2930579
3236360
3873786
3200015
3563715
3284804
3223015
3472569
3483337
3215295
2833027
2550267
2568434
3086793
3143680
2876760
2919400
3381524
3653106
4125356
3366636
3270928
2984799
2911159
2781866
2910758
3448858
2809406
2983386
3322572
3673558
3706394
3309448
3412023
2632740
3292073
3315744
3412785
3519561
3148623
3230976
2921737
3029555
2911892
3291331
2879618
2985691
2613901
3771602
2647197
3328828
3535071
2919110
2814870
3222062
2812855
2957740
3271540
3805870
3203624
2977340
3161206
2975575
2978333
3357663
3016993
3038468
3143891
2861361
3053597
2830390
2450880
3470926
3200928
3250035
3207605
3038739
2999557
3143921
3020783
3777618
2668904
2986283
3190281
2787771
2880079
3169667
3139088
3191323
2855265
3083654
3132671
2755336
2777824
2409664
2980448
2740989
2780862
2776972
2847755
2899128
2572505
2799581
2922870
3685078
2987407
3194300
3492952
3087384
2679290
3163612
3417116
3037615
2717970
2765453
3105461
2696735
2549826
2985371
2744408
2868318
2976087
3014998
2625953
2823032
2777965
2959514
3126105
2764621
2954020
2797425
2902798
3013654
3078210
2775819
2875457
2869462
2632119
3175291
2475995
2585438
2727204
2814921
3077058
3113963
2616157
2599644
2824685
2627536
3131217
2880921
2727295
2719735
2961209
2861250
2787209
3051020
2656611
2490653
2983526
2626153
3158217
2789977
3404704
2895339
3169908
3299001
2602222
2591855
2519728
2910086
2728397
2746725
2511758
2786808
2952376
2845630
3270708
2834612
2762926
2758986
3610846
3532314
3168765
2623777
2888140
2793675
2796713
2753301
2967084
3167020
3015669
3073849
2647478
3149705
2923230
2844076
2787620
2812164
2945819
3365874
2948707
2899369
2763368
3003006
2628419
2793445
3175753
2987697
2836546
2991276
2958382
2867908
2917064
3405004
3063031
2969439
2559611
2590641
2719093
2754926
3393997
3414349
3156192
2872560
3094102
3131348
2972899
2786296
2635467
2742103
2674679
2755568
2869311
2937959
2792984
2603545
2519277
2966221
3276823
2739425
2519327
3311052
2689116
2541194
2722502
2832306
2698260
2929978
2953659
3100528
2887318
2759989
2818661
2694079
3015518
2609801
3425387
2656812
2425986
2365790
3577040
2706130
3027981
2560073
2707593
2459061
2353288
2793425
3147219
3064074
3062410
2607174
2799792
2831343
3062339
2791901
2852548
2696996
2941557
2689727
2812816
2707353
2590351
2691903
2585188
3178540
2851475
2838030
2706671
3479734
3100542
3156247
2705954
2883733
2729906
2460691
2748173
2928909
3230337
2701302
2810113
2751281
2661288
2687897
3039836
2728121
2530922
2546092
2836511
4307136
2641899
2721314
2645498
3717084
3046482
3560169
3160046
2919957
2880575
2846337
2585042
2540256
2948169
3012185
3368745
4251022
2561311
3016516
2436609
2827057
2700670
2652395
2611470
2849264
3300619
2802764
2938675
3513368
3086366
2858829
2999231
3053892
3434775
2513568
2799415
2707709
2496824
2760986
2834085
2748795
2893759
2586816
2851078
3045019
3028737
2594677
3333614
2977745
3141489
3032557
2629417
2789730
2590104
2726176
2852202
3189111
2880164
3491291
3259503
3020386
2718516
3265608
2510679
3024346
3314324
3046743
3489276
2883854
3125908
2887493
2920357
2773308
3226648
2816139
2584891
2540467
3162111
3245898
3280487
2649087
2888756
2857526
4478429
3353275
3012225
2783875
3082857
3519142
3227239
2838196
2540076
3093644
2759021
3197132
3134721
2958366
2654341
3207338
3373668
3247211
2805531
3153719
3336591
3433772
3044939
2708951
2668938
3006570
3082566
3076982
2629176
2800347
2702314
3533600
3899615
2915094
2755653
2993005
3287285
3049480
3229355
2853274
2934223
2815036
3157690
3095740
2902391
2433551
2407143
2675706
2809512
3446395
2726086
2834546
2925531
2539775
2816058
2703808
2860442
2633567
2575267
2841324
3015283
3386911
2722226
2780627
2657098
3064790
3050463
3162402
2743541
2551255
2749306
3033179
3350748
3433231
3288918
3053531
3175977
3101515
2796358
2720983
3079147
2849515
3438114
2887222
2468562
2985696
2662973
3062725
3910253
3167545
2532205
2686283
3198014
2828751
2873647
2664647
2971379
3332832
3054895
3127151
2821662
2961854
3335188
2954315
2981996
2570876
3339941
3342848
2961253
3010129
3273438
3296227
2996002
3363310
2856383
3177852
2819487
2817622
2724321
2832570
3045179
2675966
2658882
2828460
2782271
2816329
2638089
2838746
2988252
2940078
2798724
3056940
2418743
2694936
3305241
3451719
3138942
3185531
3110217
2896957
3202686
3122008
3038703
2967650
2930233
2894451
3274441
2937994
3192630
3279304
3097465
3323087
3108753
2898221
2694955
2603299
2937963
3680529
3143795
3403936
3035745
3059818
2739962
2937151
3304960
2826104
3022702
3514942
3191197
3383503
3760727
3360523
3387744
2906241
4025309
3481345
3296277
3143162
3258961
3228423
2982938
3047636
2920257
3249085
3021308
2647563
2495099
2918984
3705233
3043616
2715358
3118278
2511903
3272977
3280697
2825042
2920007
3010991
2650110
3135973
2950515
3053210
2503120
2861676
2581553
3115180
3385939
2916066
2990559
3345244
2837292
2908747
3050252
2889527
2490137
2728241
2643613
3185883
2903344
2625035
2695347
2787434
2991020
3270601
2611832
3430724
3544569
4633960
2541750
3181120
3001467
3422080
3269763
3340776
2574300
3435049
3397452
2636510
3206540
2946750
2845218
3383466
3329517
3165454
3179279
3038606
2926859
2938779
2814650
3065035
2950821
3326499
3109420
2997351
3383948
3745249
2917485
2682960
2972987
2552282
2811632
2979585
3225669
2548533
2939221
2890525
2790076
2739616
2415841
2887397
2892651
2756409
2503828
3032511
2963614
2543911
2683962
3056734
3012479
3010353
2407298
2792533
2633973
2679941
2688533
2658476
2882073
2603194
2578811
2951763
3254724
2793976
3032601
3261803
2848697
2897202
2525223
2701217
2766605
2803711
2792061
3039339
3074459
3318659
2714481
2490503
2687671
2837428
3967843
3941184
3336053
3106422
3240246
3344796
3012740
2837057
2932173
3380088
2494945
3140821
2983966
3287689
2956906
2516089
2779369
2992949
2701588
2607876
2454611
2648962
2869461
2764370
2758284
2834080
2489039
2380670
2952514
2731314
2738002
2547771
2962029
3038296
2583724
2647388
2855565
2859515
2757131
2416152
2911218
3096616
2612859
2687953
3052513
2646485
2836335
2901383
2735245
2533624
2623165
2659198
2738292
2934699
2578330
2628509
2855624
2883186
2940323
2655819
2855896
2800523
2738252
2787539
3249069
3131808
2836886
2442860
2659850
3082992
2654927
2654607
2864608
2669134
2843033
3011848
2625050
2550328
2857600
2680382
2697426
2672372
2864969
3325557
2913123
3138444
3377802
2996749
2531329
3005902
3070639
3193506
3009061
3176603
3145794
3263737
3230922
3705827
2952344
3119716
3274255
3097148
2811191
3094521
3298788
3547559
3407859
3189416
2946359
3767586
2848196
2959142
2722251
3360106
3385371
2854061
3658566
3099704
3373771
2751095
3502593
3563120
2954740
2710481
2919560
4194016
3350532
3295550
3533683
3116788
3268660
3417163
3266875
3104747
3048673
2981339
3598370
3544973
2920071
2873170
2867065
3393011
2880620
2516791
2843945
2994222
3429003
3186097
3458319
2880901
2470090
2371858
2933145
3068444
2719494
2962922
2924382
2745009
3285453
3011667
2840035
3289484
3740627
2953537
3866121
3389983
3431861
3060794
3602281
3142494
2776591
3711642
3479433
3459853
3058909
3634293
3072394
3389070
3925133
3100807
3246162
3539308
2959503
2996247
3380228
3007106
3264720
3391837
3651908
2789846
3179861
3044462
2977790
3016750
2980988
3229168
3094260
3469147
3644569
3661944
3140610
3013572
3117761
3820834
3148049
2952895
3270354
3169124
2928462
3691089
3987724
2976006
3198569
3616828
3700815
3050779
3213017
3344295
3052573
3634112
3781242
4148018
3203944
3437716
3574609
3192684
2927711
2748378
3447983
3771136
3289985
3445356
3455071
3104215
2770696
3072183
3208224
4479773
4152900
2859765
3421455
3039559
3278766
3505030
3204755
3125711
2873441
2775448
3794286
3410897
3108868
2975027
2921669
3566150
3374226
3019040
2704269
2777578
3184386
3321901
3140674
3507339
3413648
3635730
3398649
3267751
2731430
2649929
2976832
3190402
2742237
3419804
3265024
2967969
3180246
3535692
3411863
2962234
2967087
2695336
2810613
3107769
2860592
3011502
2778430
2903112
3286610
3000382
3295222
3111789
3178431
2967818
3457080
2892444
2471198
2775072
2585644
2998197
3259240
3043624
2858045
3210644
3082023
2681321
2707498
3080780
3514698
3089232
3124392
2878278
3285206
2627061
3204077
3335326
2885316
2644776
2670412
2653609
3209833
3608670
2962164
3538229
3002899
2759160
2885286
3088840
3092511
3886175
3339327
3221151
3258638
2838907
2872352
2786031
2988401
3196668
3633875
3190342
3539020
4071984
2964801
2736042
2699226
2968280
2777789
3793867
3021958
3028856
2872533
2822665
3812546
3710502
3201982
3282410
3351387
3347035
3161337
3196939
3276003
3508171
3764642
3359748
3014178
3068749
3242998
2672568
2797600
2963768
3014820
3757253
3738023
3571424
3220770
3203606
3197972
3162580
3024905
3397496
3318693
3171874
2927285
2920887
3451936
3669317
2904846
4099606
3082625
3420054
3053379
3554781
3438131
3141796
3263882
3171874
2804828
2825080
3649465
3326042
2967047
3443786
2823357
2785388
2760134
2901026
2875009
3276283
3566773
3863457
3601431
3087407
3628542
3463767
3061119
3175424
2966115
3087908
2938664
2921139
2997896
3099137
3036175
3287482
3008393
2815927
2744804
2811205
3161497
2847067
3423813
3729481
3364090
2917880
2920296
3001967
3336710
3457641
3417658
2955898
3483016
3250487
3753925
3437199
3155322
3288425
3651320
3148454
3726443
3213963
3200458
3283703
3080529
3108000
2872914
3207477
3138589
3223117
2887672
3131029
2935816
2638350
2800478
3064798
2665429
3183755
3468699
3235658
3094566
3166490
2928888
3584328
3393055
3433730
2689422
3025136
3328659
3707917
3921988
3830532
3451425
3338233
3597652
2930352
3202904
2947847
3241414
2805911
3458062
3292766
3085633
3174682
3073049
2825241
3142579
3857682
3606835
3903971
3131450
3099638
3189981
3544956
3210894
3076418
2970545
2868152
3135070
3507399
2825362
3623087
3690972
3281177
2776676
3001636
3191906
3130718
2806482
3031322
3959334
3202283
2923324
3214876
2979629
2702174
2708129
3733351
3655571
3128593
3537948
2970516
3371218
3438141
3236933
3658569
3585591
3295654
2916466
3004944
3023261
3020063
3005085
3176216
3153397
2965733
3080960
3155662
3625934
3091948
3117153
2981885
4073569
3150911
3369975
3026931
2737194
3157016
3438301
3647300
3510397
3220590
3175554
3484540
3488761
2965262
2628363
3156084
2741846
3060657
3425852
3243413
3194276
3505738
2971192
2880849
3358940
3045153
3292479
3070367
3417552
2934688
3705784
3096003
3343010
3015105
3412628
3042295
3092885
2816564
2884860
3095833
2744137
3400627
2904741
2710340
2816083
2808713
3000818
2826730
3002442
2884939
3107362
3473776
3051859
2667530
2793735
3074438
2975302
2779388
2964865
3220765
3034525
3355882
3394572
3894250
3326326
3161231
3641247
3025632
3483561
2712195
2866612
3474538
3093497
2605249
2742072
2922356
3037151
2610392
2890474
2885280
3006312
4173879
3793830
2910535
2965226
3623211
3131415
3693151
3286655
3206357
3089085
2842631
2998532
2821386
2747716
3008147
3131896
3026685
3453795
3108655
3090589
3518652
3153110
3184933
3354309
2958479
3165572
3349125
2872618
2935941
3120516
3305613
3057895
2671650
2873621
3327780
3342578
2886975
3139726
2971703
3094770
2669855
2860276
3027376
3261420
4129585
4005726
3427156
3337335
2808071
2863615
2598652
3101898
3670804
3195068
2707072
2672493
2792993
2760038
2851995
2749060
3112987
2696283
3191560
3366811
3040220
3235021
2804603
2855995
3084203
2651508
3206928
3665630
2931710
2971232
3826113
3351701
4132422
3266864
3083782
2919108
3126702
3573824
2845678
2991664
2683310
3165212
2950729
2655679
3658822
3770761
3037282
2860948
3487892
3054195
3424178
3370099
3455158
2642335
2617902
3129349
2638175
2741119
2637873
2820424
2966811
3347040
3565683
3157783
2980777
2858853
3821522
3439348
3058777
3788817
3555967
3099893
3190596
2980064
3106991
3054376
2931519
2708666
3140778
2729098
2971503
2781032
3052541
2730712
2864267
3120716
2948463
2760469
2907327
3521058
3392757
3175658
3368556
2969487
2739716
3005230
3484153
2968615
3262051
3083781
3131765
3195149
3664387
3440641
3883662
2874483
2742022
2635036
2569076
2655880
2793323
3475300
3100264
4060457
3226289
3006924
3479250
3780095
3054446
3170315
2969287
2681887
2607295
3436280
3160008
3115764
3196743
3307919
2842109
3392978
3015667
3020539
3512075
3181353
3232485
3374209
3296670
3005711
2788130
3545140
3174827
3840751
3354860
3121749
3148979
3514771
3015766
3304009
3026224
2793193
2824634
3634971
3648556
3025742
3337685
3571227
3403576
2820935
3150394
3051438
3122080
3245679
2881461
2565857
2925584
2892289
3004327
3332292
3332974
3238139
3225526
3164570
3714306
2973318
2578500
3172581
3637317
2854531
3450997
3226549
3551577
3659164
3418855
3176772
3251003
3758690
2813355
2872829
3498891
3628665
3491792
2952664
3053294
2693115
2629422
3712491
3630961
3175227
3209405
3340062
3152168
3441884
2809195
2695652
3156248
3147085
3049835
2792833
3124607
2957266
2983814
3530071
3419290
3066040
3612467
3510735
3304795
3071334
3344207
3443562
3024183
3241563
3227105
3238524
3293175
3324837
3228980
3388882
3599484
3274768
3268822
3458200
3815018
3009835
2707146
2716160
2910059
3015300
3161667
3425887
2893325
3241933
3444975
3041878
3410617
3763495
2817821
2706204
3248309
3226112
3316033
3287681
3397263
3216828
3442108
3494423
3458460
2793649
2731559
3290147
3178961
4020978
3178290
2844912
3115518
2939314
3403338
3415961
3635055
3546728
3371156
3764428
4227871
3978409
2771924
3881399
2833412
2827015
2690183
2646651
2858397
3604526
2852591
3347444
3228439
3326250
3887345
3053499
3044054
3232880
2850115
3244590
3354553
2586396
2977863
3079615
3325027
2737685
3302789
2928236
3172204
3271840
3095857
3142527
2983638
4046424
3722330
3197098
2963657
3021045
3403489
3019992
2864341
3414377
3546437
3234484
3463032
3263469
3381953
3693375
3200657
3060386
2812568
2889957
3162829
3308605
3287110
2828189
3229271
3073881
3703070
3293195
3604266
3249062
3201228
3347655
3133906
2957762
3255799
2919744
3484197
2719970
3198100
2903672
3014007
3500148
3192145
2675716
3013646
3445036
3130968
2793759
2739179
2746277
2740874
2713734
3423541
3320515
2499884
2561893
3194922
3520620
3053799
3545635
2682092
2723178
2909819
2959727
3034109
2651093
2832490
3031501
2632304
2911623
2888393
2803064
2763061
2912626
2483692
2803786
3040706
2681611
2962534
2682724
2881555
3594289
3091315
3834618
3217249
3070301
2681320
2838615
3234634
2564300
3233431
3511617
3625952
3236860
2923685
3295491
3102334
4091549
3668350
3268040
3309086
2652285
2785558
2588260
2774871
3900598
3384590
3161486
3230033
2869094
2800066
2989082
2852261
3425857
3273595
2998086
3505552
3465288
3494283
3654495
3225782
3817655
3456165
2854035
3726140
3428624
3198401
3215706
3083736
2856561
2986797
2987568
2990275
3055474
3196877
3055574
3095737
3047232
3003239
3057890
2690725
2851749
2919113
2769678
3604707
2470809
3057117
2723940
3348658
3305708
3500719
2723068
3079475
2911824
2911302
3054962
3227175
2637518
2928196
2912806
3881539
2936196
2884102
3057539
3084608
3361902
3164945
2811105
2996061
2924907
3483515
3073429
3067013
2975979
3409615
3051322
3103898
3213169
2957310
3068056
3125654
4154111
2869856
2810332
3006778
2785448
3521333
3094453
3229180
3057128
3364990
3054771
2852771
2847337
3489951
3187393
3242103
3258235
3417275
3360959
3137273
3436714
3214031
3359667
3303993
2919323
2896745
2927825
2671796
3131479
3751154
3275219
3245592
3055333
2981192
3679088
3554558
3235687
3397052
3077269
2914009
3009194
3404923
3073991
2868943
2975673
3305661
3368643
3313442
2744488
3257227
3216663
3058235
3348492
3402761
2757702
3017590
3509165
3373516
3226357
3021139
3138742
3825377
3254259
2610854
2965426
3882163
3504051
3109267
2924752
3362638
3264656
3237426
3320109
3031055
2866070
3330064
3432778
2944733
2871544
3188690
3514067
3275634
3244674
3001369
3155054
3189362
3132957
2820604
2789755
3251883
2899808
2820062
3357915
3450012
2663840
2687561
3412746
3511901
3022222
3368894
3204632
3157651
3276577
3000376
2620038
2939911
3259703
3277449
3376383
3330114
2968233
2765843
3252153
3934498
3278742
3093105
3443606
3332530
3683934
3393386
3227701
3682450
3478445
3293510
3011364
2973898
3580428
2971171
3566873
3059288
3226548
3239642
3056501
2907056
3213204
3408897
3433660
2804302
3084784
3175146
3127072
3273649
3467217
2953295
3311787
3416045
3033682
3438392
3955843
3354186
3096092
3474055
3858263
2746122
2853598
3390128
3476651
2765302
2758735
3386770
2842991
2889491
2762384
3462956
2975412
2976294
3093015
2887977
3137690
2455796
3424005
3154612
3303927
3192410
2792893
2794015
3330576
3175948
2648030
2813506
2952764
3407483
2755717
3021370
2821877
3155545
2633623
3101646
3674469
3626707
3457292
3188029
3275835
3140557
2805114
2887596
3246428
2953896
3231190
3143374
2986430
2916551
3399483
3028519
2771327
3433480
3346276
3010031
3019264
3008607
3264245
3626647
3161270
2694891
3208872
3233335
3298613
2810919
3077023
3019224
3284778
3823834
3116274
3323046
3189333
3051157
3324579
2861750
2821216
3476090
3258650
2917894
2778997
3195579
3275795
3520744
3241797
3340802
3214296
3222377
3551423
2612248
3079700
3404294
3160307
3402199
3076873
3453942
3626646
3245205
2969517
3027335
3352402
3557379
3187718
3511069
3081936
3208642
3888370
3127814
3169261
2935098
3326886
3866684
3435104
3410862
3491008
3366718
3099030
2775227
3122971
3508834
3520875
3152347
3525988
3710682
3144356
2895797
3064240
3011053
2768459
3318394
3486015
3201293
3375561
3067729
2997007
3065624
3584629
3547634
3198065
2794166
2699974
2688755
3185632
2740588
3180098
3931501
3646478
3537728
4491882
3132476
3589762
3644232
3612099
3719736
2954508
2984957
2924952
2775828
2903627
3312439
3039917
3293139
3004326
2971842
3150803
3258229
3377125
3462134
3024679
2940452
3373667
3528474
3547202
3122781
2886463
3050926
3132075
3342586
3009199
3109136
2947690
3235220
3553850
3303596
3317602
2909613
2902735
3033462
3200922
2895186
3435385
3321311
3005439
2919087
3469161
3515841
3909353
3028790
2725579
2954899
3227630
3302593
3156638
3559434
3181141
3421204
2852500
2724431
2969582
3330861
3635854
3111517
2949891
3556901
2909898
2723639
3015389
2891000
3015991
2927142
3339814
3454799
3297464
2950352
3175701
3258083
3721574
2771643
3537953
3754890
3021645
2721033
3416150
3121151
3117652
2793098
3155751
3170468
2872663
4070571
3374572
3430115
3284250
3372407
3392969
3675516
3197949
2905808
2969391
3067503
2908395
3506632
3094062
3640065
3701714
2850917
3273312
3029255
2977101
3253642
3016271
3033967
2977402
3460864
3153886
2810403
3403858
3109511
3947615
3715528
3129342
3160622
3138515
3244488
3263577
3038178
3379565
3355223
3468975
3072767
3331000
3475462
3702044
3028432
3388498
3414876
3538875
2691357
3028673
3147559
3541411
3220146
3052455
3208706
3614269
2957520
3246183
3009685
3556009
3243054
3142877
3498390
3350240
3605767
3352315
3250383
2636174
2844851
3206020
2618981
2934482
2971557
3493198
3689953
3372407
3115647
3066592
3090452
3286777
3102143
3339833
3752082
2999348
3408740
3570436
3506020
2894398
3466759
3066200
2727730
3383436
2873806
3356075
3268811
3569453
2628756
3205037
2719810
3097521
2806683
3154176
2979878
2668488
3037877
2723659
2835196
2893236
2988009
3178950
2764384
2698996
3994966
3363293
3037587
3365339
2725254
2816789
3489849
3624124
3659605
3524838
3233941
2856511
3598308
3579179
2884925
3114293
3038349
3113782
3031731
3100408
3174378
3362260
3338570
3097942
2948067
3061077
2926962
3391737
3194159
3341116
3336826
4017796
2984440
3532198
3137954
3084718
3119156
3727730
3359012
3173195
2944046
3172242
3458308
2987628
3390834
3781147
3455009
3176293
2815205
4092518
3393902
3168513
3102062
2758860
3526192
3097852
3156913
2554414
3022527
3271949
3669681
3309155
2948407
3032995
2998486
2845383
2745115
3311300
3721915
3052325
3689111
3119407
3023099
2993283
3050470
3316443
3181547
2778721
2715819
2739220
2665300
2762770
3125172
3490199
2715799
2784266
2837743
3425513
3449916
3067934
3377160
3577935
3515896
2944657
3112579
3545662
3521972
2780436
2711859
2943795
3130937
3647454
3028413
2823255
3430385
2809360
3370151
2872432
2829291
2909156
2944357
3976199
3565534
2918520
3422185
2920004
3232397
3225138
3224226
3171630
2885355
2649900
2781338
2564541
3022688
3164232
2801089
2656787
3058871
3134786
3096778
2909156
2612464
2516588
3230121
4002707
3770871
3297635
2966494
2898719
2548119
2517380
2465857
2596834
2858025
3294577
3327902
3051672
3066089
2583289
2964438
2703728
2928937
2681631
2719980
2820429
2711839
3108780
2955305
2959516
3015098
2886488
2661219
2782881
2940517
2740052
3005113
3111185
2900625
2746619
2711639
2625969
2596722
2611808
2799369
3051327
2914515
2802978
2625974
3498886
3008536
2797525
3070907
2855925
2649896
3120554
3060972
2635469
3198625
3800651
3280716
3006993
2523862
2777634
2722572
2644492
2754775
2840976
2697127
2934366
2714071
2618284
2838499
3171856
2696264
3501603
2959872
2532925
2786346
2983953
3023916
2957585
2775387
2717980
3235079
3382938
3327084
2533176
2814598
2854090
3317430
3583684
2928841
3205542
2968995
2981828
2555774
2849939
2932271
2698561
2768420
2944141
2875976
3011494
2778606
2765342
3048760
2646427
2858792
2792080
3301630
3175385
2876498
3694819
3505292
2971081
3113917
3117977
2926445
2877159
2766906
2961576
2797444
3111491
3272795
3104353
3259140
2671350
2708365
2976644
3414921
2773834
2833738
2889491
2939981
2880879
2957044
2690881
2635007
2516684
2771207
2803721
2604178
2817947
2682359
3071308
2879836
2721088
2719524
2733941
3067799
2766395
3000115
3119902
2829848
2631158
2626134
2734071
2964282
2557207
2665145
3110599
3675820
3141117
3224451
2969206
2647540
2431063
2509956
2996045
2803791
3949624
3778244
2875625
3393967
3385756
3568224
3488018
3241916
3350113
3468668
3441167
3341782
2833808
3782374
3374517
3600828
2990390
3103199
3263511
3364230
2779529
3355066
3517263
2988966
4757939
3539410
3110399
3581658
3194926
3416083
2789815
4457107
2845698
2810147
2862382
3095921
2686510
3136365
3211839
2890764
3083870
2884648
2822980
2775478
2783840
3176037
3097385
2826670
3026583
2894463
2743907
2996074
2931600
2584066
3535300
2983542
2937043
2589931
3207487
3499748
3742301
2999072
3304346
3071839
3430350
3051898
2686499
3327465
2998611
2789665
3042153
3100763
3357413
3182232
3020949
3049311
2770014
2934155
3309941
2849619
3102097
3324197
3178874
2952733
2688534
2814728
3435764
4019563
3322132
3712034
3663900
4024907
3757740
3469862
3094688
3391771
3723041
3910443
2902575
3552804
3461921
3338554
3527931
2938387
3125036
3171485
3160547
3192710
3015063
3308557
3568644
3288857
3062545
3424455
3033681
2880096
2895756
3351518
3068581
3608457
2760188
3402248
3209923
3642895
3083509
3291222
3709627
2946287
3037912
3012506
2794667
3135513
3233846
2950738
2992205
3114629
3411161
3122750
2841207
3984423
3324910
3758172
2996456
3236502
3457730
3089735
2962518
3208841
2973898
2875766
3047115
2881952
2777122
3604116
3067067
2902764
3007083
3596537
3518536
3768358
3441047
3245435
3179716
3767706
3184669
3073825
3106318
3572565
3260654
3524963
3499096
3180758
3291002
3082226
2780381
2999874
2734924
2872437
3745169
3286481
3223850
3103380
2700064
2902564
2787399
2799580
3060078
3166482
3587984
3841777
3082186
3501754
3621551
3114579
3021719
3087033
3090322
3065297
3104438
3095034
3173054
3357527
3257570
2998475
3101179
2774992
2840521
3978070
3142566
2760515
3023159
3093700
3176483
3339992
3292881
3138815
3149954
3081638
2790301
2700330
3650710
3882985
3267646
2738678
2860441
3104468
3600892
3330708
3483230
3469995
3076154
2737125
2921076
3104878
2761858
2916585
2886258
2963035
2714708
3038579
3474898
3199601
3272709
3049787
3062851
3078450
3173936
3066079
2843708
3468091
3560427
2818313
3180664
3401911
3138125
3935982
3035491
3187350
3582825
3196284
2919974
2563950
3189336
3087705
3052434
4606643
3707967
2937569
3453684
4177391
3303448
2972418
3627229
3469344
3258873
3343150
3174778
2850406
2980289
3116538
3641306
3608050
3354419
3073850
3153633
3096668
3072144
2798242
3050008
3517297
3243294
3410163
3235133
3524245
3156280
3649136
2946783
3238542
3267907
2943314
3400027
2975847
2786722
2907623
3318517
3201857
2783805
3191030
3075894
3214760
2861645
3037967
3091013
3236396
3498990
3740179
3557080
3176683
3181977
3013906
2828900
3661478
2964729
3076416
2821121
2849212
3617344
2992039
3159779
3223272
3355813
3110513
3263356
2620034
2745878
2682073
3382230
3161203
3125592
3169314
3153964
3366881
3535945
3983544
3213297
2977331
2704221
2716021
3243615
3441412
3045396
3085679
3362640
3519132
3427537
3784834
2740905
2992891
2850666
2813120
3194900
2540681
3174657
2689312
3101320
3121462
3226340
2792537
2730217
3178838
2857433
3175400
3351722
3262243
3132129
3722715
3829148
3138726
3512505
3677829
3009905
2652357
3542091
3635882
3364645
3599649
3474026
3155919
2931965
3208725
3064765
2771433
3344523
3541409
3534612
3295388
3334338
2889526
3385709
3592079
3520586
3180212
3646900
3091675
2936606
3051542
2968880
2654393
2505390
2908896
3383284
2702376
3352113
3313845
3344824
3354509
3293643
2612244
3146134
3078973
3194018
2854376
3059803
2995468
2924406
3507542
3389168
3009463
2893035
3009233
3086702
2942822
2932937
3285723
2998265
3316853
3384887
3409330
2706095
3330498
3341586
3982872
3383023
3212294
3023068
3104157
2878317
3292269
4490554
3531594
3184292
3106754
3116989
3420127
3339220
3412728
3338979
3021064
2685973
2706205
3507020
3072666
2832640
2628195
3167831
3006647
4105437
3254583
2671086
2905347
2781990
2750719
2637950
2978635
2945039
2837884
3287878
4371369
2901286
3203512
3392006
3190799
2930180
3366230
3915469
3754095
4231711
3612661
2989954
3682090
3580630
3437493
2816228
3161724
3139958
3160352
3576138
3285031
2835648
3547695
2894529
3018617
3295769
3216997
2844541
2938873
3665568
3329084
2762075
3601418
3298761
3267431
2882543
3015384
3226195
4015118
3775263
3405484
2996636
3090778
2634748
3129226
3366746
2898073
3435451
3563349
3613698
3282519
2906123
2964032
3317800
2771398
2755618
3509962
3357813
3833312
3605508
3382957
3034723
3178883
2898764
3970523
3149418
2859765
3498403
3474321
3164767
3442970
2917121
2721590
3123741
3599933
2620161
3141728
3035135
3228190
3042885
2921323
2622316
2526601
2546120
3053471
2815391
2822459
2924822
2698952
2958237
2761724
2699474
2999904
2688696
2735185
2495841
2822891
2820464
2784351
2528535
3221442
3462129
3362043
3430910
3265335
2957385
3184037
3484627
3303182
2503791
2996556
2631951
2961736
3103048
2925644
2734052
2532194
2700507
2891677
3079949
2950197
2877009
2559635
2651010
3499937
3636577
2930767
2873189
2771348
3555720
2767838
2678710
2712336
2951209
3577897
3301748
3296606
3213833
3345932
3139132
3182182
3322362
3095630
2922686
2962308
2836967
3049672
3483144
3108322
2582233
2750344
2602345
2801084
2897211
2775218
2670800
2747828
2575576
2610605
2951079
3305889
3274459
3338042
2953806
2902535
2508815
2528565
2571325
2787359
3642963
3127451
2674539
2732268
2826691
2699102
2681016
2536666
2880508
3002060
2538240
3005429
2806929
2832165
3021499
2600108
2518299
2900228
3531337
3014161
2916490
2908109
2956974
3480427
2704367
3432043
3135482
2976203
2477675
2678891
2759006
2630176
2864156
2843453
2693549
2862491
2958438
3414467
3443302
2884258
2995021
2957956
2697849
2595948
3250557
2915287
2677226
2655781
3063537
3208299
2870672
2911657
2977797
2919919
3369863
3080141
3128524
3209291
2965205
2707183
3186753
3082816
3440063
3150340
3274137
3129046
2817426
2841227
3010481
2702191
2801415
3161528
2778957
2497275
2912390
2618296
2794337
3211066
2804573
2628100
2968263
2720468
2965556
2950287
2584829
2530531
3079709
2871545
2844024
3105144
2917242
2681337
3023876
2790517
2682059
2893190
3224180
2622075
2701448
2992064
2566453
2697218
2693659
2983101
3110448
2883315
2954839
3042794
3095308
2683593
2635830
2449212
2830630
3246105
2494939
3182512
3367416
2750534
2609482
2850009
2873480
2667592
2681116
3174662
2552025
2695815
2785394
2828054
2539834
2947390
2720809
2734142
2980073
2645475
2592198
2883787
2785174
2776140
2571506
3166091
2751678
2777304
2718232
2986229
2599899
3668719
3316586
3401084
2973226
3198715
2913923
2844045
2637495
3021279
3370765
2963952
2869299
2704386
3193140
2995362
4087173
2684616
2890804
3088912
2873550
2776110
3070826
2656795
3343506
3285527
3100622
2687443
2889912
2890163
2974520
2827512
3151744
3331114
3304234
3367547
2921473
3043165
3045130
3287391
2989157
3000466
3384401
3690395
3026853
2693198
3999207
2950186
2994922
2960293
4443236
3128224
3119882
3284551
3814217
3319248
3777442
2961782
3182598
3118994
3161092
2877937
2709706
2847438
3698129
3702430
2884664
2910149
2915252
2782101
2933579
2652990
2483316
2821973
3096276
3922704
3188613
2744194
3500953
2873566
2921899
2774271
2897016
2876303
2816399
3264287
3130474
2865354
2805932
3815540
2881926
2712372
3024562
2560162
2494093
2539710
2719430
2720794
2886248
3297692
3439025
3474054
3706100
3786275
2966965
3378229
3438374
3497886
2731582
3189846
3791569
3316000
3241268
3373928
2825291
2733657
3615608
3030357
3565218
3153342
4268410
3094010
3156320
2982415
3094070
3954476
2896956
3644923
3118142
3969504
3822938
2471505
2624056
2767614
2501862
2665020
3098682
3082641
2930691
2712843
2550928
2858536
3686780
3064545
2995558
5031096
3114683
3094462
3491510
3137963
3290784
2900123
3304190
3043030
3113260
2642303
3074952
2737176
3099174
2776867
2950151
2872893
3248877
3388736
3055993
2979437
3022919
2935384
3348953
3389608
3947808
3607877
2753307
2927323
3563834
3086010
2788086
3350979
3148841
2748755
3035179
3335820
2676941
2787234
2881827
3702109
2700853
3516503
3263244
3307648
2937810
2837463
2856552
2651075
2953089
3355661
3118654
2780387
2818855
2814002
3527150
3341294
2947966
2996912
2769499
3540264
3057908
2845905
2994315
3218760
3188443
2577517
2910319
2827407
3286183
2952918
3019198
2758019
2556864
2638483
2615344
2551149
3015299
3170196
3331610
2913949
2688320
2714538
2818705
2994526
3803900
3173975
2850476
2981512
3425700
3376294
3880546
3161212
3218349
3109390
3610253
3335158
2798132
2985392
2878388
3062109
2975376
3174306
3224726
3044033
2871720
2722368
2796217
2780888
3170687
2557435
2895321
2760917
2625991
2769359
2993022
2959766
3437591
3243604
3213687
2808529
3111315
2774561
2714858
2998956
2741607
3384596
2895311
2773199
2910941
2635405
3054739
2867430
2991608
3028433
2462522
2699941
2591542
3419264
3193686
2489511
2661662
2913427
2709715
2863450
2611083
3699583
2956388
3129682
2864994
3047351
2700121
3074631
2906981
3051442
2865625
2938863
3024513
2543790
2700752
2707099
2839619
3275876
2641230
2809782
2401365
3340533
3258502
3333925
3291576
3146394
3194177
3051983
3403053
2911322
2942763
3328141
2841564
2548893
2785731
2530135
2777429
2679488
2872934
2801821
3379593
3068114
2704923
2774993
2636899
2650303
2667717
3882982
3167770
3124709
3273020
3002335
3290424
2970383
3066309
2885015
3223011
2903512
2537444
2591853
3267265
3867483
3231242
2863499
3015740
3045627
3561178
2569375
2635996
2896986
3483910
3036243
3961905
3324000
2972830
4347704
2850055
3260558
3261931
3393949
2836611
2863169
3394401
3489645
2973201
2726148
2811967
2805220
2739943
2504880
2649932
2504005
3355646
2995323
3269916
2597183
2706252
2784021
3150430
2728068
2976815
3414045
3524779
2976475
3148104
3071167
3073592
3082917
3128263
2780261
2987141
3056028
2915217
3438498
3055566
3070154
3666001
2991393
3428853
3644155
3315272
3037791
3411568
3288604
3400130
2835614
3072611
3597886
3181079
3302499
2879326
2890905
2935981
3331354
3051326
2962108
3127351
2708938
2798889
2622106
2702072
3548419
2769383
3053862
3283320
2923028
2843052
2647762
3209311
2868308
3251849
3190141
2803381
2599058
2866543
3268342
3008065
3246897
2992966
3019254
3424893
2858592
3312214
2710373
2525058
3100863
3006412
2952994
3038713
2769604
2560840
2836777
3011775
2677629
2849379
3488566
3054324
3248201
2964514
2761774
3532047
2941084
3214765
2972104
3079869
2623571
3389743
2665318
2502350
3155382
3495313
3877001
3140635
2920320
2771890
2685870
3426518
3189360
2906786
2994099
2956333
2679433
2820394
2568801
3401032
3277385
3044258
2548959
2753944
2703885
2668114
2938929
3516187
2969286
2611008
2651321
2687164
2495382
3111290
2743207
2980835
3622098
3346863
2810759
3022753
2729431
2590696
2507663
3059166
2856698
3711447
2797376
2764391
3024477
2872999
2916410
3129396
3324606
2887226
3065191
2630188
2825989
3449606
3264732
2769514
3016136
2912742
3105725
2679845
2781435
2724750
2676807
2997198
2553019
3361140
3105274
3055166
3389482
3113736
3238796
2749062
3158360
2863194
2837829
2731667
2549150
2804153
3117526
2605474
2837138
2788583
2675012
3057782
2725551
2519283
2728298
3004005
2624072
2538011
2953345
2628462
2762787
2967621
2694743
2778497
2850522
2813828
2822831
2820896
2692346
2814610
3016226
2993799
2583428
2711536
2889110
2739808
2766928
2994360
2992987
2876749
2723818
2548728
2379354
2640724
2438336
2574465
2477075
3310350
2690682
2765504
2909653
2539485
2531975
2606606
2800754
2553682
3240821
3006581
2701008
3035315
2633917
3249083
2417222
2656474
3026412
3004546
3200769
3281797
3160817
2612402
2598095
3517430
2900469
2628624
2982921
3516929
3464785
3304404
2825698
2997458
2806178
2528447
3854764
2899938
2773875
2889422
2932000
2865430
2956172
2986520
2761233
2594636
2645156
2949506
2674400
2864487
2780041
2737291
2681318
2756260
2672796
2642669
2597363
3720591
3079438
2773875
3336867
3472886
2794288
2922166
2775931
2740449
2877360
2714563
2435178
2780874
2704658
2660014
3115962
2492916
2679093
3088391
2935991
2831142
3308655
2809717
2630127
3595911
2796794
2820394
2597434
2602497
2612582
2749042
3068449
3361841
3301537
3554756
3289837
3130489
2684417
3020337
2953445
2778938
2709792
3267109
3028658
2644986
3160877
3365842
2576530
3292023
2953426
3182853
3262988
2766757
2705520
2955079
2767279
2627902
2576309
2913945
2982289
2746866
2957987
2896590
2870673
2829517
2733431
2666160
2780180
3165824
2633150
2573417
3054729
2724595
2999288
2765971
2989744
2702327
2467115
3183530
2766542
2796148
3570290
2993473
3064806
3061738
3123977
3200353
3305061
2532573
2906531
3231142
2874018
3261579
2807136
3242901
2675749
2746882
2576134
2656711
2820360
2953371
3180792
2696102
2478214
2682928
2596507
2924626
2625210
2735212
2942021
3416897
2971307
3116669
2839589
2869496
3472069
2948468
3232234
2765910
2676170
2639065
3664802
3182287
3432447
3081980
3126684
2857675
2860051
3049106
2992681
3316089
3003278
2893497
2805151
2800850
2667188
3326375
3128519
2915252
3052253
2816310
2459306
2702999
2523199
2908526
2599204
2913910
2852562
3538669
3317553
2715060
2624699
2937681
3048163
2913589
2806885
2912456
3103104
2806895
2714739
2423123
2647297
3247313
3008020
3652560
3232916
2735593
2666045
3121200
2670867
2743001
3211601
3433169
3259574
2688632
2979366
2900535
2996962
2895091
2914251
2851319
2850557
2942352
2510747
3167298
3041486
3637622
3629652
2833925
2992931
3131586
3140599
3295807
2901528
2997383
3574882
3604647
3431705
3368583
2860061
3010146
2960359
2849133
2881015
2939525
2577719
2621993
2737497
2824069
3206579
2668000
2638123
2916185
2795426
3240525
2940026
3120799
3382779
2986074
2845905
2997904
2685796
2706428
2436197
2394670
2753118
3483186
3246861
2868493
3147718
3007339
2627205
2735714
4549998
3756797
3261368
2956197
2525505
3082190
2626904
3146245
3430763
3421899
3073247
3074952
2852954
3280468
2747122
2523299
2943475
2551632
3309673
3097409
3488350
2826786
2596206
2625902
2640109
2866929
3610493
2897187
2760777
2888975
3039010
2950283
2558941
2641612
2778653
2935925
2976841
3022828
3141953
2908486
3170225
3267083
2730139
2969882
3061467
3096968
3411453
3040945
2843339
2996110
2828872
2997523
2896194
2683289
2710729
2902079
3162767
3139998
3433760
2786844
2544063
3211812
3390520
2801141
2878669
3300439
3556263
3103976
3000661
3114172
3198096
3094251
2870318
2726620
2932808
2904275
2538398
2804801
3075132
2728224
2676723
3496751
2826134
3090642
3441280
2492822
3123536
3588216
2721427
2918120
2764356
2932738
2963587
2712303
3165403
3182226
3374197
3332932
3041205
3186528
3369596
2512763
2589148
2852021
2727563
2886128
2998977
2844452
2866769
3303587
2987548
2973733
2691039
3333564
3204955
3035681
2824200
3412094
3260256
3002556
3122734
3468038
3165855
2739342
2453872
2787526
2884805
2545105
3062700
3049858
2824601
2574169
3165503
2819288
2609550
2957812
2818335
3077929
3449320
2800088
2873636
2649282
3452869
3278242
3046810
3104758
3185916
3179129
3579904
3258501
3180341
3217346
3373636
3299587
2950664
3173484
2918391
3266222
3214509
3310063
3085057
3139627
2779425
2996992
3333915
3094883
2966744
2593559
3283335
3230858
3806779
3167023
3391316
3374082
3033380
3484905
3691935
3005389
2922387
2781446
2834943
3486961
4121404
3240661
3161950
3284904
3313366
2826501
2999263
2686523
2819213
3088913
2820406
3072691
3442587
2863646
2938588
3424672
2874273
3070234
3286738
2653489
2505931
2906465
2951441
2903478
2728360
3492275
3308775
3401202
3073724
2825288
3126969
2861872
2511826
2943260
2400461
2724079
3308615
2585003
3302981
2881161
3372859
2951291
3510531
3167865
3247117
2437847
2697521
3155894
3011705
2623121
2859225
2585765
3808163
3267109
2961907
2689742
2694744
3098788
2449346
3337017
2896861
2618198
2835875
2642129
2537302
2947671
3463621
2825078
2783431
2768222
2805929
2987503
2764593
2992296
3273525
3344286
2604293
3044950
2837289
3032778
2999654
2554044
2525211
3492545
3259289
3315963
2938558
2711938
2643663
2930347
2564251
2487784
3105786
2836827
3293406
2569283
2458830
2825750
2465277
2926989
2532549
3226054
3027525
2605226
2727397
2753344
2856698
3392599
3174963
4228468
2854182
3343434
3066666
2740270
2803271
2864658
2748601
3489687
3778837
2882965
2705532
2942709
2678332
2685421
3529389
2997348
2866483
3576259
2732040
3050364
3225652
2807372
2794018
2629257
2801447
3175132
3360748
3031265
3126859
3206173
2650331
2917935
2822952
2865250
3505709
2595551
2650902
2785707
2989508
2764282
3017590
3108713
3682953
3107760
2738255
2761254
3173388
3610326
3440892
3498701
3270447
2997568
2603240
2799322
2716479
2818070
2579459
2754908
2719478
2664005
2942327
2503494
2621096
2916732
2764823
2830240
3004606
3284553
3620342
3120463
2889152
2947381
3137948
3446257
3300815
3423278
3110428
2737484
2782769
3215366
3377821
3147312
3374363
2942788
2782508
3163564
2979051
2743980
2945225
3084913
2899017
2795703
2942387
2622830
2530424
3012226
2650220
2646210
2704610
2634159
3155543
3678050
3405482
2950157
2488005
3030172
2691345
2691546
3175835
2881702
3166401
3716107
2844647
2934728
2597535
2838853
3074154
3568058
3120092
3062675
3416050
3273234
2616935
3011765
2728591
3365029
3236039
2697351
3057251
3052319
2814660
3073292
3448041
3422726
3095279
2838923
2794670
2854994
3115340
3460242
3481737
3027786
2864378
2611170
3110267
2746757
2745715
3018402
3210233
3839773
2935179
2828666
3010873
2954579
2476035
2809398
2902265
2694333
2689009
2997499
2551317
2842473
3042975
3106207
2888600
3283560
2990682
2783140
3342502
3403186
2837328
3316915
3023224
2806560
2829720
2529230
2701551
2688819
2514213
2748602
2873501
2815463
2955722
2647233
3047547
2832627
2855345
2581304
2805097
3419067
3262105
3076140
2812595
2868699
3072230
2981097
3304394
3011976
2642019
2514423
2771761
2871156
2780834
2730204
3493618
3391156
2978450
3264963
2872910
2824807
3096792
3371436
2998588
3233908
3357324
2943526
2945822
2735414
2843781
3312078
3376834
3364884
2869607
3301591
2764418
2710821
2714791
2757761
2765561
2556567
2587967
2810135
3225798
2458536
3491517
3601578
3211612
3236946
2910762
2635398
3021165
3402309
2912036
2704755
2896245
2890621
2574442
3018247
2638436
2635579
2764598
2848182
2553198
2749991
2780419
2485666
2906681
2914070
3207330
3057658
2676564
2481274
2626746
2492001
2430675
2684795
2745439
2910712
3075654
2667189
2644862
2350249
3189215
2616119
3254621
3429769
2761631
2809814
2736767
3885645
2792019
2679671
3288709
2875201
3007299
2900626
2760488
2856493
2753079
3054870
2803037
2943826
2606183
2782905
2445683
2509476
2770042
2649184
2987197
2773231
2530911
2940338
3092798
3600506
2757320
2831881
2822607
2827780
2871261
2505355
2913589
2540997
3116699
3608196
3369766
2704595
2848122
2937732
2871432
2463378
2503831
2792620
3202619
2996712
2895824
2767024
2634756
2921951
2968631
3293140
3051172
2866759
2827008
3130755
2959296
2775546
3056093
3218890
3125241
3155327
3460838
2851049
2861316
2825103
2688373
3272086
2977513
2966595
3155137
2803217
2790394
2849625
2785542
2681656
2724325
2589261
2549137
2576658
2981142
2712987
2958113
3013815
2685456
2711613
3139226
2543483
3120138
2856654
2727975
2492001
2721909
2698600
3114333
3081639
3054640
2719854
2727633
2883683
2610605
2424168
2672061
2545648
2760588
2778655
2697096
2636802
2722371
2667851
3044946
2518168
3623836
3144350
3047983
3102994
3599293
3415152
2827610
2681857
2584468
2709057
2683120
2554461
3257269
2611457
2630786
2739514
2680283
2642046
2792770
3028162
2581530
2805884
2873196
2890350
2471469
2790665
2494729
2767777
2578613
2599898
2657555
2574753
2706159
2946804
2646215
2949270
2777722
2747805
2665224
2739855
2907433
2824120
2896616
2530119
2810015
2848433
3126805
2649915
2790515
2784510
3218740
2881176
3431834
2701287
2490247
2475760
2741980
2708204
2576388
2564858
2904386
3029185
2829323
2996922
2602675
2912627
3076276
3551160
3742729
3018287
3052254
2823740
2624530
3013033
2929760
2753710
2802926
3147507
3108498
3179599
3218449
3010437
2722360
3292619
3365485
3012302
2885598
2941371
2981152
2950734
3336641
2643549
2552887
2934884
2612339
3307206
2880325
2676333
2646547
2891794
2681165
2530048
2806585
2462355
2698048
2684353
2440469
2663760
2502147
2503421
2715192
2635167
2936027
2736968
2671571
2521417
2769702
2748918
2585410
2574553
2728005
2466146
2704705
2861686
2972851
2409681
2711924
2563835
2628892
2924929
2734421
2925360
3273680
3102322
2913760
2482537
2937481
2646056
2916657
3292789
2746071
3011179
2664974
2660482
2849295
3431072
2586513
2575204
2824140
3132809
3019961
2847952
3090161
2681245
2621693
2949862
2526290
3059963
2682699
2666327
2654236
2837104
2907845
3084707
3000312
3029726
3120900
2760538
2980871
2519582
2636110
2770524
2524735
2691227
2789768
2561486
2974270
2832618
2552523
2524080
2549845
2879147
2943471
2446381
2732432
2816257
2871347
2958480
2679457
2666854
2636557
2586719
2922948
2608595
2462112
2937276
3074616
2676931
2820658
2557956
2922658
2526375
3344075
2698797
2923500
2763130
2666564
2842153
2742949
2656979
2581215
2550015
2539088
2971282
2975964
2921916
2519688
3028929
2714766
2947191
2672780
2590860
2590620
2964926
3076531
2778129
3030745
3078747
2955362
2811625
2511367
2691919
2475646
2938218
2665832
2658443
2679507
2435523
2524962
2670394
2518485
2654573
2441760
2499246
2655646
3014543
2573135
2699358
2706115
3460673
3274447
2685953
2501862
2546878
3045341
3411728
3115029
3181980
2810001
2856188
2975162
2613258
2622732
2822963
3187776
2946770
2936182
3168014
2802260
2866695
3603979
3069713
2459775
3427418
3015706
2987844
3093815
3075309
2753396
2774660
2742037
2930669
2579190
2605898
2837541
2627334
2558157
2988657
2720732
2666564
2919259
2988226
2960996
3011525
2801238
3046816
2839917
2644146
2537955
2869292
2689322
2782741
3642828
3141838
3702370
3580710
2878265
3091449
3162310
3065744
3159494
3062485
2824167
2919821
2868039
3636973
3059076
2776604
3177930
3450085
2700581
2980456
3328836
3078517
3429543
2913243
3016889
3231427
3143372
3072811
3537148
2883178
3015395
3185671
3081433
2959312
2804015
3404850
3001930
3190182
3017500
3115471
2728181
3148916
2849822
2614861
2791482
3579827
3124493
3381450
2804175
2897715
2985418
2976726
3169278
3107520
3390253
2922969
2939671
2885413
2681101
2931992
3479451
3234375
3537439
2940323
2913796
2776795
2970791
2504199
2540833
3200378
3160376
2839465
2606921
3132164
2757326
2470383
3133487
2725274
3010222
2583923
2573336
3455139
2980285
3466157
3263168
3197832
3418295
2778279
2869763
2906557
2986090
2698987
2473721
2744112
3396800
2693342
2963653
2672168
2926578
2991424
2890556
3598515
2951292
2698987
2826201
2745154
3121636
3172947
2498684
2589347
2668268
2706726
2728161
3053793
3222373
3079900
2713273
2582258
2744914
2687477
2633500
2431994
2810833
2458272
2881503
2702516
2859607
2491306
3558142
2939822
3242606
2717815
2763551
3073904
2787613
2809820
3285656
2701353
2817740
2889965
2673933
2401336
2850464
3134168
3034825
2884400
2491216
2707418
2641951
2636557
2831435
2949587
2861502
2603362
2911269
2738157
2705212
2931219
3488835
3156335
3121315
3377310
2908773
3592630
2832919
3240831
3104523
3475049
2827865
3015876
3208609
2766890
2861943
3016458
3315161
2669431
2681091
3136955
3296644
3144404
2940433
2856519
2810773
3017079
3273515
2744653
2931731
2744453
3327292
3534261
2987443
3249042
3109986
2947582
2991504
2861201
2934378
2882044
2778469
3204558
2638111
2649309
2787974
3581842
2487265
2541604
2776485
2643284
2677762
3011335
2697041
2604856
2525142
2508580
3006743
3068769
2870731
2625596
3036053
3104458
3297922
2894993
2481777
2722482
2546654
3162226
2802025
2566474
2895605
2920367
2806226
2882582
3025697
2681568
3028654
2887414
2757953
2643911
2702581
2706832
2715164
2843793
3465309
2528497
2648804
2616742
2950375
2820011
2577692
3201255
2679603
2570134
2623500
2783879
3118062
2698681
3322745
3024825
3418189
2857317
2853105
3782529
2991188
3130604
3546206
3178177
2991640
3258050
3241237
2785744
2701289
3116468
3790149
3115236
3140700
2780049
2931055
3162586
3135226
3326345
3007751
2606797
2634358
3089219
2711936
2476324
2890031
2980171
2814267
2564238
2967439
2696907
2612291
2857206
2669376
2559566
3354607
2687885
2746103
2855161
3328540
3342947
2880446
3401908
2943386
2597594
2766134
3067434
2681889
2997184
2640383
2805805
3668488
2872074
2673327
2917129
2782826
3482112
3100909
3456347
2891424
2995791
2768992
2481547
2988823
3106814
3066461
3440125
2753000
2925671
2917250
3139287
2588901
2786095
2475371
3383560
3298303
3258411
2775809
2783588
2923666
3074662
3148060
2585523
2808231
2966115
2883062
2743787
3051603
3396775
3103626
3396032
3326084
3000051
2901711
2831070
2708055
2979568
2638297
2547455
2645075
2719305
2669517
2773833
2833266
3102673
3504379
2982486
3124539
3448827
3414068
2964039
3566277
2923666
3127707
3100678
3144330
2883364
2938785
2917962
2865107
3341273
3031692
2879283
2585423
2922072
2856395
3771381
3250250
3076808
2677688
3913374
2955568
3319698
3157373
3033808
2830499
3068506
2858249
2672725
2847511
2538734
2781834
3026730
3074522
3028965
3187671
3168391
2711013
2615520
3606570
2898913
3110363
2795970
3010357
3435282
2410736
2865167
3054330
3050840
2872997
2997064
2739566
3100217
2709169
3168251
2821205
3252135
3352191
3128098
2906181
3445869
2585111
2956219
3230280
3442922
3230058
2912628
2833777
3326315
3260376
3545454
2715194
2853046
2640944
2745742
2775498
2999670
3456928
2717369
3189465
3079755
2933532
2610486
3105631
2803409
3282874
3037477
2732990
2720598
2517449
3122214
3055363
3177184
3030379
2832724
3215571
2976210
2623460
2997625
2908147
2930274
3246310
2939817
2710913
3484047
3148461
2784801
3225406
3192091
3313943
3070812
3079234
3171559
3159618
3107155
2873769
2970496
3194578
3108017
3400544
3445639
2932118
2547275
3116288
2947547
2894271
2627860
2940208
2733771
3020313
2928920
3781366
2932559
2705198
3163409
2962967
2765182
2883042
3035822
3504199
3173625
2866862
2751436
3657851
2970907
3245778
3313181
3162236
3287906
3329483
3333664
2970767
3108629
2753191
3746929
3597326
3105651
3412825
2934213
3272337
2996212
3635574
2840233
2856955
2854570
3234199
3433498
3077619
2903325
3571129
3080416
3141132
3068235
3347900
3540021
2888286
3352191
2938664
3521959
2610463
2768837
3134390
3385521
3423377
3116615
2728043
3306359
3237523
2795555
3366452
3234305
3128545
3210444
2745127
2812608
2704352
3078537
2772637
2984738
3027828
2660240
2895620
2775173
2836519
3236831
3459599
3000227
3444682
3114349
3140556
3509417
3272262
3067720
3253193
2943863
3176097
3026364
2934740
3130400
2983033
3038424
3316464
2980657
2781389
2911942
3064472
3079319
3091911
2699379
2715080
3336035
2950420
3502559
3171545
3137037
3284282
2935391
3079118
2814814
3496745
3023476
2973199
3142069
3436350
3514830
2811224
2625069
3486478
3124765
2672601
2998403
2733316
2721736
2815025
2589579
2759873
2498787
3388920
3301937
3079690
3020027
2983705
3155774
2690928
2520974
2728053
2774672
2683920
2521576
2809260
2771053
2774120
2941658
2800126
2697484
2515019
3053613
2771894
2564125
2951423
2764275
2869334
2948475
2730770
2914820
3114439
3311171
2844439
2715681
3182954
3100653
2838103
2621431
2876692
3163273
3210835
2777389
3174422
2968075
2657472
2840320
2588998
3314078
3549991
3215286
2732915
2987254
2870126
2773158
2955964
2566249
2780006
2782983
2591073
3269665
3502781
3118058
3482719
3078577
3087439
2899991
3104885
2821250
3435959
3149378
3107230
2996919
2827146
2583945
2438794
3098539
2910839
2629231
2984678
3253283
2666105
2636559
2683920
3241994
3420530
3118379
2471207
3137739
3381140
3465816
3264051
2775043
3361359
3331934
2987174
3476293
3346180
2796026
3051929
2586823
2532413
2471569
3307381
2988106
2327651
3485015
3549098
3160497
3222394
3061644
2741587
2775324
2875389
3358371
2450144
2710578
3337138
3377691
3310680
3013040
2878065
3082297
3112784
2776055
3037873
2714147
3516636
3594293
2779273
2827497
3475501
3037823
3345268
2938149
2816749
2763453
2925717
3098699
3084031
2774562
3168015
2866716
2863980
3029984
2831046
3153980
3363224
2761378
2698176
2618011
2768155
3699823
2684411
3136485
3183585
3425603
3136666
2491088
2740946
2460189
2662315
2532925
2984267
2620558
2565066
3289976
2905455
3297216
2903741
2574931
3028028
2551492
2903271
2730038
2726138
2976557
2853563
2635246
2703881
2549327
2791224
2846977
2916624
2664771
2922258
2613380
2814093
3190613
2694086
2605099
2571323
2664480
2693615
2541878
2882226
2758480
2682607
2557818
3143683
2591354
2832279
2603706
2609129
2743523
2848059
3062918
3066476
2831266
2989259
2754309
2658344
2926198
3355374
2965800
2762400
2850906
3027898
3297216
3231006
3054215
3249173
3020209
3084422
3348476
3132094
3640902
3570694
2727411
2726539
2716784
3508585
3894269
3456191
3372497
3648472
3064230
2717315
2823928
2857483
2787655
2703039
2815496
2722017
2681694
2904202
2552685
2606793
3022585
2779664
3368026
2801099
2952997
2905406
2929878
2781780
3033973
2681244
3425102
3254797
2763832
2956792
3123567
2592242
2771350
2856165
2410358
2656346
2942215
2829166
2895074
3020675
2858381
3181566
3238330
2662972
3021266
3194949
2830270
2698864
2769154
2826991
2592132
3571049
3128390
3017216
2996864
2919517
2777435
2708639
2904238
2998669
2937925
2614208
2652306
2951348
3134616
3505963
2902153
2788843
3110956
2660386
2767639
2987931
2744391
2686703
3205275
2681730
2699004
3161975
3359941
2960932
3016865
3167811
2579710
2822801
3068748
2874142
3732120
2855765
2791029
2616113
2647894
2428796
2567730
3009035
3497051
3536260
3011672
2736961
2929973
3111266
2662461
3005115
2852175
2842571
3048586
2577635
2542636
2679806
3497481
2873339
2671314
2704339
3052797
2837358
2928600
2993105
2672908
2533703
2770407
2699426
2564773
3311216
3052106
2766406
2874973
2786337
3058552
3219202
2882593
2659243
2810829
2607502
2722284
2735207
2918535
2692698
2678141
2644897
2650110
2565905
2570536
2378156
2330795
2466291
2541653
3311979
2903035
2650070
2475735
2589887
2344430
2610830
2400844
2787741
2454131
2878592
2772392
2972091
2746897
2773635
2869009
2435021
2553013
2648806
2686162
2622018
2763860
2624073
2799862
2730515
2777174
2524119
2862631
2858722
3330756
2759950
2450079
2556832
2842490
2674954
2794318
2971359
2658462
2843874
3778398
3719699
2984042
2620134
2552792
2607611
2976271
3290182
3045668
3097090
3197767
3096649
2959249
3178417
3280709
3109542
3494755
2880587
2660887
2593576
2694814
3119136
3635363
2785145
2979650
2887416
2832024
2965474
3104158
2681961
3153775
2938776
2934876
3006148
2976403
3101261
2765073
3053840
3084127
2657709
2716439
2521772
2743187
2545974
3072538
2882954
3382729
2802258
3412424
3664106
2979881
2987340
2602017
2589716
2503145
2736149
2892568
2603140
2391099
2504448
3120630
3090844
2782929
2881430
2954947
3049068
3035012
3298524
3386218
2569023
2498012
2888879
2937834
2857097
3376623
3107777
3164662
3015642
2771580
2688287
2531688
3207622
2924519
2888688
2758055
2818961
2500558
2508739
2779590
2596763
2738506
2923798
2797667
2710805
2724078
2796874
3093361
3294514
2937403
2658993
3111918
3062822
2970818
2906464
2716329
2863123
2691665
2940942
2446801
2506604
2709191
3583691
3163790
2943850
3061409
3030280
2805917
2857218
2927147
2824775
3476347
3297561
3024635
2975741
2825898
2653518
2779721
3392173
3139027
3474523
3803031
2903275
3460718
3027101
2689260
3274523
3316239
3387040
3596473
3453629
3030210
3137894
2981576
2612534
2948140
2729693
2813667
2785615
3116048
3193857
3075084
3012625
2583470
3073560
2951919
2805376
3248516
2930344
2961985
2535397
2598708
2843804
3050210
3812113
3239242
2966337
3280067
2760732
2704368
2890693
3101461
2781295
3245970
2657539
2707286
2898834
2828465
3619483
3147077
2969284
2531728
2775761
3023412
2948842
2678513
2803702
2996834
2766608
3021868
3093007
3257655
3175055
3119703
3139775
3600328
2933248
2516796
3087592
2676804
2549530
3103192
2999416
3400659
2834797
2957569
2932506
2906810
2964578
3061104
2860182
3128867
2941328
2579917
2693617
2590033
2393541
3212179
2668212
2627117
2920145
2958171
2730410
2574874
2506620
2891702
2622827
2925558
2975615
3406213
2689606
3536385
2940426
2746301
2912424
3164778
3043459
2815297
2775074
2786904
3437734
3011417
2906680
2861996
2720174
3074789
2955615
2893436
2854438
2644030
2699964
2996349
2810866
2525909
2845865
2573441
2567596
2801863
2746933
2757941
2853465
3112796
2807016
2877486
2618055
2718691
2719272
2886188
2696264
2695923
3003908
2598905
2701949
2577611
2714059
2642446
2702359
3448291
2806926
2850878
3538040
2772328
2915854
2707452
2610576
2714209
2961470
2865976
2984398
2754181
2625292
3153429
2693356
2698059
3206996
3095061
2991607
3072874
3067460
2955815
3245284
2567285
2747775
2910250
2987215
2599918
2735434
3377771
2743214
3037082
2639349
2666377
2997231
2888343
2784358
3066989
3212580
2888694
3124105
3068293
3425373
3635308
3098880
3131143
2837233
3092374
3261264
2884754
2708555
3396248
3474237
2906068
2754081
2969260
2920977
3898298
2733068
2884353
3156266
2941589
2646898
2605011
2489336
2755003
2612269
3268793
2823357
2931744
2818726
2624832
2779726
2904756
2507272
2465746
3086860
2806074
2689847
2545629
2844862
2449886
2894640
2965079
3018957
2553600
2449134
2764568
2633344
2602725
2666117
2613231
2763174
2896895
2756006
2627730
2614555
2583066
3078117
2695311
2702409
3287290
2417383
2819939
2873255
2670638
2697407
2638486
2635088
2642717
2681266
2628200
2531092
2501869
2454928
2725780
2565059
2682138
2611317
2641213
2500695
2659439
3058547
2607748
2676332
2625854
2916776
2732896
2777471
2909146
2493167
2663991
2890720
2639229
3871730
2925930
2701026
3418796
2901507
3263580
3054456
3069636
3050717
2769771
2507472
3115022
2956818
3648782
3273505
2626275
2794323
2927814
2748226
2636091
2802013
2775536
2814013
3273535
3380969
2955455
3368598
3545619
2797602
3232671
3242406
3115192
3348728
2934050
2912164
3147825
2763636
3394604
3088052
3278378
3448451
2760317
2817372
2581472
3268402
3348878
3391627
2812640
2883982
2853655
2771255
3321938
3195546
3229182
2870037
2792148
2712235
2911051
2940616
2620952
2790403
3608740
3102871
2868383
3112124
2861275
2628431
2731684
3055710
2584659
3180177
2789552
2453966
3025985
2591256
3023238
2909878
2628281
2931654
3471039
3508284
3069135
2837654
2646176
2683340
2646897
2678648
3047780
2594224
2492995
2637213
2837113
3109357
2657835
2998704
2934952
3023689
3075932
3399696
2991396
3059710
3435880
3249043
3478508
2796549
3102921
3382844
2881487
3109637
2960657
2908685
3278669
3034276
2930661
3058447
2805993
2716385
2915162
2937889
2655600
2881717
2653835
2993651
3226773
2960644
2596636
3573655
3330526
2649330
2932823
3131128
2789046
3369125
2679918
2905624
2891177
3377496
3452336
2927800
3111207
3277922
3112580
2910697
2963641
2834122
3413126
3347730
3227884
3613065
2980554
2631916
3107358
2744944
3516751
3273090
3106074
2671006
2866865
2952723
3460537
3077351
2975200
3145685
2940913
2842432
3042522
2648769
3092900
3099086
3022881
3122055
2902786
2768985
2807593
2814882
3286514
3245811
2968002
3197738
2942939
2950307
3393426
3156112
3065791
3543699
2696962
3280429
3204324
2899568
3056959
3031675
2979201
3157084
2867256
2648187
2932150
3190730
3277521
2829991
2737445
2723499
2947049
2977436
3177767
2967601
2904601
3357334
3548060
3159801
2861922
3056969
2991853
2735631
2726998
2710084
2797087
2967310
2473532
2627014
2531430
3169335
3100841
2470444
2630463
2657230
2719890
2749526
2407654
2960914
3127469
2378580
2692219
2553937
2641982
2923439
2603644
2608486
2593869
3212846
2761587
2707057
2651907
2521685
2414251
2951991
2898615
2735099
2611244
3234331
3059435
2607895
3011955
3921321
2674805
2976745
3081070
2814160
2870072
3192565
2795954
2562289
2679357
2554368
2744122
2723389
2909454
3019403
2544353
2921504
2800917
3433729
3312610
3498735
2943841
2844558
2905754
2930026
3647514
2860759
2655637
2597358
3014531
3064137
2536823
2806982
3033298
2870294
3805506
3128992
2648448
3031594
3189216
3092680
3333002
3212897
3238802
3289833
3246552
2976163
3374679
3398068
3200335
3599160
3115579
3202309
3065962
3147269
3238993
3367179
3172093
3188002
3106184
2786409
3071446
2653119
2987221
2661241
3270533
3063356
2770950
2651275
2826882
2845430
2880900
2893804
2781808
2687648
2867276
2826763
2460228
2766689
2717815
3170529
2651345
2989758
2595965
2906325
3058252
2882514
2847505
2567843
2616908
3471956
2875066
2751631
3530977
3368152
3168192
2853260
2847084
3731948
3260236
3087216
3190930
3007844
3068799
3121233
2807353
2733876
3299146
2864930
3402379
2801067
2934578
3193366
2980123
3218741
3724560
2975090
2745034
2892299
2828216
2795051
2930958
2870443
2822322
3982818
3204665
3337453
3094435
3529644
3300890
2711479
2632879
3107949
3085712
3342496
3182108
3158257
3378608
3107678
2551391
2880018
2815233
2768072
3176493
3040327
2890425
2860579
2970078
2716722
2809037
2632637
2855455
2775642
2892409
3050171
3102825
3001557
2493162
2824878
2740001
2621950
3185546
3323098
3142116
2873311
2913413
3012526
2872899
3102154
2917113
3183181
3243985
3266172
3080619
3103337
2546448
2584315
2847756
4205476
3669329
3331689
3092279
3043064
2902165
2773176
2700981
3078203
3021399
3440807
3237008
3016847
2710857
2936092
2577878
2463096
2703178
2801297
2666614
2491478
2757285
2886094
2854724
2711759
2974058
2585808
2860789
3044267
2822849
2811189
2794637
2782566
3474398
3739533
2955898
3093728
2888996
2795047
3374062
3056785
3019920
3045877
2840965
2937019
2881728
2771608
2905368
3068184
3296695
3248141
2812372
3074268
2940709
2829957
2888305
3189993
2907464
3084494
2696607
3055250
2695875
2614909
3122060
3133188
3211327
3088274
3114551
2864746
3135625
3012291
2501811
2619120
3655449
2688046
2401174
2464856
3233354
3385662
3043801
2622929
2930733
2600532
2449668
2501049
2664144
2582857
2748469
2730083
2757301
2698522
2657748
2900737
2682701
2866450
2898331
2551979
2511736
2440495
2823601
2573594
2623060
2659182
2964861
2489911
2624313
2727265
2849216
2525702
2855953
2992239
3844621
3294359
2922111
2838749
2569423
3026627
3521718
3250788
2818748
2604202
2830327
3964526
3085186
2870108
2778726
2950092
2765693
2944598
2723124
3216631
2635091
2645928
3185783
2819711
3043721
3008782
2792040
2982956
2990897
4522306
2935054
3002286
3013053
2866650
3024683
3103403
3036242
3419247
2975758
2705229
3040412
2842058
3341640
4092331
3313057
3434115
3282359
2867963
3323614
3358552
3069848
3154072
3363756
3605571
3029295
2739597
2873728
2647482
3159436
3330882
3196219
2773102
3264653
3377230
2930863
2831681
3330030
2706001
3319353
3040593
2651572
3056885
2851983
3344366
2913449
3574412
3007879
3136026
3051200
2656465
2897429
2801605
2566355
2933610
3123725
2890892
3065777
2695665
2674852
3696774
3215899
2652945
2956148
2801775
3461325
3319021
2882551
3008852
3264955
2861768
2585545
2615280
2411351
2929971
2644525
2457628
2470280
2750143
2689940
2589724
2870138
2701479
2566184
3100946
3278589
2760650
2854819
2757682
3259380
3174785
2819340
2441036
2731566
2922261
2622588
2874079
3048693
2704227
3132958
3704904
2844814
2808752
3169621
3204370
3333700
3058298
3249625
3484102
3135484
2800933
2900907
2765502
2826618
2999438
3318040
3287913
3287211
3295582
3151796
3079532
3174996
3043019
2784461
2817685
2838970
2633025
2773754
2898010
2651752
2646259
3531282
3170655
3185592
3073738
2678180
3143686
3362995
3016461
3037966
2973933
2952819
3142343
2905018
2915344
2914693
2728278
2547527
2899553
2883272
2754605
2629667
2862730
2597886
3386815
2842930
3220020
2992561
3172660
3137400
3106089
2766996
2768190
3732615
3283822
3374764
2879353
2813374
2956027
3001684
2770104
2973151
3206897
3003609
2469288
2486993
3053455
2732047
2668626
2789634
2832784
2835501
2644003
3046137
2857738
2583649
2966935
2573544
2475584
2615992
2682501
2934082
2972098
3245475
2866390
2897378
3026497
2709751
2567779
2884796
3045776
2974695
2539788
2612654
2649407
2482251
3018276
2986395
3646115
3046940
3167717
3167145
2643502
2620694
2770364
2902210
2812583
2751757
2762454
2689268
2825696
3168700
3055280
2532520
2770966
2938943
2493069
2774896
2961621
3074525
2969888
2982721
2588949
3607692
3023284
3255515
3508569
2840118
2642205
3065051
2793951
2980666
3012367
3014341
2801740
2830063
3131500
2737899
2649494
2765228
3054494
3021851
2885845
2718990
3518745
2917215
3402049
3366589
2737658
3073412
3074355
2941647
2824519
3077984
2972385
2622344
2691450
2847047
2625652
2715250
2897023
2633933
3245179
3167763
2748796
2508705
2959462
3302696
3608264
3180024
2642987
2672923
2893475
2759493
2473235
2854485
2898397
3042103
2699039
2710147
2516946
3237169
3033742
2713958
3106366
3196104
3183824
2671018
2854275
2503111
2862736
3026974
2628269
3102516
2774432
2598493
2821671
2740585
2446136
2378805
2488624
2739021
2755312
2678036
2697606
2889615
2757489
2733176
3156835
3188556
2934790
2879799
2911911
2880131
3035746
2842224
2680452
2546060
2660511
2962730
3026674
2725397
3010402
2798533
2930489
2743172
3007916
2852309
3359330
3253842
2556687
3040177
3591230
3412716
2935591
3133836
3291437
3706092
3224356
3115639
2915370
3107258
3071688
2598032
2725025
3478373
3356322
3064569
3431714
2740315
2959543
2881103
2856049
2934078
2737508
3390289
2943692
2845402
3038052
2957998
2429884
2853743
3085884
2973628
3136443
3339971
3406229
3167953
3310055
2551785
2963503
2708403
3187724
2825171
2761869
2935210
2852319
2944525
2995314
2482829
2812759
3495326
2970551
2852821
3032769
2726750
3330718
3687485
3091969
2762440
2732444
3077383
2856150
2945176
3036649
2607316
2894166
2865924
2736044
2723402
2603697
2778782
3217830
3166439
3409086
3058915
2745577
3109113
2741027
2769299
3025350
3489572
2851177
2760346
2626555
2957256
3132332
2717486
2858736
2575535
2739954
2697425
2952996
2933878
3166710
3009540
2561650
2863468
2867408
2445344
2535553
2549840
2790131
2713316
3444678
2991674
3493923
3336071
2681716
3397036
3219404
3651965
3018091
3041521
3071798
3268007
2971293
2863368
2740545
3198281
3721462
3469430
3293543
3549153
3611582
3043496
4147616
3169537
3034905
3257300
3300781
3212747
3325985
2829491
2985639
2973818
3189738
2754711
3015204
3136293
3076119
2962851
2504845
2588619
3057342
2905415
2814483
2993700
3116241
3159682
2941948
2690097
2505046
2997910
3050003
2815505
2688553
3181417
3002372
2955242
3125084
2882336
2968004
3082956
2891700
3094225
3386640
3228708
3035135
3129094
2709446
2782181
2750641
2889223
2497266
2432621
2501728
3306977
2676292
2541649
2547624
2875529
3035256
3547429
5645559
2941507
2829742
3265241
3265752
2983173
2807245
2918006
3002131
3164594
3273351
2711913
2925526
3132533
2738700
2799084
2876973
3175071
3564001
2770702
3299468
2800829
2701546
3007134
2917626
2783465
2936624
2657193
3475015
2984637
3169086
3041180
2914778
2577912
2839858
2572708
3270775
3395191
2582313
3088801
2812648
2858974
2759259
3207760
2535690
2933482
2961453
3189444
2579401
2834500
2788784
2801817
3287022
3668171
2940810
3126894
3295534
2769705
3603216
3225986
2834000
2855233
3057909
2542749
2637208
2664377
2853268
2700249
2782057
2618892
3119906
2596013
2824043
3018237
2771189
2547992
2926976
2620687
3259060
2790217
3087413
2646241
2755319
3044915
2890152
2854201
3268314
2910844
2925302
2798860
3046540
3135827
2769595
2732712
3490429
2789456
3131886
3144198
2638291
2585197
2775600
2671896
3313590
2931497
2894002
3896021
3007751
2570168
3258479
3163237
2848707
2936410
2756592
2737013
2975088
3022177
2573797
2924680
2785586
2995209
3192933
3212722
3680422
2920208
3183298
3207779
3133912
2593277
2851835
2870522
2647154
2821648
3149071
2523900
3030880
3336247
3053167
2818750
2956510
2740121
3236132
3002808
2630240
3239841
3025165
2615965
2772964
2977976
3268995
3403518
2632878
2702745
2828715
2720370
3099645
3174926
3018117
3198758
2552513
2936591
3190386
2578199
2828706
3255090
2661600
3043321
2789256
2635253
2990467
2920549
2792964
3257587
3926378
2860938
2856597
2987881
3211098
3116658
2721472
2599442
2925472
2517735
2858281
2818109
3046390
3343776
3167648
2741634
3032474
3074541
2444168
2663084
2964511
2666974
2952711
3612169
2871435
3166295
2668177
3205915
3449475
3165934
3644511
3153362
3025146
3275282
3096547
3357942
2923216
3404701
3179147
3017696
2649410
3473967
3561499
3470718
3501597
2855955
3515052
3093059
3134543
3328687
2551801
3256534
3117290
3714038
3527183
2823462
3505226
2958465
3280394
3419098
2704279
3307103
2772793
3178526
3428642
3389001
3053447
3052776
3131937
3407127
3171457
2845929
2983480
3035111
3190436
3548307
2925662
3549429
3646195
3544827
3410426
3019742
2860005
3044534
3604348
3268574
3129220
3233295
3244383
3540196
3461635
3143727
3338853
3160489
3526912
3227931
3170195
2911406
2947267
2979639
3001114
3037607
3226167
3034640
3488143
3478929
2927878
3013395
3026839
2965162
3212442
2572033
2956902
2855494
2543600
2811462
3538912
2624015
2876638
2686504
2704880
2733663
2614831
2715487
3147347
2518076
3316807
3773560
2760372
2803903
2930244
2768112
3011461
2852988
2599613
3035643
3085960
2777195
3883720
2680258
2818520
2759670
2476840
3173132
3280966
2574399
2909381
3200873
3038620
3069047
2706314
3050009
2644116
2723569
2805236
3183368
2869189
3109861
2635344
3051583
2957142
2789275
2818189
2958114
2824374
3097950
2896508
2612937
3048936
2958125
3228131
3064986
2780984
3748927
2710676
2929291
3600759
3015210
3400791
2684249
2760833
2796273
2919877
3005626
2667767
2782087
3058280
3062289
2632316
3191448
2848466
3265076
2942976
2581005
2741493
2713923
2866401
2624998
3425163
3454849
3008964
2783611
2821365
2899161
2642038
3030304
3019086
2961199
3065013
2658710
3165789
2763235
2623641
2948577
2554064
3152495
2906580
3396586
2883170
2807158
2983566
2752959
2727325
2870678
2941147
3211315
2993952
2548339
2483374
2707433
2645526
2442921
2879110
2663752
2831650
3688548
2886459
2648594
3174782
2668956
2678661
3006113
2940196
3116053
2937107
2911011
2933679
2524780
2716587
3122068
2782745
3554197
3168205
3057233
3334809
2821012
2636433
2507916
2557713
2699784
2592853
2427562
2667241
2825965
2740588
2774003
2753621
2387330
2507385
2523345
2778986
2956046
2720968
2578014
3110308
3983829
2989681
2703203
3093265
2955304
2752919
2914750
3274295
2976036
3298617
2830888
2888454
2611359
2867270
3327490
3313575
2822536
3231857
2788880
2817253
2773672
2729841
2446209
2961990
3305083
3270746
2921368
3246243
3326517
2947233
3186782
2749019
2730743
3190352
2935834
3377137
3282455
3127441
3016649
3167453
2517260
2923794
3426703
2882899
2946261
3225571
2913979
2794796
3316583
2802445
2714211
4135344
3344423
3258425
2955494
3360745
3218623
2584010
2779607
2814657
2870418
3224288
3234774
3122819
3045443
2952897
3146530
3111150
3277091
3533304
2711664
2556139
2848402
2501370
2509200
2547898
2725650
2937498
3007436
3103380
3109836
3284491
3004829
2460556
3233942
2749772
2583007
2981441
3049212
2721980
2797662
2763576
3452368
2859450
2708055
2489109
2834466
2536288
2869877
2913107
2920164
3907365
2917829
3214964
2895943
2704476
3113165
2466170
2745090
3264831
2712707
3140916
2614448
2809182
3019237
2789793
2532809
2676555
2888213
2566566
2379360
2824020
2924586
2682380
3327811
3550246
3055609
2990333
3182772
2805463
3073906
2729570
2599579
3343861
3418381
2670700
2985330
3543860
2576551
3249773
2948697
2744167
3125687
2749420
3131401
3191885
2976097
2632883
3292020
3067058
2943915
3476650
3259467
3364664
3222213
2887131
3204968
3090879
3006744
3375512
3000980
2844873
3128705
2792450
3315509
2909016
2923192
3018444
3239988
2644594
3029041
4520793
3067338
2764127
2807187
2956958
2729189
2634639
3043217
2845113
2610557
2813353
2926390
2797954
2874127
2584240
2543136
2569032
2942492
2713318
2893487
3298306
2909497
2869837
2802525
2657106
2648895
2953921
2535115
2976728
3213450
2925778
3031428
2774725
2726322
2973761
2831710
3014113
2722452
2698350
2967746
2783658
2802375
3158721
3360203
2922179
2972247
3075670
2676796
2520969
2912204
2870137
2640564
2713188
2840351
2834917
3152004
2571417
2493930
2864402
2522653
3565986
3295027
2784118
2751225
2493630
2441748
3028008
2923984
2772489
2668925
2688084
2820150
3923005
2966282
2504478
2619269
3243135
3173207
3604424
3326407
3139462
3695034
3093215
3037794
2925558
3002304
3156716
3061374
2757571
2977039
2726452
3733853
3108443
2680444
3597968
3206703
2973629
3473607
3928262
3001738
2630745
3239713
3209155
2642686
3047023
2845080
2646215
3119407
3172312
2945305
2777809
2812527
2950026
2936482
3058221
2694226
2880330
2848970
3370645
3174346
3170287
3049088
3097983
3072648
3268455
3137022
3530331
3043825
2881001
3097071
3059805
2865070
3118003
2881823
2532024
2673835
3021308
2962809
3802342
3295595
3207651
3221927
2731271
3269539
3509859
2826121
2651498
3491672
2492073
2517006
2594062
2638215
2442517
2360709
2407648
2386324
2696793
2770059
2814051
2782090
2443780
2741006
3180492
3339035
2820978
3144481
3236133
3291083
3308307
3073701
2971892
2582773
2636179
2620398
2305328
2615156
2463510
2597301
2345129
2355966
3286591
3259312
2537539
2830553
2542451
2411919
2547744
2394505
2479190
2372800
2642305
2581450
2396430
2327054
2261858
2383086
2450868
2439860
3124058
3086363
2461004
2415568
2546511
2493296
2398505
2480795
2618454
2775734
2718448
2443449
2632028
3982460
3295915
3133122
3579466
2592117
2641713
2643508
3151940
2614855
2454047
2580086
3096759
3138736
3525258
2979381
2636991
2689524
2735892
2916101
2566853
2506058
2514088
2886645
3007082
2617271
2695470
2587114
2601952
2720533
2633602
2516184
3973718
3124600
2907068
2705445
2674948
3096058
2791754
2829350
3515443
3386184
3146646
2935780
3243472
3408361
2626775
2434156
3564337
2900591
2955420
2508213
2796676
3174918
3254270
2965456
2767683
2750218
2470358
2787313
2618474
2583665
2878796
3133844
2920030
2798802
2854163
2785569
2412872
2514389
2935309
3395078
3044877
3484615
2789509
2656982
2510860
2899187
3335256
2812296
2931850
3176743
2738229
2943750
2754700
2550872
2983331
3212102
2423258
3177525
2766741
2850524
3030270
2699580
2702648
3812478
2810592
2603075
3168963
2749868
2891718
2747302
2685093
2659759
2946418
2666426
2866133
3125744
2851175
2618264
3002530
3341792
3387187
2970629
2756254
3097431
2703199
2866124
3267523
2847376
3089371
3050973
3079947
3284456
2919438
3555715
3181675
3224374
3038762
2940161
3233327
3172382
2932732
3456684
2745777
3299434
2699771
2805650
3270000
2790792
3386416
2876851
3057179
2727421
2882956
3068368
3441315
3258340
2886676
2967481
3089361
2819034
2765889
3120550
3011894
3015433
2775643
3076658
3196142
2877031
2635437
2730930
2975200
2859316
3105913
2999683
3557149
3686438
2946999
3417704
3055665
2851988
3401664
3280536
3221015
2791113
3085120
2853020
3132831
3122375
2954969
3170257
3212654
2651308
2791092
2760094
2917183
3420612
3037810
3017628
3461576
3045139
3382145
2994028
2883739
3222007
3073310
3184843
2809770
2777327
3312759
3541690
2896230
3071766
3163539
3276266
3178918
3181265
3224454
3054211
2935499
2954277
3016837
3341662
2877873
2898386
2881773
2814281
3209075
2497256
2687208
3084719
3569009
3290362
2971070
3174577
3166005
3393530
2938644
3259398
3379353
3216630
3069516
3536522
3010998
3509404
3057145
3452549
3069516
2901640
2809205
3334308
3016752
2865889
3175685
2587913
2740270
2890541
2951396
2939035
2753894
3324904
2718264
3078529
3199827
3362110
3093547
3046017
2840485
2927386
2788853
3290558
3116666
2990395
3004030
3430262
2709090
2481733
3711748
2774276
2784041
2525234
2906662
2955637
2542016
2656377
3316604
2904918
2465222
2798378
2601016
2632877
2885789
3144627
2700569
2495198
3023940
3425070
2710033
3024562
2857237
3166834
2839272
2774156
2745503
2841417
2504831
2689561
2828594
2821376
2870460
2833186
3241884
3360916
2961502
2968209
2959086
2739087
3145249
2587271
2647334
2915204
2712119
2431456
2732310
3479367
2849788
2864305
2671445
3497774
3265223
2784883
2862801
2965712
2643153
2883203
2879253
2831723
2590850
3010216
2995769
2737703
2621218
2906673
2941802
2762357
2780552
2861828
3197802
3090640
3140346
2852866
3484590
2921700
2638401
2734465
3012942
2786938
2552974
2774607
2925852
2714615
2665279
2633438
2695305
2533194
2833216
3425902
3383884
2952789
2735387
2603131
2536703
2839812
3185791
3202564
3081326
3152176
2948389
2668728
3175506
2678423
2595813
2718395
2421781
2733042
2770888
2756542
2626791
3354449
2831040
3621188
3308864
2680838
2581196
2501594
2903645
2866791
2641448
2694483
2546879
2505303
2600976
2471347
2680027
2863132
2786488
2651895
2759749
2668318
3002305
2891845
2576083
3184739
2701632
3178112
2684408
2861728
2495207
2571422
3066007
3465803
2569276
2602881
2902702
2860365
3032311
3280231
2837787
3118661
2738455
3004933
3248872
3083682
3102761
2951727
2722916
3037625
2867372
3494365
2905570
2785275
2966214
2831141
3128215
2668908
2776643
2945070
3204900
3131664
3780452
3214324
2795690
3025564
2865007
3087993
3221181
3084735
2579792
2792122
2750395
3312994
3111192
2846199
2838329
2607523
2696509
3428608
2530066
2759208
3186784
3050307
3173370
2550097
2490696
2794127
2687045
2822289
2863904
3001544
2780031
2787239
2780392
2731919
2858300
3192930
3136918
3495678
3532562
3050819
3231698
3078599
2937390
3149168
3243428
2911475
2967888
2954334
2903274
2845326
2912687
2592935
3281274
2865518
3427576
2936679
2990195
3325286
3173229
3369889
2718334
3171665
3014636
3330479
3303531
2956810
3068173
3105277
3238314
3055380
3434473
2982174
2678945
2838399
2917992
2877398
2423455
3213312
2969843
2887544
3110000
2966093
2495439
2825386
2667394
2706414
3626020
3392908
2975889
3743989
2887654
3008562
2618320
2762707
2777996
2876025
2610981
3039540
2634481
2480129
3075040
3124737
3619333
3694634
2964640
2695186
3014146
3260391
3216801
2966885
2647464
2667866
2833176
2630351
2701833
2752842
2696549
2963317
2752481
2748812
3391845
2728350
3732420
3208399
2910311
2740661
3267278
2847001
2563197
2669055
2579258
2748357
3135119
2721168
2590998
2861635
2945758
2662078
2841834
2720527
2713579
2680806
3036869
3211743
3105444
2727574
2829743
3123199
3150408
2958471
3073944
3117424
2707293
2447744
2702421
2719313
3022694
2509100
2759766
2478492
2687292
2653296
2458461
3494601
3080580
2790083
2566265
2502563
2634268
2806394
2656063
2894879
2970260
2953448
2878447
3132342
3614085
3201156
2854867
2679643
3005510
3579277
2966661
2677979
2864251
3002953
3389876
3355819
2656965
2802484
2990482
2517150
3054023
3581903
3012798
3485638
3418137
3407851
2958330
2566756
2628402
2815708
2734161
2627029
3009861
2670690
2781340
3424162
2821924
2496237
2578676
2590857
2430690
2574416
2633405
2607940
2700877
3128242
3528227
2528508
2664654
2904925
2751906
3524768
3190138
2591869
2792038
2748337
2994552
2751014
2897165
3038724
2924765
2700997
2625034
2562846
2929065
2799346
3174269
2608762
2718260
2608341
2566375
3351809
3471693
3272488
2981449
2772598
2874296
3192594
2865214
3050103
3141105
3153646
3163140
2852311
3204736
2777832
2905977
2674299
3538122
2952145
2610667
2841132
2699904
2868201
3062846
3085774
2671472
2677116
2992536
3418989
2786725
2635340
2607609
3084390
3135510
2780679
2948625
3015666
2956466
3512327
2990070
2714170
2961428
3118838
2973218
2563869
3387921
2989900
3286833
3319036
3075317
2854547
2994863
3468877
2908884
3346656
3118577
2884783
3252487
2773401
2686219
2998321
2731865
2946841
3413425
3014764
3337743
3082506
2890648
3031998
3014963
3212174
3146126
2978862
2912604
2955975
2906819
2971242
3042543
2803447
2615500
3156423
2620783
2791587
2790364
3098416
3305632
3337052
2708727
2493520
2692405
2433488
3043527
3130979
2907932
2688475
3619919
2974872
3059146
2801091
2567478
3158960
3297261
2988336
2653085
3083979
3117113
3140432
3632682
2976415
2733319
2585924
2835659
2906930
3251575
3344099
2670258
2715603
3118296
3291275
2586666
2577263
2584120
3091297
3087498
2789090
3040438
3099709
2988175
2993880
2849624
2664765
2602757
3020568
3172674
2585444
3276788
2767024
2904945
3392112
2783968
2822214
2610216
2831278
2900904
2628944
2659090
2901877
2874287
3056931
2862387
2624984
2921647
2817242
2767105
2921677
3188003
3445727
3412382
2730993
3043115
2971614
2913025
3038052
2620783
3389545
3141535
2854407
2911180
2896945
3039286
3064961
3254281
3030864
2775185
2654980
2758763
2685939
2750814
2834014
2481800
2702491
2494192
2654409
3216295
3248136
3314274
3805300
2883490
3105975
2677858
2465980
2777962
3361413
3482712
3135289
2783265
2658468
2900373
3009179
2925477
2591900
2567548
2755926
2979965
3267395
2878438
3363549
3032208
3121795
3441496
3068781
3007976
3323968
2956084
2810685
2610487
2908143
2781942
2862677
2711544
2454090
2817221
3156072
3000507
2555969
2552049
2710401
2468845
2921473
3157773
2851004
2647166
2644220
2862704
2763382
2840157
2863796
2659398
2731480
3174555
3325207
3551983
2647027
3127887
3163647
3143486
3308635
3378633
3438856
3018459
3037196
2879557
2903297
3094462
3523550
3124939
3307954
3182966
3277286
3328135
2721586
3081128
2981706
2837831
2593320
2703901
2610574
3035572
3067784
3515750
3622531
3109771
3165612
2820938
2583305
2951920
2939579
2797849
3068857
3280745
3027662
3252523
3314560
3122182
3288895
3072415
3015772
3326290
3131936
3305387
3106853
3321318
3453373
3209353
3100146
3299893
3312465
3082732
3344967
2641362
2479402
2445144
2535273
2521177
2830802
2728874
2741035
2895015
2733706
2682366
2592608
2741005
2568166
2538872
2630575
2752714
2996273
2756715
3736029
3679686
3815120
3167667
2876659
2997947
3255591
3029247
3306791
2912801
3336085
3147596
3139957
2946817
3172179
3003882
3504362
3346722
2951169
3120909
2865130
3008504
2897071
3364818
3146203
2940351
2775161
3653019
3248423
3313979
3358181
3158675
3435087
3133692
3005205
3374552
3082331
3101128
3087393
3319001
3439909
3333959
2786199
3121952
3379996
3269997
2761778
2860939
2797940
3108617
2850733
2931990
2854744
2594252
2965404
3406935
3167026
2973004
2853651
3307151
3012373
2865971
2918064
2852568
2587004
2909623
3335955
3063964
3156981
3293457
3511430
2701294
3149963
3020625
2896740
2894133
3172119
3308756
3089058
3468470
3214456
2973716
3103234
3668970
3078852
3418183
2835023
2909612
3740902
3019832
2608138
2949865
3168850
3385941
3383886
3312184
3260493
3058581
2637162
2880098
2857491
2753898
2560376
2665434
3034670
2842864
2965725
2867967
3617449
2807924
2704532
2544727
3245325
2969004
2496886
2807052
2567915
2611205
3278008
3187929
3202677
2781127
3112167
2943700
2852818
2937323
2828658
3331824
3305207
3208241
3035563
3132207
2928611
2744513
2744082
2935097
3194997
2778821
2992193
3029196
3031762
3005948
2870073
2600829
2717917
3706555
3208200
2871085
2942315
2873050
3238026
2991009
2952932
3127616
3099976
3274619
2992132
3183517
2854092
3289356
3261155
2913172
2685143
2750198
3112738
2712473
3207569
2764033
2861811
2953404
2813870
2814341
2878022
2760414
2755392
2469496
2689003
2918636
2918064
3118904
3889960
3004905
2486148
2676722
3410123
3032294
2889542
2593972
2664210
2672732
2870092
3272273
3109420
2733937
2497136
2852909
3073959
2689484
3065258
2844688
3080838
2746098
2953274
2522019
2482529
2649252
3114703
2971419
2623637
2676251
2780315
2890805
3006018
2702367
2693304
2606765
2927107
2950467
3294409
2806842
2770480
2832116
2801578
2722007
2934676
3142574
2716743
2850262
2477336
2488264
2871135
2871125
2600569
2843615
2858994
2924982
2851415
3020995
2563916
2520516
3052876
3175477
2795353
2929461
3047229
2729623
2864595
2710855
2674543
2865156
3083109
2480170
2617949
3055619
2923836
2655565
2827591
3537772
3262634
2978834
3430901
3125637
2928297
2839923
3361575
3153097
3488608
3136806
2786597
2619043
3127562
2609969
2792442
3193469
3055700
2788272
2637790
3078868
2812002
2627053
2604606
3218482
3242624
3113025
2935003
2876164
3248428
3069765
2928898
3256839
3098989
3241972
2963796
2805033
2818829
3218703
3101666
2797695
2760882
2602309
3257451
2723197
3185649
2744631
2721623
2749794
2824153
2954814
2472691
2900306
2877197
2500451
2821656
2885638
2743959
3330757
2933540
3393697
3198221
2696939
2793264
2613097
2991938
3025903
2614671
2852174
2884966
2738475
2761875
2922221
2575993
2501494
2593177
2733964
3349325
3050857
2703145
2680809
2778356
3071349
2712128
2719497
2746304
2650572
2843482
2690443
2516933
2663385
2680167
3124514
3001803
2809165
2603924
2639334
2591091
2752440
3344823
2960247
2649268
2872705
2912406
2706484
2910742
2526598
2425431
3355951
3267447
2946202
3163202
2695817
3440596
3033443
2905659
3099661
2994143
2687305
2593177
2947856
2609749
2850389
2663606
2766235
2819360
2934703
2985973
3396103
2928337
3612702
3044251
3104423
3243897
3246393
3130680
3267246
2869848
3189398
2867843
2732320
2402262
2630942
2520803
2899453
2975557
2683014
2710364
2913619
2712199
2788512
2654893
2574760
2711928
2835922
2978865
3028270
2728690
2824774
2752611
2971306
2865347
2876585
2412017
2518296
2847702
2693742
2931815
2769674
3054888
2751669
2494205
2809295
3028300
2499439
2602992
2566359
2452921
2793114
2610942
2630632
2707136
2978223
2848764
2693862
2776191
2714544
2747287
2572224
2629088
3810424
3353284
3446892
2808593
3570064
2951025
2474305
2660879
2525154
2759529
3261742
2805064
2439998
2778737
3211194
3149357
3310215
3137036
3041263
2474545
2896476
2846900
2954432
2760631
2996950
3079511
3178130
2977281
2630341
2498366
2615132
2562017
2415988
2796312
2485534
2370642
2499609
2608575
2826117
2858440
2732009
2743207
2865557
3213610
3141267
2884365
2680828
2933560
2857918
2985171
2789635
3308330
2473874
2509966
2691276
3586937
3189549
2874560
3095520
2920386
2861016
2812542
2588184
2703386
2695196
2660277
2629629
2614812
2822959
2897678
3045724
2944137
3379651
3004661
2777564
2820193
2724339
2729272
2875303
2813034
3001944
2790367
2826659
2508933
2533566
2598781
2662282
2791330
2702564
2646803
2629880
2928958
2512341
2662021
3035579
2476701
3028511
3069825
2759919
3029754
2858058
2635254
2935104
2709301
2997362
2981442
2626692
2626541
2849928
2837266
3599800
3189028
3411823
3086418
2983386
3246583
3479975
3204928
3777430
3246053
2986704
2914992
2829355
2642261
3224608
3148325
2813225
2748521
2906952
2557185
2518447
2784623
3058958
3247998
2949641
2800181
2954142
2670202
3225029
3278335
3227365
2554609
3569041
3277641
2946098
2962058
2684244
2466783
2481751
2600803
2659201
2655602
2503255
2726882
2734742
2983904
3365371
2599099
2664174
2818404
3287633
2930438
2622818
2852060
2689458
2578657
3477586
2823528
2663702
2796880
2562446
2633315
3020817
2720235
3513517
3613108
3084269
3588827
3477946
3128761
3047986
3176422
3137514
2869694
2809481
2544741
2907370
2935451
2799306
2707192
3031143
2858315
2599079
3363667
2693858
2758182
3613740
3244956
2937606
3382424
3002872
2719033
2895870
3113432
3252866
3246079
2611741
3080038
3763961
3033800
3224875
3008457
2805903
2784940
2844851
3117923
2643631
2654810
2984997
3005479
2758573
3651346
2925506
2882486
2851087
2873314
3147238
2928464
3263543
3206960
3181134
2858035
2645436
2872391
2974560
2757971
2690099
2847859
3097281
2577915
2855168
3443680
2754162
2748006
2958820
2966008
2742772
2946358
2725840
2919983
3036969
2951110
2828129
2962530
2881805
2695472
3464712
3097221
4112565
3290661
3197636
2984806
3195210
3578782
3398084
2970691
2895811
3033670
2703012
3000466
2788419
2602196
2485140
3010832
2741088
2992546
3172141
2523697
2741539
2875469
3269949
2993759
2795526
3373130
3020797
3394034
3529386
3204583
3354303
2741710
3299073
3105292
2649256
2626418
2903721
2838485
2505421
3322522
3028136
3283825
2881775
2549313
2669367
2763475
2940183
2779927
2671742
2699472
3165444
3154587
2798825
2594998
2838405
3219401
2758652
2719534
2828580
3180643
3663056
3509607
3157083
3196522
3172692
2944704
2949156
2536960
2980214
2686520
3166006
3417563
3062413
2626848
3628297
2661236
2936052
3422646
3324578
3376850
2972936
2740747
2855268
2888261
3163249
3246610
2999113
2830385
2565794
3027515
2720156
2644223
2880462
2779616
2454954
2352032
2647872
2607028
2705308
2744196
2767345
2817312
3005539
2894879
2702250
2869674
2930077
2967913
3050523
2746182
2733128
2767856
3266841
2767214
2748256
2684085
2941937
2815527
2683262
2962640
2954910
2816590
3491159
2703864
2930108
2788749
2800870
2653367
2700185
2806073
2546786
2564752
3657612
3313700
2977638
2602548
3262460
3254028
3235140
2930057
2939471
2797882
2781410
2926418
2682901
2680715
2663492
3049771
2861655
3035074
3104860
3106174
2804419
2424637
3345510
3248284
3076830
3351095
2920553
2758453
3119317
3062613
2787626
2483095
2575890
3094184
2930498
3173584
3226007
3200373
3031194
3070504
2772638
2728536
2561724
2664835
2717639
2410390
3406776
2722230
2668856
3017179
2558746
2856992
2723604
2426331
3378454
3214429
2987614
3060197
2600322
2811487
2708366
2763295
3002170
2857334
2757520
2631571
2630147
3077260
2700837
3497225
2907981
2511697
2747936
3126997
2562837
3363887
3502057
3018352
3324447
2966771
2949436
3125884
3495642
2979021
2879970
3168563
3345200
3007253
3049942
2599911
2924162
3129142
3561589
2986658
3149982
3048494
2678878
3021015
2559435
2771933
3166613
2802351
2423681
2756294
2695399
3059331
3297966
2873781
2781066
2741477
2763321
2698838
3087844
3001776
3212399
3096426
2996282
2516276
2582583
2878122
3155596
2569661
2734619
2830542
2943418
3740548
3295751
3014999
2967669
2711059
3655211
3367633
2847866
2766549
3478052
2691760
2587085
2965554
3453380
2928249
3247689
3355111
3440066
3093999
3006357
3452849
2905622
2917162
2657042
2741937
2862874
2930796
2666547
2520837
3670861
3318017
2679309
2911247
2601511
2824777
2946446
2575055
3080345
2935748
3138281
3270747
3283750
3176258
3441781
3394200
3012452
3002437
3308463
3352986
3220290
3029756
3491446
3126311
3008593
3273544
3331130
2950927
3470614
3437269
2926716
2780355
2515654
3180539
2866533
3466302
2873079
2910745
2914204
3469160
2864247
2748283
2866062
2544026
2781658
3110541
2583155
2721636
2645413
3026588
2489658
3510775
3147906
3208139
2969153
3578316
3118561
3164539
3382671
2861650
2586002
3235698
2902925
3626710
3204479
3242616
3018508
2852788
2845780
2548006
2677484
3093528
2862413
2643759
2595185
3269694
2729065
2636009
2767141
2869891
2534662
2568277
2836807
3174413
2685374
3207337
3047191
2886303
2721595
2482860
2646986
3116706
2846472
2754008
3236641
2927949
2731601
3004923
2653443
2530201
2592529
2424132
2526803
2413575
2625492
2820206
2701134
3455235
2672632
2647839
2843375
2970627
2700382
2559154
3066519
2959879
2787112
3143765
2762470
2739732
2684101
2670606
2705114
2711460
2774599
2977414
3065387
3592904
2978377
2997314
2740113
2853961
2848437
2666296
2918204
2696723
2866172
3323701
3659442
3026218
2717114
2996472
3069026
3075583
2969964
2632319
2520486
3089037
2908540
2746719
2753015
3053577
2766720
3243528
2589140
2560397
2493848
3153510
2643659
3112756
2795723
3507998
3339973
3521813
3110110
2819524
2523995
2990136
2772665
2766069
2829409
2912459
2613251
3042940
2737857
2893872
3283620
3115003
2811183
2833359
2928410
2910395
3694290
3031762
2654846
2933873
3416697
3092756
2721195
3228058
2999059
3495697
2927657
2578172
2513760
2965584
2964943
2792746
2983991
2979028
2836086
3364344
2608539
2532927
2495252
3132457
2849510
2739561
2645192
3115173
2833890
3736959
2653975
3357898
2734278
2532235
2745636
2977745
3059271
2810621
3199808
3118241
2685795
2748052
2677043
2889822
2564358
2726979
2898022
2649573
3034980
2584368
2735380
2890443
2519223
3258937
3672926
2766961
2831134
2729035
2909732
3233102
3105318
3170924
2982476
2910374
3391954
3125930
3192018
2827935
2641393
3628143
2782019
3159324
3263890
3215477
2994257
3169330
3218806
3499487
2960120
3006428
3497362
2974877
2982156
2868979
2866974
2783963
3234746
3111484
2826722
3180679
2801067
3154744
3259559
3038980
3151364
3295599
2841296
2937268
3378967
2987285
2953960
3175562
3142068
3365473
3347288
3219193
3346445
2783429
3077053
3466288
3135771
2823682
3860356
2903102
3351348
3247946
2971475
3292468
3270072
2815250
2918140
2794146
2784522
3429927
3337763
3182540
3278342
3112422
3250783
3309501
2690083
2670824
2794918
3214892
2802969
3179271
3059077
3239665
2772111
2983897
2819802
3598343
3118959
3645272
3551725
2924366
3032620
3137847
2915373
2832043
2783429
2571853
3148624
3209127
3000990
3575575
2788533
2857557
3040911
3010725
3326966
3034004
3205428
3115801
3295897
2784983
2754927
2944968
2882952
2942813
2748029
2912086
3199513
3835574
3270492
2838920
3068240
2908055
2681100
3090497
3270202
2856063
3039488
3315586
2876385
2580475
2803871
3172895
3264107
2682955
2852695
3986917
2769884
3324850
2455399
2437182
2707085
2581778
2975496
2695517
2640999
3152985
3172655
2964137
2589618
2775960
2723377
2567843
2508934
2430305
2378654
2626422
2431137
2499240
2780672
2603414
2663385
3167021
2397832
2999837
3225008
3062587
2489184
3145596
2774195
2765684
2781524
2618090
2685120
2797695
3386867
3331127
3411590
3211574
3034706
3300479
2912727
3122578
2859923
2840634
2716219
3048892
2663545
3096331
3313612
3300158
3000930
3110308
2977611
2862539
2973651
2683887
3244537
3274212
2636708
2807189
2745604
2701843
2812944
2998825
2850980
2792873
2736360
3164845
3235173
2966032
3239695
3006765
3165968
3107420
3152153
3475141
2908416
3268006
2896355
3154028
3003356
3320660
3437585
3264467
2750336
3170921
3825008
3347898
3017432
3402206
3189227
3167902
2797103
2914651
2914111
3391920
3538432
3092462
2982794
2923314
2804412
2711928
2910631
2766857
2639415
3056310
2840473
2922521
2758375
3633973
2820864
2548173
3378366
3256728
2959455
2857887
3184926
3056020
2751388
2621870
3527724
3243895
3072110
2921830
2844855
3215594
2886891
2934091
2743890
2963866
3081574
2919905
3126939
2739999
2949901
3453175
2801504
3001000
3338214
2738024
2898762
2808252
2572305
2744781
2758366
2606531
3169818
3045643
2627544
2700599
3363960
3005020
3137886
3317391
2781896
2971546
3323226
3153477
2915634
2661791
3302423
3134648
3162980
3010565
3081655
3355488
3190039
3174148
3037021
3278233
2819481
3258933
3281570
3698015
3065604
2896284
2856494
2869538
2580425
2650814
2739087
2710675
2665410
2962493
3237590
3151090
3211503
3204506
3087800
3226822
3146388
3319006
2650683
3395920
3200525
2661240
3190711
3189648
2807650
2746635
2539000
3050105
3137977
2945008
3657502
3065313
2859071
2752120
2547221
2860485
2607594
2809014
3066867
3318875
2958864
2810879
2770637
2587112
2656698
2637119
3346094
3101825
2856303
3062145
2694845
2938051
2742556
2905388
2791549
2830709
2988488
2767299
2745403
3025430
2792789
2813582
4145535
2932643
3040045
3030251
2530125
2652094
3504301
3261306
2934448
3147177
3099787
3267040
2817974
3028396
2995282
2830826
3282700
3119557
3212232
3095506
2772629
3066142
3260083
2821342
2650480
2633356
2650219
3595803
3422484
2713930
3047203
3074893
2601946
3314460
2948123
2972735
3049460
3446073
3296485
3399325
2996726
2862396
2895228
2997818
3455387
2999142
3083926
2958159
2910578
3259080
3281306
2962199
3268022
3467207
2855298
3068758
2997327
2811568
2765340
2810625
3091435
2999483
2978971
2628534
2634459
3409029
2995954
3130725
2844481
2718642
3481934
2865223
3827610
3316977
3109562
3276504
3027885
3063265
3388969
2949386
2878798
3114053
3156531
2798023
2698551
2924153
2991242
2976755
2940705
2612563
2848531
3149933
3194757
2913465
2656405
2722071
3001267
2701859
2677699
2579139
2939922
3046612
3122795
2612093
2981527
3129481
2742262
2800710
2776669
2649928
2844140
2843709
2664465
2904071
3222818
2846154
2649888
2857062
2694892
3188712
2875119
3118133
3769522
3199780
2698802
3407175
2778353
2979823
3242598
3623353
3447136
2933586
2541343
2615120
3294430
2912132
2673277
2681127
2620383
2809632
2950018
2867398
2540621
2769692
2634860
3092438
2822846
3198697
3273146
3453884
3415466
2824981
2942639
3333728
2846796
2497884
3375755
3313999
3204011
3055124
2777802
2873755
3071816
2773300
2722071
2626379
2700837
2927049
2970189
2559740
2864190
2715284
3088970
3473192
3380408
3080919
3607933
2766223
2595480
2787135
2679864
3061209
2835156
2956865
2797351
2651572
2914016
2527107
2831859
3299963
3168882
2719965
2641728
2592914
2667051
3019694
2521172
2485963
3012727
3162495
2734472
3178095
3147938
3154515
2959442
3216653
2799697
3116459
3004896
2632825
2861894
3369519
3005508
2883770
2568211
2925526
3465603
3066413
3322210
2757109
2996174
3078543
2677899
2540712
2754222
2576443
2588312
2612444
2785541
2722853
2751766
3116439
3324545
3154164
3206848
2985036
2943231
2900823
3051455
2783356
3400087
3157423
3123858
2972604
3071786
2861584
3017398
3077660
2589175
2801411
3449742
2548752
2794695
3246869
3047926
3202517
2522506
2341306
2809802
3058672
3088257
3246097
3360126
2813562
3175348
2664314
2859389
2998180
2802594
2480769
3042962
2962479
2855409
3523750
2823217
3351604
3007804
3131979
3010410
2872260
3193845
3006250
2916914
2691995
2857734
2958058
3188341
2799547
3260874
3428539
3465603
2780739
3053560
3019283
2518465
3005037
3076017
3128008
2989618
2747425
2697780
2402181
2995483
2872742
3021618
2922217
3188632
3336947
2716888
2473853
2469040
2687042
2615241
2405740
2752949
3222257
2577615
2854896
2844219
2672395
2689649
3044105
3059485
3065300
2750623
2548110
2641697
2491407
2704506
2479927
2759054
2941175
2825653
2756388
2645346
2709438
2946807
2822843
2860297
2646867
2738770
2840638
2936160
2839264
2732965
3064605
2493118
2621352
2988602
2770871
2841289
3008512
2751582
2635568
2978185
2706658
2612982
2764545
2631038
3001765
3287809
2725606
2749979
3011028
2359630
2594465
2833841
2683139
2902334
2936460
2845731
2824998
3924761
2783012
2787263
2544087
2472726
2846212
2421307
2896128
2721055
2703661
2912218
2898835
3314627
3153399
3745999
2925362
3199545
2760374
2755421
2748504
3129830
2999971
3154452
3000944
3196327
3171885
2727371
2606014
3215075
3122060
3179274
3138070
3055551
3160046
2884890
2615819
3056664
2555937
2417517
2662988
3125979
2908780
3253482
2736173
3150702
2938074
2878834
3221451
3226313
2853299
3135464
2964582
2863455
2790601
2882673
2913792
3283598
3157509
2850272
2827103
2686989
3100595
3527305
3163254
3094560
3090810
3269392
2958436
3125880
3258314
3406499
2714298
2999910
2650727
3308271
3263979
3086600
2857009
2829619
2891636
2643609
2769387
3776045
3028684
3240389
2870703
2878564
3360312
3130070
3258034
3306576
2758509
2955177
2630306
2862733
2820526
3287337
2705776
2888649
2850713
2896579
2794982
2855254
2747803
2718880
3259026
2911737
3311429
3256149
3119303
3314747
3011981
3115212
2809839
2658175
3034738
3249201
3099232
3562765
3266475
2729727
3048233
3457489
3017174
3201951
3490020
2780355
3635589
3581251
3709967
2872117
2680793
3181019
3238123
3276199
3446209
2967107
2989946
3056564
2732935
2868920
3107082
2617312
2795884
3131403
3760535
3539466
2801409
2928430
3289263
3102450
2705917
2841610
2904479
2671530
2941062
3160688
2957594
3277232
3200548
3210423
3438971
3127774
3558544
3184057
3148166
2995509
2707471
3203907
3310105
3171434
3674156
2782460
2996522
3018338
3387180
2863074
3047852
2980040
3415162
3261352
2769467
2976913
3422520
2755031
2551827
2887356
3460085
2958797
3298998
3189009
3288731
3095081
3272561
3687120
3032884
2789207
2966185
2784957
2804286
2732775
3168737
2888960
2589492
2728052
2779302
2668242
3557471
2864257
3170483
2974296
2876007
2870453
2816336
3063181
3146161
3185601
3362899
3327379
2481158
2720514
2781187
3299318
2912108
2818601
2804626
4120837
2744013
2481008
3519054
2699120
2647469
2952080
2561461
3055461
3240519
3175886
3030026
2979208
3033325
3237381
3027180
3045405
2997193
2989965
2619308
2589001
3182904
3011209
2871656
3501901
3187125
2839715
2888278
3420534
3011340
2911968
2883316
2620942
3026418
3076745
3240469
3258254
3189099
2947367
2729235
2738549
2877781
2919968
2845049
2743261
2975820
2764886
3159534
2968761
2542453
2437658
2460095
3233191
2593001
2669034
2667820
2894564
3241371
2809178
2442229
2975308
2596971
3195005
2915297
2779673
3205862
2825128
2881140
2723471
2714719
2705476
2695821
3370949
3276357
2564355
2721482
3148824
3217297
3254070
2765304
3090296
3444963
2850228
2601168
2896957
2657070
2813495
2777295
2909859
2730055
2658815
2680139
2673963
3112923
3364890
3463791
2865056
2927062
3008649
2729433
2744321
3156894
3145766
2820914
2994754
3110156
2926371
3067067
2992629
2920436
3099770
2751970
3070796
3049252
2933920
3522218
2874610
2591164
3347316
3100873
3240706
2937409
3311174
3365632
3179742
3148302
3056510
3192424
2718264
3045192
3450186
3398245
3157676
2734255
2593740
2686706
3446446
3153144
3432210
3119108
2979515
2879071
2904486
2743298
2775750
2882269
3061092
2649721
2907684
2912416
2667908
2901067
3128413
3039307
3381964
3144313
2725112
2812223
2543583
2695578
2851181
3217918
2867071
2525848
2708139
3114176
2824483
2842308
3095438
3159581
3236275
3185095
3274582
2676810
2793946
2888696
2811360
2848585
2727047
3040330
3709101
2616969
2694495
2897228
3122377
2549839
3107278
2670975
2808573
3143490
2925529
2583213
2995446
3035537
2694014
2651897
2790698
2541497
3209577
3112592
2928086
2840444
2928096
3171501
3057273
2994935
2536284
2964598
2830829
2719638
2567464
2918712
3377462
2627445
2881036
3626010
2914661
2862870
2479140
2634453
2690124
2872635
2519693
2624659
2855421
2640748
3238350
2769654
2514860
2648739
2423930
2527763
3214319
3050976
2995465
2895693
2877086
2736000
2481115
2704349
2881658
2519923
2703788
2645571
2768553
3441093
3545116
2831271
3099398
2645150
2819431
3036871
3040951
2718696
2749333
2825597
2843091
2713783
2780141
2596216
2654554
3150327
2821415
2580326
2514419
2594271
2371077
3006594
2851442
2687477
2967466
2966262
2749544
2778527
2579675
2632718
2631956
2688048
2411068
2664950
2491591
2966232
2871141
3545858
3412882
3031287
2732752
3185847
3278823
2977340
2659617
3107319
3080872
2716411
2704690
2892946
2901729
2696048
2829095
2574040
2732140
3072541
2558180
3304247
3412009
3051908
3044871
2809987
3129014
3167311
2555163
2725082
3092472
2533327
2822569
2658645
2859211
3458958
3148553
2666854
2919754
2615275
2799731
2894962
2444533
2697913
2904295
2533628
3037752
3927162
3261038
2986835
3093113
2750025
3188054
3391778
3253368
3287514
2760010
2641762
2502028
3057232
2663977
2722326
3128833
2691277
3173055
3080190
3440412
3352970
3649981
3078365
3148523
2733082
2873277
3282000
3113725
2983165
3139089
3121003
2516866
2778457
3229006
2925038
3540795
3399819
3077022
3028199
2995516
4023185
2950001
3251564
2871763
3031979
2829095
2704069
3568636
3205457
2713062
3014274
3118517
3295194
3256817
2842730
3539211
3406425
3200164
3299655
3134016
3408832
3153536
2782366
3287865
3162829
2617029
2783470
3070295
3315716
2841436
2660879
2647616
2978232
2950863
2656198
2934451
2715568
2922061
3455359
3075318
2715688
2950623
3071308
2632769
2519259
3052136
2861013
3056647
2854907
3036827
2603552
3138134
3440628
3296553
2872020
2716437
3206095
2940964
3128449
2867419
2984665
3028406
3243209
3037218
3348044
3624012
2726733
3278929
2583180
2615653
2676616
2810515
2520281
2575691
2581696
3187137
2675033
2767306
3077199
2720016
2796881
2639312
2784018
2724698
2468872
2987362
2923059
3272694
3660544
2816851
2741922
2827267
2735936
2523570
2630801
2750574
3030241
2835298
2860060
3093791
2962910
3056376
2982269
3102323
2896854
2899901
3080377
2863659
3151406
3296363
3054151
3307261
2863559
2614920
2730322
3018692
2764930
2622781
3203529
2951201
2752208
3005027
2933677
2813563
3175417
3337227
3308615
3106915
3309146
3073229
3058803
2784890
2743085
2979793
3304685
3043625
3215780
3176771
2824220
3148500
3137703
2893715
4150011
2892041
3376757
2885274
3128860
3124038
3037950
2710452
3013869
3216050
2964835
2477002
2725290
2938158
2980405
2843147
2811648
2690442
2473974
2746763
2955682
2506487
3083866
3180892
2766003
2730443
2741451
2832200
2666401
3017067
2864481
2936594
2830506
2936975
3193353
2800740
2756088
2603552
2547510
2777732
2940263
2954078
3024005
3968021
2879680
3033088
2946970
3152209
2878056
3291982
2970289
2759807
3120228
2817262
3073370
3088969
3139016
2612996
2963833
2933647
3244562
3082382
2691575
2792590
2865995
2967361
2506627
2992685
2921185
3257886
3076507
2582569
2530899
2801392
3044236
2598349
2600765
2681509
2909104
3738632
2867970
2750694
2879580
2646661
3067294
3263500
2886697
2908493
2915872
2790645
2963251
2725791
2817794
2740528
2583050
2730112
3194887
2966058
3191709
2977798
2653097
2749200
2745531
2617708
2842616
2717169
2891460
3116599
2929145
2620956
2708938
2902598
2715405
3409318
3340174
2830676
2862096
3073941
2642450
2767256
2681188
3007654
2732538
2857384
3042181
3256022
2869314
2555992
3421449
3339071
3419645
3313356
3068748
3199679
3156761
2980184
2863259
3497722
3169012
3266137
2880321
3205323
2819599
3092758
2445943
2681960
2770464
2821373
2927140
2812440
2918137
2913936
2759757
3059003
2775948
2961006
2925556
2499840
3476489
3111667
2988575
3171227
2850265
2983332
3173011
3240462
2591892
2855659
2652265
2512030
2734503
2853834
2991182
2858726
3072788
2685329
2766965
3009759
2718382
3090513
2911340
2711726
2563320
3014872
2813904
2637999
3154214
3038982
3005588
2912654
2699444
2545486
2918979
3021750
3623129
3293516
2780359
2670962
3146765
3010962
2951081
3165963
2926528
2577366
3511026
2798385
3364516
3045950
2641377
3852420
3522485
3301797
2970189
2631793
2704066
2624956
2929726
3151016
2982239
2918739
2483148
3059404
2739415
3315051
3135206
2885173
2817853
2780750
2726844
3191348
2892242
3181192
2791597
2878718
2724227
2894999
2698713
2906668
2898819
2505384
2826626
3253074
2923219
2654146
2500168
2817540
2741307
2713336
3315007
3465136
2838873
3045465
3183173
2850824
3020653
3145288
3683448
3025145
3011601
3183384
2889031
2725497
3015831
3070328
3077918
3026799
2985976
2864118
3534742
3697995
2514414
3319327
2920309
3502591
3109969
2973825
2981283
2768687
2799374
2581203
2374300
2630126
2725437
3144656
2860539
2844929
2819965
3281081
2839916
2538625
2806572
2814011
2614928
2840648
2998056
2671772
2858734
3335178
2669797
3019149
3080705
3072043
2856057
3417015
2829751
2780025
2721577
2974637
2665135
2831265
2763683
2938154
2662869
3096895
2881190
2617174
2579348
3282474
3121348
3142651
2697897
2863225
2774100
3342016
2917092
2648272
3105297
2856308
2563649
3168546
3032322
3393957
2876649
2872839
2635360
3114671
3435451
2675100
2863827
2896760
2877892
3453988
2721878
2869592
2626136
2831074
3171996
2842142
2915588
3091161
2934075
2736866
3105568
2898044
3064945
3059472
3067712
3012462
3151705
2807996
3362276
2813500
2770641
2748545
2877913
2786792
3250504
2533562
2951488
2373238
2524930
2835395
2664443
2771844
3280841
2965113
2814171
2782973
2991880
2583658
2653395
2854343
3314676
3204187
2539297
2562095
2893662
3050218
2693898
2840357
2797318
2774069
2861872
2502484
2737718
2626407
3275357
3419130
3219054
2684083
2812277
2779584
2720825
2576241
2702860
2844568
2898455
3268670
2890765
2788477
2628542
2420045
2873702
2633475
2830583
3048223
2635831
3008803
2721647
2748675
2760585
2815514
2629865
2725006
2755723
2675601
2893031
2760265
3126531
3255046
3016733
2859756
2722791
2572872
2678568
2774772
2885722
2899728
2692975
2918315
2734370
2763614
2421960
2795043
2585563
2551538
2655501
2630647
2834362
3200898
3095051
3172477
3025586
3243717
2785750
2745848
2844076
3026367
2858383
3267307
2946726
3224378
2512910
2715461
2745848
2889912
2869942
3086871
2691181
2832046
2669465
2923106
2713306
2804096
2886655
2745899
3084594
3032834
2785158
3190503
3057586
2734180
2721467
2625133
2562365
2481039
2704224
2717627
2989314
2911798
3065476
2855125
2593113
2830142
2696654
2531457
2739502
2405037
2392376
2697968
2510654
2435253
2595780
2921924
2539347
2505331
2865802
3050218
2532189
2420156
2769518
2495255
2469521
2444156
2830693
2585764
2485732
2563107
2566796
2706590
3022147
2935829
2552871
2627840
2503336
2613164
3253361
2847275
3245160
2586917
2795464
2616341
3190573
2946455
3468344
3535003
2977564
2866684
2867416
3645943
2972051
2785408
3107051
2743383
2855706
2682499
2654167
2715923
2480297
3059611
3136375
2816758
2591840
2484889
3047711
2815996
2606457
2472528
2846263
2646438
2615960
2536589
2448627
2902584
3370317
2775163
3169138
3074128
3033135
3065657
3124145
3178342
2655220
2487696
3154852
2868057
3222814
2941693
3196377
2796226
3036352
2946636
2756145
2770261
2909592
3185710
3260539
3253181
2823134
3224829
3099533
3086947
2779550
2951906
2711900
3137565
3382785
2940487
3009051
2985982
3150388
2820935
3096261
3052641
2941730
3555652
3173606
3086366
3233066
3345109
3116542
3424760
3092190
2914451
2895023
3087218
3305328
2710356
3003717
3070145
2831120
2914221
2800965
2673914
2677824
2827141
2717294
2851974
3120322
2760994
3309008
3099990
2835071
2700923
2704100
2839803
3061132
2634765
3381592
2933520
2926081
3003636
2716592
3066285
2869569
3012840
2923915
2660621
3358724
3016129
2765615
3117264
2942252
2993602
3670802
3130016
2570864
2926592
3465453
3351786
3126678
3210249
2801095
2773095
2777004
2589731
2771401
2810429
2562874
2657613
2492475
2742347
2673954
3066586
3534367
3289890
2683177
2522382
2644941
2863593
2649803
2935585
3467449
3191982
3021261
2981421
2930522
3318653
3221959
3071338
2739139
3158588
3294411
3107639
3199351
3199732
3355906
3308296
3034004
2905710
2609742
2387501
2634063
2667577
2707378
3256235
2934993
2750598
3350593
2889559
3212054
3198960
3178268
2626445
3344488
2937770
2626264
2776574
2635256
2631297
3001832
2725704
2610082
3077223
3269628
2881879
2945290
2638845
2570633
2633642
2916658
2538331
2392774
2664691
2827141
2900847
2817065
2495894
2859744
2483262
2662535
2939655
2680962
2996178
2758006
2754908
2765666
2669513
2592859
2561730
3186989
2787200
2985501
3289890
3197767
2828815
2791040
2859382
3070485
2962162
3005602
2878872
2770247
2898341
2650966
2727469
3147210
3144994
3279784
2903464
3092071
3579581
3603351
3101393
2951655
3348468
2883202
2935595
2804183
2937730
3082636
2577120
2657463
2952818
3603632
2948357
2729103
2453668
2691498
2711900
2868204
2637843
2882360
2717554
2533830
2576668
2822550
2963495
3182599
2616549
2958583
2686806
4068196
2636008
3077263
2942212
2770899
3038405
2821668
2801546
2776543
3239091
3663223
3344047
3561215
3478105
3177025
2543174
2773576
2798789
2906571
2644339
3171100
2852004
2970042
2962894
2872104
2705253
3191111
2987676
3146628
2935004
2744512
2848896
2869698
2570071
2565670
2852144
3179802
3018334
3340197
2743379
2612299
3052159
2758888
2775501
3530528
2994885
2964949
3119619
3161185
3408891
2947616
2866169
3844741
2970854
2863934
3341320
3418705
3196254
3378183
3043949
2999697
3318632
3294111
3052992
3406314
3728428
3063618
3100000
2649492
2667778
3109273
3451649
2970674
3262220
3075108
2749074
2788594
3625277
3272978
3248826
3682191
3034565
2883714
3121676
3239643
3439398
3179812
3197597
3345149
3075488
2911514
3408319
3137766
2982845
2936407
2851723
2877619
3027287
2936577
3049522
2885548
3213868
2817446
3168323
3002754
2893569
2881789
2873027
3084922
2970914
2743911
2749425
3343285
3639503
2871062
2806669
3448551
3553607
3095318
3358052
2933831
3110286
3213767
2758728
2606603
2962269
3042732
3072056
3144620
3299972
3058543
3007243
3014692
3336334
3165673
3028827
3185222
3003553
3299942
3400937
3189222
3143206
3119015
2538259
3231689
3157352
3205062
2851590
2962499
2973197
2980585
3156840
2785984
3564650
3121010
3152640
3094975
2988877
3139156
3564349
3022201
3392907
3003925
2773202
2853274
3609202
2924082
2629158
2979944
2901295
2424611
2783538
2586911
2747998
2888573
2688588
3034732
3344995
2877796
2942599
2911762
2673952
3273665
3022100
3003464
2774074
3335973
2990420
2521326
2590461
3088909
2606752
2933056
2876483
2785744
2670944
2780360
2724960
2813484
2832492
2725081
3018772
2639244
2574300
3723461
2762625
2904784
2546429
2820471
2543893
2925627
2723106
2804561
3765047
3000897
2628747
2713933
2902248
3072317
2493085
2922800
2845675
3724464
3474954
2868613
2830216
3064678
2609860
2642001
2950640
2797564
2799809
2782054
2614521
2593298
2611083
2758214
2823890
2631254
2926178
2892653
3493882
2940805
2789192
2547612
2419609
2628677
3389699
2848572
2714162
2790225
2938148
3326649
3412236
3320935
2970470
3043635
3074031
2663926
3206566
3134354
2938901
3850331
3033068
2683034
2963683
3762259
2689620
2820883
2840492
3382300
2855109
3049459
2965968
2618421
3210696
3140599
3288463
3344956
2996366
2884292
2908633
2918759
2669921
3287832
3112909
3356895
3303651
2876683
3089520
2991473
2904443
2735135
3038231
2692287
2799488
3124840
3017689
2874317
3152089
3140540
2866036
2529898
3128248
2932534
2857425
2828050
3215598
3664753
3168610
2831428
3900668
3488708
2839850
2887210
3424246
3367282
3178445
2879560
3026221
3145522
3081349
2913957
2925196
2654843
3398260
2739507
2502769
2445605
3284904
3561833
3176300
3157462
3020476
3575147
2958990
2708127
2895932
2794897
2736569
2762755
3283209
3084378
2959232
2979182
2886087
3031524
2991323
3223439
2827028
2988345
3446182
3683470
2942298
2634842
3176069
3107787
2910799
2554219
2765232
2838467
2746865
3346479
3031434
3856236
2849575
2723767
3357888
3191789
2532364
2806135
2695485
2981487
3230126
2954510
3156159
2941527
2500965
2783267
2803809
2521125
2754315
3809769
3085290
3062773
3184550
3126945
2701972
2742624
2779778
2912273
3251630
3166184
2706674
3077581
3657033
2888613
2717511
2987633
2856262
3092298
3052878
2755929
3260753
2928554
3309425
3072166
3137522
2954881
3188811
3267089
3647279
3173162
3644843
2742163
2835058
3182726
2908163
3137071
2652507
2817433
2920294
3209664
3156500
2857976
3250507
2859741
2943853
3095927
2888402
3356204
2910699
3138344
3622687
3515276
3163748
2967081
2882016
3224512
2981046
2883510
2572355
2921196
4117526
2933577
3129532
2786556
2747728
3377538
2686503
2511692
2933437
3213193
3289035
3280202
3011102
2585458
2785021
3047521
2634599
2784116
3006157
3149188
2932461
3476434
3216779
3408944
3559945
3047802
3063903
3151554
3023200
3203826
3309653
3326556
3014789
2897643
2605115
2888009
2886024
3339198
3459491
3161950
3204658
2973835
3255767
3106410
2760968
2911689
3418839
2993525
2663171
3029135
2797671
2968542
3243165
2850885
2816077
2613787
3244940
3168086
2671172
3218824
2624534
3284520
2628413
2758552
2803546
3055261
2674230
2830804
2602448
2755675
2665618
2931117
2401210
2548442
3980837
3112947
3036844
2695563
3439972
3192738
3138350
2958426
2923088
2812388
2652154
2915909
3068986
2809531
2968823
3054459
2984813
3038228
2956070
2810312
2598789
3442348
2942336
3421525
3158561
2890415
3264629
3189219
2683894
3084475
2867858
2963239
3185730
2776678
2558777
2807926
2661337
2722611
2825922
3295878
2940852
3284119
2790493
2654740
3017015
2772818
2834725
2878745
3438688
2846604
2822834
2562356
2753389
2891367
2823566
2819265
2689247
3157359
3122451
2648454
3029456
2825841
2675382
2865041
3031160
2823115
3062780
2866444
2767274
2731484
2529243
3318365
3255567
2922817
3269783
2785941
3267427
3404081
2871026
2694711
2895838
2657196
3054940
3412011
2804809
3130220
2892972
2921263
2561234
2742853
3146772
2741268
3135664
3364291
2726982
2781399
2885382
2823897
3203636
3258975
3573449
3257822
2703584
3031040
2694430
2607992
2871668
2894164
2539480
2510456
2575079
2652735
2733569
2648434
2646800
2608574
2781851
3084314
3169198
2702671
2541023
2492110
2399205
2791586
2815165
2684876
2431738
2858935
2813661
2680595
2810001
2942275
2427637
2579440
3223185
2761920
2902244
2533514
2763846
2587450
2783435
2892800
2582888
2865832
3057446
3321001
3200948
2708666
2861061
2864329
2748386
3570962
2708737
2691533
3217992
3401625
2873602
2580894
3193149
3031742
2801230
3435661
2808999
2674500
3096896
2876700
2892620
2627531
2734221
2950386
2969324
2669547
2766802
2754822
2699011
2839947
2993285
2489292
2750451
2863908
2679252
2847918
2437151
2799977
2597435
3326736
2630208
2560372
2570087
2871207
2813731
3389164
3582401
2765730
2869582
3183615
3046920
2910025
3124816
3061777
2713448
3468163
2519068
2600654
2728005
2742301
3035993
2687563
2806032
2698000
2961975
3223726
3356962
3090169
3136817
3171073
3382708
2729689
2754512
2715183
2802102
2605816
2828990
2901022
2579260
2658640
2838073
2656705
3027240
3034769
2931559
2905473
2957484
2614829
2904972
2542868
2929243
3091713
3222303
3213440
2867737
2875107
3291607
2734792
2558457
2453603
2648855
3331227
2759966
3194743
3033375
2687773
2907358
2693468
3051141
2665718
3144416
3111082
3055311
3003750
2863406
2628724
2846203
2966046
2593195
2995330
3396903
2940822
3292229
3268560
2971108
3526490
2679051
2619271
3029516
3332531
2630509
3109477
3358806
3098299
2968552
2774612
2523058
3294102
3357079
3193056
2618516
2757437
2874151
3158318
3102858
2859244
2677876
3849281
3085694
3055750
3059639
2943115
3092101
3283223
2853840
2808896
3151310
2902212
2944358
3266702
2883985
3063388
3057142
2850942
2619187
3426334
3214460
3069333
3261117
2933119
2680002
2981933
2843614
2722017
2931275
2904708
2663018
2781106
3563931
3015477
2785437
2841208
2556439
2690498
2704794
3142057
2677605
2692322
2865960
2823072
3005121
2731712
2606255
2908437
3543630
3484120
3142417
2655449
2610676
2873870
2980529
2617453
2715300
2959105
2594817
2716313
2625704
2769517
2861519
2868737
3125665
2694999
3229056
3455387
2757276
2699510
3150378
3052771
3265879
2947576
3094907
2885559
2889941
3174148
3452650
2998554
2716814
2796084
2857650
3159942
3445743
3084843
2803853
3335414
3089464
2860356
2837278
3068301
2519206
3164975
3560553
2879414
3391456
2823994
2728694
2792665
2900898
2507356
3214098
3426174
3643351
2955847
3149746
3282501
3060982
3889984
2891304
2636903
3224444
2932087
2879144
3281198
3405371
3456741
2730729
2703470
2589824
2367352
2754570
3150157
2582997
3216545
3012038
2925661
3634409
3523669
2921740
2853037
2448628
2584270
2435885
2630997
2675329
2818811
3246611
2632131
2733336
2719451
2433158
2440317
2851063
2542364
2465069
2512549
2544640
2822962
3091500
2902482
2893189
3849321
2741256
2809678
3594879
2780224
2535968
2560339
3196444
3240555
3875247
3653718
2621935
2648271
2536790
3310642
3647081
3035047
2828485
2784775
2735661
2889189
2613183
2942263
2718599
2829368
2891765
3206179
2636652
2884768
2925882
2621283
2732764
2697806
2513290
2964670
2851624
3226509
2814971
3103579
3131139
3237568
3598057
3016901
3971569
2729315
4015811
3364448
3282581
3132452
3133034
3006916
2752273
3246650
2719852
2781578
3362904
3124021
3070917
3107419
2949531
3066576
3043799
3166809
3423708
3558207
2971146
2860927
2713936
2786951
2835032
3068029
2860526
2564158
2483134
2473339
2398471
2633543
2608812
2490062
3570939
2871825
2917640
3501864
3198318
3114888
2958945
3449712
3267954
3274922
3087129
3512792
3068611
3001783
2977963
3035347
2777998
2698488
2444467
2757818
2660201
2870332
2679379
2833959
2719030
3073123
2872116
3054085
2810480
2501561
3304797
2785167
2845047
3872279
2957471
3091088
3188023
2913340
2911485
2695440
2997202
2533541
2772895
2955637
2878682
3251963
2935125
2796916
3279363
2838060
2698177
2717045
2841147
2504408
2847013
2855533
2563226
2624781
2667168
2874201
2979517
3219603
2852647
3128041
3038976
2848656
3036591
3132774
2933671
3063529
2977452
2594145
3291032
2859233
3241247
2862551
2876958
2661425
2732213
2818661
2870091
2647228
2513963
3308426
2985702
2888367
3067519
2655289
2904878
2718348
3199592
2907354
2776514
3112552
2535406
2585212
2636231
2466302
2522112
2610764
2633030
2729243
2643827
2356734
2798698
3342569
2729112
3028567
3595778
2951804
3162565
3195879
2726446
2710595
2945337
2927533
3089641
3354118
2706997
2810638
2484836
2771068
2780893
2837355
3301215
3211168
2810708
2859651
3527425
2846779
2587866
2712059
3093080
2960856
3320974
2888584
2803981
3044116
2824913
2428494
3012647
3361196
3643308
2710024
2888624
2855220
2752020
2682193
3206666
2933638
2833055
2613882
2750215
2852303
2483523
2839280
3461159
2765123
2724972
2585209
2588177
3015515
3492698
3237514
3286408
2903783
3394099
3109551
3061360
2586864
2814538
3383683
2953477
2681061
2654234
2735579
2629190
2904725
2718475
2474640
2798968
2545830
2624449
2588628
2679297
2834548
2677772
2571646
2913868
3253905
2568858
2621772
2359159
2656298
2844152
2936044
3079596
3179529
2952626
3094674
3799882
2924033
2998351
2861677
3482212
3024086
3134043
3076419
2869055
2780773
2639125
2713482
3478602
2870930
2645672
2595866
2709653
2661191
2775589
2708069
3037921
2536607
2594011
2661191
2755198
2720751
2604949
2921126
3176671
2658624
3077932
2603976
2479292
2473488
3221624
2821986
2400584
2930099
2633019
2827891
2726456
3099296
2841205
2604689
2456364
2665241
2630995
2753394
2519223
2654755
2831902
2402859
2822358
2780873
2485147
2684099
2943754
2738757
2756942
2645130
3353427
2797595
3240833
2971413
2655416
2608879
2674655
2860654
3209052
2962871
2854739
2763288
2792792
2633491
2873396
2592408
2632589
2864564
2832543
2862137
2787088
3683840
2613801
2894349
2994722
2737193
2666575
2532436
2528265
2698395
2710506
2614252
2658574
2920585
2787600
3231569
3556608
2564507
2484986
3357838
2721744
2652108
3657092
2840483
2681382
2619115
2511644
2572177
2376653
2695428
2818778
2974611
3527436
4374682
2714866
3187508
2645892
3030102
3318478
2585851
2963102
2994621
3187167
2766046
3176591
3487695
2960164
2822457
2969809
4119498
2493859
2976777
2902289
2862088
2995945
2815770
2620247
2598272
2893377
2981248
3457991
3231218
3101372
2620368
2952786
2821185
2649812
2591646
2789063
2776371
3499325
2751699
3232953
2979383
2613922
2902851
2661823
2581791
2607325
2799811
2893627
4207711
2576528
2577069
2983664
2950190
2674073
2756281
2557600
2723548
2981408
2806838
2911943
2970701
3282247
2940465
3212441
2615626
2666394
2659065
2932786
2881036
2626353
3257695
3394570
3041721
3007494
3239539
3056327
2987243
3200311
2966200
3080759
2884224
3707730
3534824
3158214
2870990
2745754
3151868
3110554
2890820
2759670
2890770
3512528
3325667
3171488
2618674
2599806
2934721
3245214
2723047
2641231
2872444
2875251
2708691
2792863
2765283
3236732
3300523
3211288
3179418
3443163
3139878
3508969
2713794
2961157
2967754
2537028
2666926
2854378
3228912
3281556
3278668
2865356
2686755
2972105
3136470
2742255
2648018
2921207
2881667
2979874
3042020
2942829
3226253
3013336
3439871
2852280
2519090
3586501
2864881
2777762
2672657
2833462
3310916
2820530
2868651
2769121
2638411
3040595
2780128
2490518
2804930
3025015
3245642
2822494
2672617
2849804
2736699
2665569
3215365
3414698
3267517
3007631
3134752
3055613
3602101
2967451
3336300
3257392
2902306
2565066
2747566
3093488
3510439
2951089
2914837
3128085
3194102
3199927
3162381
3023812
2976733
2935200
2656185
2772820
2641538
3015912
3862617
2799908
3228809
3008895
2606140
3455501
3129368
3105658
2988112
3405024
3229902
3037648
3743988
3128315
3010890
3349253
3479812
2786875
2732398
3081417
2975080
2950819
2928663
3325884
3114161
2687344
3148006
3390797
2881433
3124456
2898115
3450709
3341413
2628807
3119334
3193851
3581909
2831277
3555272
3310294
3080836
2882366
3041787
2529637
2940483
2943811
2873293
2566048
2744338
2958668
2725060
2853674
3330084
2715094
2873965
2968924
3450719
3114872
2881133
3265773
2904532
2811397
3243617
2570209
2635243
2608255
2614430
2757942
2936272
3328280
3225822
3425124
3539572
3268229
3106180
3557568
2863458
2843468
2936583
3069748
2930035
3084615
2496914
2693600
2363538
2880370
2789702
3052404
2586239
2648195
2815277
3029035
3313373
2680026
2664316
2475600
2946177
3229521
2593057
2648165
2566590
2749702
2929705
2861774
2582239
2763506
2976443
2928934
2491601
3049387
2892863
3359258
3067683
2929094
2797722
3112366
3260068
3594902
2912541
3293612
3267987
2775005
3520364
3068996
3131875
2922217
3013817
3239055
3237691
3185590
3533137
3203516
2890747
3071733
2613668
2911489
2669770
2953917
3397826
3219816
2897093
2817632
2916923
2676487
2818655
2695254
2699826
2956412
3262183
2998168
3112446
3016975
2770624
2568816
2646902
2799296
2808690
3061607
2902105
2820972
3255587
3081428
3003992
2905885
2646822
2816691
2901714
2711345
3546099
3188618
3456604
3188297
2768900
3165049
3404803
3049226
2622480
2907900
2963049
3060986
3267447
3001927
2762754
2588485
2720387
2760700
3038249
3440342
3242082
3022289
3043683
2535271
2717220
3107353
2950467
2491711
2723284
3209190
3134321
2673630
2728207
2771016
2510919
2567041
2986789
2799387
2784369
2936973
2711576
2771496
2875168
3231275
2657319
3101077
3321383
2873443
2540745
3262103
3160327
2911459
3268690
3113559
2934988
3117157
3331267
3592115
3686844
3195996
3185921
3140045
3197259
2743275
2832951
2618460
2778123
2700016
2708448
2838475
2442707
2912482
2768960
2868972
2846947
2494007
2485806
3121639
2960443
2525607
2640627
2972272
2804971
3150030
2593096
2722793
2420452
2752248
2740158
2989366
3132817
3242243
3265692
2856541
2904501
2753391
3074801
3136838
3328621
3049237
3149941
2684046
2721922
2898537
3156627
2454217
2822254
2925214
2935109
3113579
2685880
2644086
2955640
2714030
3202058
3036291
3403195
3473151
2965322
3001233
3488069
2638329
2672724
2642889
2703552
2748336
2817409
2794160
2858262
2972801
3322122
3350372
3063149
2643923
3060391
3285519
2789248
3185577
3300356
3019037
2950965
3254070
3421100
2785439
3034306
2725267
2435667
2581666
2620413
2790141
2684134
2483809
2684835
2579971
2717578
2812688
3078979
2817059
2995127
2821700
2793981
2598999
2878082
2667662
3127731
3219161
3349149
2852608
2641506
2943497
3402574
3215583
2825500
3390023
3250881
3870783
3090527
2739763
4124653
3977012
3218199
2957281
2893240
2821931
2955618
2857841
2539510
2635310
3224616
3486936
3245427
3457592
3023047
3208544
3652133
3449111
2954445
3041935
3285188
2910414
3016060
3483408
3110578
3171051
3243383
3370162
2736114
2780807
3274822
3487377
3433211
2737046
3563289
3291464
3347375
3314943
2981914
3055499
2945151
2977723
2887255
2500300
2944610
2735683
2873029
3046175
3191071
2879867
2832096
2556481
3293940
3171031
3504360
3033885
2967758
3098979
3118368
2910113
2630218
2486265
2722180
3335515
3092963
3037684
2914956
2865320
2807525
3291464
2790813
2944901
2481112
2931026
2746440
3074667
3209988
3150468
2765168
3414825
3399336
2738892
3082788
3398674
3263964
3003088
2963628
3360528
2812928
3057063
2682308
2708605
2834743
3282110
3279414
3008912
2996120
3052883
3033614
2783263
2967588
2826282
3037183
2704194
2631782
2776506
3034205
2675983
2926935
2732164
2959889
2893982
2833700
2796427
2518546
2870382
2841811
2542868
2702570
2577675
2674800
2767775
3650017
2800406
2694259
3273869
3347485
3007809
3147010
2994035
3099350
3133055
3309550
2997864
3235814
3132524
3031559
3114047
3103220
2964941
3531949
2971377
2724536
2879446
2725347
2996500
2568311
2683642
3034517
2877260
2603550
3143380
2989202
2730681
3267845
3114909
3354974
3155922
2922374
2980801
3103851
3144904
2716525
3115370
3041605
2800727
2606518
3594296
3221016
3215864
3075088
3090237
2945422
3148744
3373551
2962034
2643190
2978746
2606588
3061073
3279483
2965122
2767193
3124443
2907397
3178338
2823885
2876588
2862573
2723563
2875225
3244876
3432609
2864388
2748145
2776376
2599189
2655000
2956279
2976721
2939838
3065244
2386232
2426223
3093475
3092031
2872549
3216004
3347485
3051600
2696395
3117315
2938054
2570768
2544071
3713969
3400789
2760887
3417000
2741077
3027057
4636813
2961342
3187262
3972099
2846653
3032110
3635421
3267995
3455005
3527248
2890624
3113977
3165135
3497412
2883616
3099541
3159351
2972099
3399637
3082808
3050697
3039670
3343766
3366864
2832959
3287805
2988751
3139681
3099400
3141075
2492340
3119410
2925862
2821008
3031108
2668083
3193647
3174540
3168174
3145656
3118808
2666408
2784977
2717257
2549825
2638588
2644322
2686757
2782008
2783541
2923453
2456969
3043426
2832274
3365366
2736322
2454613
3004628
2753135
3126115
3486191
2687720
3085502
2846510
2759481
2863593
2667690
3116580
2686136
2820093
2895162
2739882
2601493
2723821
2685836
2714898
2623528
2870882
2760844
3011737
2854580
2828174
2436758
2558826
3127147
2827101
2815873
2640932
2854280
2793757
2503787
2544530
2790519
2577192
2731851
2756885
2765957
2536529
3035967
2747701
2499666
2772153
2814870
2692091
2839653
3447734
3029922
2433490
2859613
2953610
2848736
2995686
2675780
2836113
3218607
3501530
2816645
3012789
3371271
3074815
2921960
2952828
2506844
2742538
3614024
3177373
2981820
3387001
3298268
3491865
3507274
3404174
3015596
3089301
3224683
2714869
2898501
3130525
3395031
2950572
2541371
2696752
3654425
3114615
2982222
3086906
3386450
3339321
3021611
3494010
3286168
3316022
3063867
3256322
2822369
2780824
3299150
2921038
3196542
3181294
2792935
3261044
3289246
2884726
2817817
2929749
2658997
2641323
2781596
2716973
2640512
2920516
3306017
2643228
2539176
2482323
2562756
2727610
2694748
3077261
2859222
3016509
2611297
2899894
2632310
2723531
3404776
3149543
3077783
2700813
2892627
2458061
2590976
3004638
2574775
2982252
2798629
3070705
2854099
2610676
3337958
3446572
3029410
2929559
3063467
2838700
3154657
3125362
3169092
2765947
2967836
2968136
3318168
3239520
2834490
3751460
3543405
3294287
3031647
2775672
2881899
2754088
3273466
3143929
2571537
2760824
2790038
2578876
2655259
2575818
2812374
3177825
3210227
3106715
2937198
2756253
3703779
3153864
3083396
3201705
3446090
2964818
3546774
3334850
2733686
3092159
2716122
2694116
2629072
2821186
3171438
3340154
2998192
3092068
2735991
2838219
3836493
3124690
3113763
2766579
2694237
3552328
2748262
2798509
2923093
2792825
3718416
3636670
3135228
2864114
3380766
2781456
2498032
3017080
3005952
2746448
2828846
2730819
2666426
2455856
2612420
3266719
3066584
2906371
3103107
2968447
2784153
3666586
3363301
3190978
3098284
3047416
2601382
2758247
2847973
2817847
2797516
3441358
2706187
3337567
2737496
3112580
3573081
3002262
2630385
2819532
2712713
2958422
3596008
2945750
3312764
3146465
3205494
3219429
3085633
2917459
2927093
3103758
3330228
2507987
2578726
2941479
3139278
2665845
2649032
2770318
2787642
3446411
3344164
3204362
2855693
3037972
3190186
2989210
3334950
2454222
2600922
2747421
3117442
2953720
2705324
2800524
2380847
2603708
2561201
2652121
2854440
2727550
2794088
2782729
2824164
2886210
2754809
2752984
2665604
2512208
2880857
3537210
2999415
2950391
3626415
2989680
2903874
2589302
3164019
3127939
2864816
2455004
2585754
2759671
2611367
3036128
2649784
2909740
2912837
3004799
3010192
2920998
2795953
2529211
2582024
2929750
2821437
3158426
2962753
3056117
3092127
3208278
3954558
3000324
2729142
3142262
3081609
2723538
2814236
3396743
3328752
3233161
3030962
2950839
3162322
2772481
3129530
3631383
2877675
2570031
2890709
3003362
2780781
2781644
2771970
2598763
3261482
3039634
3302866
3173169
2959140
3081268
3301854
3298516
3325363
2670906
2796792
2744030
3030230
3058090
2668469
3189992
3099935
3045138
3570260
2916333
2763559
2972274
3752157
3122873
2834727
2619706
3101399
3046902
3259116
3259437
3023694
2664048
2867661
2868092
2934439
3282254
2578683
3303929
3586039
2873676
2928083
2872443
2577650
2465649
2740841
2554011
2953467
2593721
3361585
2954088
3028185
3339568
2958379
2880162
3197571
2673411
2487794
2926218
2795038
2901356
4460902
3084878
3111495
3548635
3541286
3114652
3020345
2637511
2902458
2871039
3115524
3229822
3592015
2826407
3393053
3494910
2675677
3145400
2862378
2510230
3130141
3587313
3781813
3438007
2802918
3443741
3147274
2942218
3051073
2910679
2841886
3287758
3002199
3029157
3057299
3207235
3087905
2929777
2863700
2931531
2993077
2830587
2463041
3157059
3090562
3318957
3152507
2969036
3388382
3259397
3327969
3323829
3059444
3109189
3041298
2762185
4231264
3005407
3086893
3294054
3153971
2826627
3213511
3113860
3036536
3148247
2685472
3378256
2532787
2726135
2850718
3134462
2984224
2977417
2962439
3236469
3354386
3046731
2787919
3707475
3199847
2695176
3390748
3036466
2605751
2722285
3001217
3302626
3342987
3063334
3411399
2768120
2923351
3101439
2919601
2739809
3117409
2848211
2501268
3350336
3086231
3568466
3201541
3589658
3054350
2752170
2881726
3568966
3008155
2795479
2613300
2807178
3261182
3353253
2785534
3096327
3225792
2767348
2976123
3403400
2934870
2768651
2919982
3694102
2903390
3448182
2946238
3173320
3243065
3380181
2479954
2573068
2720139
2656719
3116748
3166954
2577419
2706635
2886889
2626633
2719477
2650483
3495953
3580375
3103704
2685993
3528685
2854477
2560548
3238264
3247728
2771408
2587876
2806296
2684890
2521739
2362759
3970588
3207165
2746486
2906809
2915501
3122041
2691798
3039894
3262014
3076145
3087414
3238434
3469887
2809033
2704771
2673201
3265412
2687587
2943321
2779789
3328391
3145340
3542019
3374186
2819379
2732410
2695898
2974981
2793143
2797775
2953306
2534411
2867881
3306415
2889174
3671905
3546610
3217542
2675928
3083845
3846556
3072607
3148057
3126222
3114011
4208106
2844843
3241151
3436122
3793511
3583894
3012185
3266174
3289703
2989687
3774905
2692299
3021188
2916042
3101761
3863999
3815247
2862638
3266475
3382207
3556756
2915852
2746405
3048426
3141841
3310676
3535401
2851620
2664479
2842508
3102091
4086991
3065438
3028134
3343308
3321233
3758644
3566249
2745653
2872961
3308136
3178049
4058044
2964261
3015961
2866986
2886966
2585828
2987881
3280177
2873091
3212957
3278352
4449941
2814264
3061667
3482335
2959609
3042949
3777568
3529955
3533424
3363496
3165478
3496511
3340237
3193629
2829302
2897513
2937203
3116194
3002848
3172395
3347265
2689760
3320598
3945651
3052734
3345791
3456891
3019520
2994888
3402274
2998678
3191222
3322293
3614818
3076203
2683735
3030588
3014548
2588846
3110058
3155563
3223354
3440850
3313129
3447758
2716327
3002227
3517905
3589936
2825141
2823186
2661860
2595453
2904230
2861743
3119973
2993645
2797702
3313349
2989073
3132354
3358845
3194962
2887017
2928200
2986186
3359937
3132915
3149498
3225829
2651203
3587630
3177438
2808800
2866355
3030628
2867467
3513413
3254893
3097697
3092584
2853954
2717139
2851998
2745912
2681429
2844009
2789932
2705138
3890973
3322132
3329942
3003921
3042528
3154410
3076103
3294051
2882104
2873433
3191794
3138008
2767967
2918215
3016222
2621278
2891588
2911187
2712969
2625949
2705109
3023109
3524942
2809130
2688447
2894265
2830053
2722412
2876481
2698652
2434166
2609618
2843167
3027229
3301710
2818103
2801381
2702974
2784439
4131920
3355356
2873924
2501717
2737661
3212546
4093423
3315094
3019270
2716136
2668316
3063070
2776629
3395948
2636155
2835939
2654742
3811153
3654128
3289921
2998176
3011630
2930817
4009712
2744659
2540093
2970637
2985805
3759643
3026307
2871257
2924751
2924761
3443367
3132425
3034187
2626831
2801581
3026719
3107121
2901944
3145056
2804468
3641956
3235082
3195102
2834063
3072804
3222341
3144956
3048072
3865610
2943609
3303605
3929480
2998888
3209337
3067731
2517327
2727485
3187583
2480122
2997053
2629960
2973384
2986035
3160756
2773972
2983530
2825882
2744298
3562888
3161799
2798073
3478817
3492340
3069587
3111101
2904220
3084404
3295024
2931017
2988822
3226972
2844219
3535680
2559623
3024523
3335265
3100223
3101477
3425402
2826354
2752328
3090709
3238471
2847838
3184726
2846244
2491712
3178801
2683986
2990187
3252156
2989605
3296818
3249178
3226902
3966624
3206400
3079721
3338463
2948602
3702048
3514476
2860200
3059130
3049706
4046936
2992512
3542737
3299134
3119181
3525474
3295305
2908681
2844920
2828449
2946316
2754192
3491678
2784217
3137577
2924962
2811677
3000803
2835868
2527041
3617475
2697108
2935068
2600797
3645706
2873943
3053195
3454715
3293089
3523038
3860667
4132512
2760047
3182972
3038468
3113587
3544111
2808549
3881690
3126500
3276828
3069576
3045205
3184105
2744558
3236487
3845088
2691133
3132013
2954206
2813151
2943018
2869533
2669639
2421836
2603643
2883758
3131732
3030267
3397382
3071190
3234762
3293149
3138459
2925682
2478466
2448972
3118597
3456938
3125244
2579991
2923997
3171941
3438552
3282519
2867605
2636092
2658690
3225295
2920217
3224543
3301056
3165223
2669627
2992259
2776265
2660865
2658850
2581746
2852447
2735704
3907231
2566638
3179479
2819173
2836918
3132020
3142035
2440500
2516452
3566544
4129902
3137534
3321938
3267081
3586173
3133104
2765488
2712916
2900268
2717327
3305928
2992489
2649025
2687292
2656434
2642329
2992830
2935867
2407427
2626187
2454565
2527519
3055107
2796376
3032881
3885737
3367713
3243461
3203952
2714761
2948960
2744555
2760355
3350270
2940208
2809168
2891445
3432096
3060541
3543626
3367483
3357087
2630689
2872678
2634970
3593792
3250799
3173746
3101132
2804145
3256955
3415924
2872537
3520488
3107269
2869069
2969842
3499986
2886202
3638895
2891926
2859706
3117574
2932609
2643642
2682189
2953431
2860778
3428637
2914312
2658068
3018525
3066345
3358540
3332104
3056561
2740475
3131559
3217024
4183225
3277637
3080451
3290680
2706410
2824867
3862448
3178247
3083448
2557194
2875826
3413869
3153555
3029292
3032220
3602725
2793519
3172623
3133695
2598238
2966133
3295902
3012850
4042481
3100661
3257717
3455324
3503405
3356867
2660945
2643360
3635226
2684684
3810126
2571921
2624704
2979407
2722861
3207891
3245716
2919906
3385649
3136862
2708264
2931686
2867625
3682766
2954945
2758651
3088491
3105784
3128091
2895466
2545304
2770220
4269843
3975583
2837579
3046315
3132331
2941311
2688916
2761829
2613265
3119017
3394019
3443715
3103879
3360024
2675091
2780577
2899255
3373428
3353859
2872648
2660344
3288975
3285467
3266328
3595627
2758641
2887856
2883917
2858342
2918474
2871374
3227160
3109324
2683201
3098997
3443394
3202066
2919295
3407162
3235290
3326841
3656450
3109434
2794211
3375563
2783093
3415624
2849219
2910955
2659842
2939265
3086446
2893380
3012500
2964058
3221124
2755604
2739272
2692655
2868578
2826011
2709608
3050305
3249586
3245576
2521495
3106616
3359823
3064600
3491425
3275702
2857661
2602077
2690089
3082315
3190398
3183349
3166166
3350911
3180332
3365297
2567429
3216964
2781920
2933641
2861370
2913852
3233074
2934262
2947436
2880678
4587693
2897179
3129945
2882814
3121293
3355633
2796726
3055658
2851124
2634950
3406983
3008349
2887425
3113544
2793449
3374230
3255411
3025943
2861230
3260905
3410942
2994986
3006044
2924980
2905791
2823514
2766450
2885540
2856698
2535851
2669376
3087297
2888718
3539506
2718730
2788897
2990695
2818231
3113514
3004981
2572312
2883926
3294891
3032310
3669092
2511359
3232995
3035989
2831224
3134096
3403494
2968058
2557686
2858001
2508562
3099058
2730240
2924769
3643508
2824988
2703823
3104431
2732064
2962685
2693517
2945040
3378731
3879759
3414117
3372793
3281975
3362928
3502158
2588580
2730177
2923844
2734819
4116915
4108173
3328161
2958090
3004918
3341665
3612457
2851853
2704131
3525296
2884224
3423651
2544469
3843938
3324582
2967875
3342828
2993850
3299008
2702768
3099887
4973629
3213412
2786820
2667249
3226736
2941599
3259288
3009389
2534785
2765375
2672563
2771049
2961027
3018853
3208671
2936736
2855572
2971213
3007955
2512599
2490956
2702467
2586847
3172219
2997389
2762729
3052587
3079997
3065039
3137682
2639680
2590085
3097320
3245794
3077520
2808193
2472028
2871713
2853948
3021771
3340802
2851061
2526504
2995154
2818409
2906842
3583202
2734147
2826269
2742608
3028076
2905628
3092749
2887764
3053791
3167427
2676141
3921613
3128879
3457646
3187166
2717555
3432964
3177713
2804383
3131767
2852956
3442038
2652151
2615077
3094693
3479682
3428143
2886340
2738618
3319689
3532114
4008602
2851011
3109170
2981699
2987173
2988066
3159948
2850930
2795882
3398648
3222545
3695886
2870239
3203176
3101912
2661284
3481246
2939233
3060869
2779461
2902490
3213913
3805542
3012938
2983454
3037570
2728503
3021118
2965499
3395821
3133422
3126915
4224435
3594330
2876875
2596220
2929168
3080648
2728793
3464725
2540149
2570064
3611163
3329484
2729856
2784112
2567468
2755289
2841487
3070804
2589062
2567638
2600782
2834369
3827106
3630621
2714247
3138364
2819061
2994451
2909107
3018732
2746087
2811351
2554165
2708612
2576941
3149803
3396022
3472614
3542269
2950391
3427351
2491918
2657253
2563818
3069621
2791702
2946792
2959474
3107917
3198716
3296211
3101250
2843954
2770759
3402909
3153191
4308487
3125191
3022221
2903933
3048487
3518409
2670537
2533923
2837497
3089801
3234997
3233373
3230325
3176108
3157322
3063034
2680462
2739731
3699064
3363009
3677078
2893808
3371640
3153552
2725044
3233794
3105511
2775741
2871603
2758409
3385374
2851703
3237142
2947704
3561848
3401806
2946250
2906009
2656371
2856204
3669208
2661434
2623328
2939975
2641775
2489321
2523657
2973750
2998703
2457902
2417019
2449902
2736513
3214756
3124138
2778929
3231268
2943894
2830560
2626216
2834529
2716071
3568706
3088488
3214305
2856986
2713876
3932952
3344031
3102794
2854340
3132078
3355340
3219478
2956677
4356698
3075956
3117150
2722347
2791852
3026401
3053009
2810920
2949057
2838449
2751300
3207607
2659028
3073641
3198876
2641494
3294015
3120468
2711409
2999364
2898731
3633218
3205492
3410348
2839943
3140959
3154434
2791662
2661284
2793356
2709405
2724854
3707575
3309925
2593714
2752343
2650086
2810970
3065441
2802168
2752924
2461040
2680342
2563909
2737415
3374337
2863973
2897639
2824965
2835071
2678085
2966772
2549252
2558335
2736573
3251859
4087260
3044037
3254135
3068375
3057879
3260538
3011673
2582102
3007973
3309923
3105107
3997341
3042480
3250162
3098269
2997837
2925906
2637762
2802627
3067413
2742265
3760575
3087984
2825755
2671206
2728490
2870928
2950829
3229290
3380119
2725683
4082315
2869244
3011041
2861946
2809233
3203895
3052515
2631246
2924323
3147905
3903936
2877695
3093287
2857385
2678615
2712480
2905145
2982589
3526477
2843770
2645972
3274774
2854106
2590292
2760560
2592729
3039883
2895911
2723157
2593431
2589611
2941686
2925054
3436290
2694946
3258974
2795288
2749874
2739979
2855639
2434010
2574724
2828311
3618599
3969871
3416671
2637802
2738817
3120165
3138441
2983481
4003366
3156136
3729347
2884382
2812180
2675467
3164035
3523811
3532552
2625300
2840682
3235876
3603761
3846030
3317652
3256488
3325701
2763418
2975291
3473503
2926338
2537590
2678404
2722515
4326949
3117068
3145358
2879530
2803389
2910618
3346474
2606343
3012945
3476341
3197780
3884396
2870236
3094971
2793273
2941977
2912814
4048920
3028575
3259124
3121187
4142625
3136005
3755503
4115448
3092706
3021006
2613621
2693843
2849736
2617842
3868807
3218743
3019251
2678475
2817324
3434886
3255184
2691196
3451317
3345371
3494737
2813204
2592077
3569255
2819208
2913075
3353221
2685442
2574723
3110250
3320048
3512241
3647130
3059422
2852392
2711428
2819559
3517564
2783318
2480396
3078660
2653743
3514276
2651958
2614324
2537600
2752361
2825675
2644609
2890368
2759929
2680900
2788210
3799594
3406124
3390193
3796776
3100877
3302474
3237490
3241761
2983201
3153479
3938974
2726054
3182221
2990881
3566016
3596333
3057367
2593291
3627220
3452711
3163494
3626037
3233851
2976133
2907581
2787128
3331998
2597842
2590222
2920383
3478215
4487864
2775779
2711477
2939460
3263485
3346153
3305632
3215064
2773754
2807680
4186215
3168126
3172266
2898628
2991211
2850828
3267235
3531018
3100897
4127137
3997080
3023663
2751628
2798867
2896011
3026309
2842026
2824361
2974680
3844526
3574417
3247485
3093979
4025641
3453443
3404931
3039321
3255415
3723442
2916564
3534487
3229811
3327897
2825263
3047171
3134351
3241660
2742055
3417312
3592383
4002734
3020023
3151203
3054851
3095944
3168978
2629561
2588769
2807689
3187313
3773888
3420580
3363296
2797964
3280017
2948884
2994017
2603376
2719107
2724450
2934429
3577715
2818005
2481368
2753012
2591586
2591306
2766917
2894127
2783779
2663797
2528397
2733934
2711508
2865926
3171133
3034891
3067462
3190471
3468491
2688600
2574955
2669652
3200768
4520226
3092957
2836953
3187313
3116095
3331216
3611531
2846968
2726946
3058741
3716064
3314373
2893385
3014990
2900292
2989397
2845675
2898056
2541289
2901596
4059808
4378587
3119811
3378000
2962918
2586401
2818314
2635203
3143481
2815907
2522570
3173166
3131922
3200855
2458329
2542269
3111119
2828810
2739225
2724298
3400858
2862725
2493757
2920139
3560679
4036125
3046186
2915187
2715565
3136192
5255780
2990918
3038577
3400637
3953888
2891979
2993584
2771496
2887889
3222429
3372968
2870315
3045505
3122699
3191040
3503285
3103862
3227302
2802373
3473530
4158482
2847828
2894746
2749772
2850905
3126779
3002868
2735465
3275021
3049214
2702182
3046948
3065304
3103550
3226039
3130679
3313398
2965785
3035730
3099611
3062337
2680326
2781641
2460725
2461618
2736919
2768078
4641747
2719826
3380516
3222289
2833783
3267723
3191261
3299303
3443425
3370482
3427505
3061976
3042166
2860510
2611875
3062137
2769150
3044984
3353338
3239572
3968374
4483008
3180234
3445249
3145245
3292285
3073686
2756027
3256776
3610254
2689510
4137409
3341879
3157195
3283312
2902214
3437439
2659053
2648196
2795656
2770323
3125385
3459264
2785271
3089145
2705981
2680166
2800429
2949333
3034025
2815737
3206980
2722804
3260414
3673884
3099821
3435074
3100844
3283974
3142438
3313258
2871808
3294651
3627187
3838789
3162067
3303734
2807697
3385991
3366953
2961163
2827768
3164113
3486172
3950018
3433470
3278651
3011469
3111761
3035380
2806614
3102418
2749742
2772508
3040161
3803680
2776138
2846214
3014246
2652827
2996612
2854855
2886175
3350792
3636200
3400346
3699648
3006346
2885814
3191692
3053856
3320476
2654552
2914134
3722827
2846986
3967171
2923057
3312265
3229908
3090267
3234710
3039189
2817672
2777501
2763576
2627373
2639805
3576640
2679695
2854905
2907237
3129065
3732692
2997755
2613700
2548115
3216665
3233046
3766577
3384266
3202639
2832118
3440126
3365498
2744649
3298661
3359835
3829897
3566665
2941333
3282269
2801932
3158077
3108302
3562194
3517662
2642351
2991770
2941584
3583758
2505878
3478233
3509642
3054277
3507546
3210680
3295753
3170518
3351824
2994326
3710455
2701129
2793602
3121005
3057876
3642054
3578434
2609118
3759840
3193456
3305920
2822063
3717534
3557722
3397399
3800271
3113615
3048452
3224344
3315173
3709293
2983308
3634064
2911408
2972812
3039260
3146538
3186017
2920350
3378592
4739292
2925212
3372256
3325188
2963679
3334711
3200424
2707666
2745561
2741781
2706392
3130910
2986807
2705981
2712317
2781020
3127581
3271884
2737060
3970369
3070628
3753915
3216384
2835527
2604556
2690252
3826527
3819531
3072833
2948250
3547125
3678536
3477951
3143471
3350651
3110738
2812940
3002086
2944681
3177636
3334230
3415565
3123390
3060182
3323042
3209948
3205788
3103150
3537602
2961544
3269096
2921302
3173073
3410088
3308994
2645938
2629296
3049181
3120290
2495500
2649437
2721478
2678841
3534180
3356514
2961280
3229935
2819303
2655783
2605085
2922553
2528784
3236422
2816337
2757298
3151438
3325756
2880848
2950062
3044028
3210006
4136002
3240683
3066464
3046675
2732726
4434573
3093894
3421557
3137844
3290758
3097272
2695623
3210006
3018043
3102395
3105071
2618820
3232862
2896307
3332614
3697370
2952207
3049241
3425737
4570364
3478299
3262427
3501898
3136832
2853921
2989862
2965922
3331741
2683171
4432247
3040209
2974464
3186306
2955937
3442149
2989852
2927466
3211579
3836930
3452214
3217665
3578170
2970594
3975449
2709388
2866001
3294077
3319280
3093784
2733097
2441806
2842602
2767203
3439351
3169805
2780867
3002735
3462670
3102034
3949444
2699313
2842943
3152231
2968649
2863966
3041913
2673567
2765538
2786001
2905670
2888106
2751493
2457094
2631662
2885249
2684074
3297966
2925200
2657316
2666259
3393075
2808777
3197474
2739854
2412672
2882282
2742451
2585617
2951536
2773659
2666209
2767112
2932217
3367591
3098576
3181865
2931055
3060911
3506410
4017664
2856296
3545738
3126325
3802524
3113302
3571895
3034504
3001601
2892086
3150696
3188913
2831765
3024700
3053462
3357837
2890573
2749288
2670079
2898192
3022895
2874653
3441387
3217244
2978804
2598058
3539804
3380253
3140933
3056078
3051707
3122275
2833399
2514868
2619642
3026073
2747924
3593499
2701858
2936768
2929821
2949070
2898011
3723385
2371098
2879144
2847896
3888190
2914232
3062755
2836517
2922062
2991275
3662111
2672083
2903736
2674600
3094856
2710250
2685368
2824607
3529839
2670951
2739854
2608294
2509756
2817118
2675442
3697901
2873640
3332794
3057492
3002193
2890823
2573275
2535671
4053715
3294557
2960057
3500014
3102686
3300333
3510360
3194556
2626118
2847635
2953952
3445788
2588093
3195609
3194738
2984960
2846973
3201233
2797820
2927526
3001031
3592086
3316303
3439472
3330578
2976659
3201955
2879454
2698470
2466417
2921631
3000138
3831437
3197043
3162626
2634670
2986213
3254387
2862141
2835003
3617098
3153774
4058196
3138225
3270117
3263971
3435943
3090435
3597058
2714680
2665918
2975506
3455372
2877651
3061763
3157533
3075256
2869129
3085984
3008780
2777018
2881550
2513064
2537144
2639863
3144009
3065141
2915355
3167599
3083939
2820266
2947526
2886974
3161003
2510277
2863886
2877651
3759426
3877262
2684425
2866372
2583882
2921431
2773779
3080871
2803473
3453517
3121975
2874342
3561479
3189244
2726831
3329686
3346609
3021161
3219228
2562107
2836588
3092640
3384403
2893550
2622871
3009632
3034033
2740325
3119377
2838742
2829500
2639552
3152221
3321796
2970774
2785188
3213303
3658362
3412634
3287410
2948568
3456462
2727902
3569125
2787020
2987353
2693466
2822249
3075405
2860665
3221372
3522387
2632011
2894580
3840456
2992877
2707070
3404702
3424762
3634529
3192108
3625255
2869768
4080810
3012226
3066512
2901548
2993499
2882681
3152688
3755703
3212228
2838149
3229030
4021742
3169572
3199005
3278715
3098432
3234976
3007855
2773667
2550807
3338396
2797637
3517144
2590447
2895623
3015404
2763481
3043745
2861588
2558086
3717557
3527961
3754109
3013730
2549093
2957930
3021509
2959323
2706338
2711531
2658828
2761236
2944576
2990040
4079536
2563078
3144678
2870339
3203888
3338616
4017511
3239928
3226034
2868455
2706407
3879584
3046492
3353523
3080818
2724614
2860375
3050402
2820284
2523519
2495287
2396731
2583900
2673535
3034512
2781837
2550366
2771571
2749065
3222815
3438617
3814420
2596773
2983353
3901800
4269424
3203727
3191777
2989088
2758629
3669948
2850870
2879823
2798900
2911673
3776806
2958410
2895001
2697676
2800253
2686738
2938932
2654578
2650097
2545213
2763321
3763573
3181712
3022562
2658988
2810780
2678929
2834410
2616813
2770399
3039093
2937348
3451459
3529525
3096087
2646026
3301854
3383017
3771072
3442095
2985418
2855332
3620133
2980055
3189852
3484092
3080106
3124367
3072848
2792805
2824514
2491377
2757736
2625304
3259868
3037269
3096377
2600241
2805767
2783211
2890039
2916445
2463237
2925248
3519961
2699700
3391388
2933017
2915593
2793838
3055846
3072287
2807391
2954441
2524000
2538015
3028297
2912626
2639179
3307106
2730649
2840354
2732524
2717255
2822951
2977840
2769266
2426816
2382925
2746338
3445976
3001288
2749947
2797467
2578547
3884286
3412522
2679721
2451829
2743411
2781627
2479167
3943516
2693385
2702097
2576100
3116577
3711402
3453555
2738999
2432159
2802429
2888465
4287930
3242695
3216519
3120157
3835324
3533956
2926391
2803692
2909798
3598850
2994813
2574557
2876445
3690209
3286344
2812514
2874971
2528030
2640653
2723692
2792343
3098121
3181742
3002712
2634457
3268459
3267337
3244789
3248720
2592402
2765235
2712443
3811604
2898721
3033028
3140699
3013920
3269763
2881217
2990301
2954841
2735290
2674538
3428722
3183466
3046081
2886451
3971886
3291387
3545696
3196620
2775992
2912776
3225772
3488131
3007755
3586288
3181902
3396200
3140738
3115777
2942110
3273813
2998482
3247056
2800263
2939965
2843101
2738669
3254253
2912586
3354846
2697906
2908556
3190494
3457354
3364521
3177782
3029389
2882991
3166153
3251828
3235738
2660833
2894150
2858249
3339899
3129651
3086924
2578346
2945448
3207967
3553726
3293382
2992436
2953859
2624001
2728584
2631911
2920285
2890200
3798691
2788464
2998361
3042542
3186633
3609095
2919242
2613604
3034000
3239387
3625145
2642257
2569855
2702719
2671879
2767369
2533923
3033647
2764472
2626655
2596258
2929586
2929777
3533311
2538544
2790948
2633533
2693804
2612651
2721252
3030830
2625613
3105026
3027762
2983702
2553641
2677513
3378112
2974088
2804582
2863961
2573843
2863219
2859580
3123132
4418926
2755980
3180917
3395476
3017346
2660561
2900703
2836762
2886878
3188776
3420248
3205108
2709042
3077477
3479978
2952613
3441411
2690696
2726557
3258883
2683097
3776192
3590225
3082149
3362834
3688451
3039632
2777454
2719428
3406804
2832221
3000333
3085307
2619417
2757935
2642375
3080365
3395155
2556790
2568760
2813114
2472047
3302111
2694455
3110210
3308688
2954338
2893265
2746827
2869334
2701213
3574485
3275665
3496379
2681443
2830618
2842277
2633853
2972464
2753835
2977567
3059893
3768944
3209359
3411336
3061327
3108445
2967220
2912683
2917084
2593231
2575296
2824341
2971010
3126140
3349099
3114741
3036114
2548940
2900352
2532749
2744992
3028053
2505672
2724220
2727819
2587677
3411466
2766977
2765213
2909025
3324207
3210100
3150049
2884503
2968654
2533581
2862719
2962057
4196777
2986970
3015802
2831129
2818989
3714577
2873957
2875851
2717915
2794246
2585803
3603669
2807299
2669111
2632951
2614084
3183464
3067733
2791559
2617993
2600951
2821485
3049337
2647447
2564379
2420758
2450563
2431525
2471455
2954267
3182582
2687197
3199252
3120014
3048013
2594896
2794898
2675598
3401731
3674798
3335235
3568290
3510524
2983682
2854257
2845174
2513371
2850578
2810406
2794978
2717584
2928303
3012504
2674385
3670897
3211815
3233589
3327636
3089357
2740811
2740260
3786959
3602366
3049627
2841645
2733213
2873305
3572650
3386774
2891911
2777664
3577523
2815069
2747308
3114060
2710686
2707158
3250913
2621222
2814647
2996454
2805113
2827440
3108135
2694766
2916303
3594115
3233369
3048806
3007652
3033026
3109959
2982799
2867751
2672290
2781063
2718215
2895420
2903089
2691889
2972363
3204927
3135232
2790737
2692681
2543758
2457290
2903581
2717844
3441451
2688350
2801404
2677192
2648440
2567246
2523998
3289850
2680380
2584490
2831580
2527737
2780462
2607036
3204547
2763278
3283665
3400509
3060114
2349840
2528600
3051251
3038520
3199183
2811459
2454062
2788973
2791910
2776742
2759609
3209147
2583246
2794046
3240517
3647459
3553944
3099473
2950930
2925375
2807740
2851971
3426122
2950919
2800301
3038098
2954679
4463748
3086009
3643730
3136937
3484559
3118199
2573832
2669573
2656891
2993086
2658445
3239082
2601763
2645523
3352077
2813806
3046289
3009547
3114881
2722786
2768702
2506554
2649894
3118630
3111523
2896022
2837174
2753454
2610564
2947571
3173468
2422472
3102860
2849786
2902788
3117658
2744401
3729555
2808602
3642876
3132796
2966629
2630916
2736241
3352548
3843701
3658065
3255123
3354513
3684281
3310462
3308718
3007711
3083941
3240464
2803868
3165837
2742775
2866926
3154929
2662753
2844901
2900210
3988953
2674744
3273978
3272014
3287692
3068181
3027329
2910837
3524638
2982967
2964240
2505299
2699847
2638263
2986777
3225096
2610924
3355543
3154649
3094207
2923448
3075971
2760629
2627987
3182989
2820640
3224534
2722945
2711626
3321919
3443694
3175461
3105545
2554732
2941904
2616648
2963207
3390791
3065214
3272644
3295021
2903177
2810034
2920200
3228854
2891437
2854545
2801903
3631295
2777773
3066638
2777782
2581390
2944180
2703887
2646904
3260464
2894074
2958657
3586192
2678774
2418180
2900771
2843728
2788850
3024773
2680278
2781462
2551485
3133345
3251542
3425137
3413398
3312725
2985815
3016351
3789803
3251612
2871457
2858645
3213266
2960982
3587415
2954647
3217697
2918265
3344816
2925634
2938566
3196985
3746414
2678994
2867258
3272344
3226318
3369107
3487263
3068923
2502061
2817653
2855207
4179511
2854916
3110347
3065174
2866104
3043019
2802825
2626152
2704879
2492567
3177827
3315743
3697631
3005986
3255342
2839748
3012502
2956070
3036311
2653982
2816409
2823748
3209626
3236785
3222229
3080151
3181265
3120653
3265206
2875317
2983238
3529379
3841021
3072712
3178739
3023860
2688448
3204243
2704288
2586683
3088373
3515875
3486391
3167812
2691997
2818736
3141626
2913052
3032812
3427493
3461168
3104072
2722063
3303071
2749571
3019078
2891819
2838566
3037204
3212804
2533509
2518913
2610713
3031801
2928030
2926085
3156453
2709591
2798674
2789893
2979459
2885643
2866476
2836690
2739417
3189937
2537489
2558582
3274258
2849582
2623676
3168232
3080141
2757511
2883849
3523775
3581310
3577279
3099129
3400004
2947528
3052824
3492155
2860991
2896862
3076232
2728840
3365939
3299543
2769993
3109515
3365267
3328705
3703606
2749432
2841753
3203311
3020893
2857222
2853743
3390701
2742093
2609550
2900912
3113194
3323683
3053515
2623385
2477739
2601059
2608267
2895418
2990105
2585820
2411452
2784870
2792419
2502381
2643967
2485910
3128984
2514522
2698644
2917443
2688609
4170067
2632738
2892160
2479824
2605811
2914075
2722865
3002096
2391583
2646723
2538452
2672238
3175381
3102979
2884230
2608969
2906105
2519414
2725311
2868530
2914696
2876911
2482431
2558121
2619676
2817933
3650353
2984151
3140403
3152714
2658644
3149856
3659505
2678152
2813302
3303262
3548697
3415182
3116673
2703957
3042427
2581400
3339112
3226890
2924431
2999689
3004020
2699506
2917033
3361287
2964401
3202989
3052331
3550683
3028952
3610151
2915227
2710133
2928852
3102678
3645681
2672879
2616036
3294339
3716278
4563103
3314880
2950907
2768108
3059269
2985574
2776008
2821964
2788349
3182389
2886766
3136583
3333036
3048252
2730965
2872510
3166749
3118097
3582673
3256404
3352174
3338337
3190055
3370277
3195559
2727935
2845190
2859696
3685126
2913220
2838693
2678251
2877100
2942163
3765750
2870694
2598831
2762292
3333575
2787295
2849580
4296250
3281775
3196120
2999236
2538018
2873009
3164340
3411520
3281033
3295159
2937230
3441766
3476133
2973752
3240712
3247970
3075869
3071417
2976719
2956087
2777880
3160280
2793109
3223098
2626371
2497868
2800718
3192932
3326538
3008439
2873952
2915155
3021802
2929030
2889792
2901852
3296021
3193734
3074254
2968529
3206125
3255990
3253494
2906914
3484153
3182426
2866142
3214205
3102796
2782542
3073934
3005521
2907214
2703002
2752727
3440373
3055206
2675664
2998213
3005311
3082645
3586379
3406698
3072720
2949160
3058746
2843585
2732556
3219869
2600355
2916168
2517708
2756828
2470249
3715032
3212681
3086695
3035958
3433967
3244071
2963476
2435310
2875575
2795345
3187859
3704886
2949892
3047347
2747494
2958634
2871867
2838553
2782763
2472675
2613528
2763254
2913852
3014926
2593798
3013632
2716577
2836919
3290066
3427239
3227238
3108731
2988298
3099327
2776568
2956719
2685850
3511271
3044359
3372032
3334356
3118635
2653087
3333524
3372151
3615241
2668165
2946985
3031758
2886393
2880549
3372202
3007176
2867265
2927486
3293284
3225243
3132500
3329153
3014855
3293334
3003496
2913281
2831595
2825740
3556886
3108831
3060359
3546048
3392212
3519291
3144772
3183939
2904909
3471280
3219158
3031437
2880879
2841951
2828327
2825610
2653589
2699123
2489537
2591593
3566709
3065482
2912469
2862613
3283178
3081301
3456262
3020659
2855916
2697509
3072229
3255669
3061442
3325445
2935035
3039517
2976088
3374929
2644656
2538760
2925721
2902985
2864990
2928739
2695764
3286798
2809209
2811274
2791244
2609227
2960369
2960188
3163970
2929892
3153092
3056600
2961562
3019868
2950895
3106715
3150656
3413516
3287379
2875255
3527531
2929150
3312702
3144471
3663834
3045752
3038645
2537257
3493547
3230697
2852739
3229704
3158666
3457125
3440513
2907756
3209504
3461887
3275720
2824588
2723213
2665197
3235619
3459381
2800166
3168641
3269935
3484975
2856608
3071237
2937441
3038163
3012168
3717589
3013412
3298096
2919285
2831786
2644696
2846333
2907105
2874072
3085844
3126074
2741168
2774201
3336803
3671312
2971386
3245915
3490147
3446137
3489497
2659483
2757690
2946213
3122044
2882954
2794803
2817119
2650932
3209764
3119608
2561176
2762682
2538611
2662551
3225373
3430909
3518880
3078414
2916087
3063909
2771354
2449587
2615152
3536243
3151489
2550961
2933742
2976078
3278697
3269875
3419450
2812517
2561557
2807545
2827004
2604816
3125844
2669218
2836658
2707494
2739985
2673538
2523833
2815224
2785039
3045231
3065302
2920077
4118574
2785339
2712236
2675885
2712276
2804928
2696234
3199496
2815814
2999544
3002813
3119887
3132558
2797628
2508814
2914782
2952155
2745005
2673486
2817107
2705868
2964166
2808325
3218293
3040217
3054483
2811121
3836754
3201671
3045891
3066412
3210864
3294825
2924436
2601616
2798280
4047854
2898150
2999945
3033279
2752996
2846781
2886441
2528393
3003735
2854360
3032016
2483440
3496320
3098171
3632312
3593033
2976216
2999895
3110443
3299798
2583882
2935995
2871604
3113901
3225973
2926301
3052126
3133080
3514757
3180558
2881528
2885278
3017590
3527700
3490195
2997700
2922441
3054221
2751603
3272399
2944526
3196769
3142252
3376309
2846721
2677085
2623370
3007825
3288829
2686579
2762280
2542037
2499079
3051044
3310695
2627321
2748876
2719081
2678890
2770259
2437113
3048136
3944696
3138533
3257773
2912456
2682419
3304580
3356490
3042502
2563310
2884696
2545555
2444562
2558107
2879483
2725236
3001429
2653065
2705026
2510999
3379006
2548222
3097330
3447277
3585885
3031404
2911423
2919503
3038392
2686789
3453843
2808856
2466557
2644173
3613163
3601324
3312630
3044637
3289060
2711743
2919003
2896576
3025911
2888285
2529826
2492292
2647491
2954541
2959995
2573185
2705567
2672785
3046242
2547922
2864255
2767412
2634508
2380382
2533144
2757186
3225201
2799021
2685196
2939995
2479490
2763211
2897438
2574649
2997981
2850380
2733486
3464892
2789568
2725417
2899163
2830862
2822059
2668774
2517956
3164588
3643801
2780385
2708083
2492763
2837368
2877889
2690349
3050061
2966803
2591611
2750971
2647131
2923834
2574459
3359206
3463087
2835784
2799212
2824455
3369352
3291818
3204028
2818259
2585746
2953689
3173782
2796184
2742149
2919644
2994181
2858019
2746580
3357122
3121420
3107535
3184097
2701065
2768114
3334855
3037550
2820435
2899423
2578258
2459149
3114372
3499248
2860105
3057169
2800906
3408540
3523359
3026683
2445635
2673918
2736354
2503760
2762189
3134944
3563870
3940213
3108868
3611810
2920877
2649336
3331336
3507298
2949960
3427608
3003434
3368170
3305712
3154613
2817989
2572574
2932486
3565605
2867513
2695161
2799763
2748574
3103274
3261321
2676805
2990291
2818049
2963975
3060147
3358495
3029289
2739903
2891944
3266042
2686970
2970702
3675571
3189912
2560182
3283216
4216477
3220378
3260198
3174523
3641404
4072075
3372821
3125792
3293482
2992146
3383958
3131756
2458267
2877268
3229952
3505584
3200860
3133711
2758430
3133270
3208679
3019274
2878531
2786861
3101841
2903844
3100287
2892346
2963293
3081289
2929479
2729277
2989680
2764234
2830350
2870059
3159425
3103846
3259496
2747171
2784977
3179877
2635000
2915835
2859814
2647411
2806651
2677437
2645316
3075134
2925969
2687281
2748515
3235546
2951112
3308228
2854530
2725357
2502397
2911323
2913017
2665085
3128709
3357142
3175817
2730199
3005950
3371495
2835070
3008685
3226211
3309008
3294592
3459134
2972094
3481681
2735299
3380818
2670848
3099392
3144054
3757332
3363505
2764001
3156024
3231874
3314762
3220446
3455395
3782275
3529902
3188165
2788062
2727550
3169708
3569521
3408898
3032275
3105147
3208486
3435205
2923822
3478443
3229659
3245899
2917516
2625153
2726497
2759550
2936544
2871440
2839501
2762658
2719750
2499358
2567448
2733304
3078039
2999833
2588080
2940565
2603820
2876233
2880624
2921306
2369382
2719349
2866699
3443715
3147282
2645605
2919020
2915632
3082781
3120185
3233238
3058570
2941005
3025377
2978189
2858890
3275674
3586574
3089117
3047633
2788643
2699800
3099122
2788763
2691289
2805155
3506975
3754054
2859722
2809746
2759800
2770718
3219785
3272877
2938729
3301469
2955742
3380708
3059021
3009978
2737083
2588211
2613534
2382275
3100605
3669823
2652822
2659589
2447236
2652692
2531338
2782177
2564761
3142490
2861897
3282892
3132175
2981517
2825145
2592481
2877616
3164265
2689905
2696922
3568880
3357870
3037728
3228336
3159754
2767500
2696352
3086420
2949918
3175032
3250211
3007060
2758387
2958660
3031843
2988234
2729003
3058240
3518634
3230521
3390512
2994930
3476007
3229177
2959822
3021477
3381018
2944413
3101397
2997838
3382743
2551648
3154350
3178721
2970028
3152105
2709785
2396469
3128556
2912644
2927371
2808543
2832533
2830418
2948724
3768911
2728894
3023292
3157548
3490925
2869095
2993617
2620582
2737325
2718527
2952926
2530646
2686788
2548591
2471127
2684934
3000755
2629604
2730066
2672872
2587269
2519668
2867832
2708051
2609023
2661053
2663790
2694477
2892494
3081287
3234982
3488358
3159473
2865596
2818257
2892944
2604010
2606045
2879551
3148525
3012654
3128174
3252817
3053137
3164836
2763169
3001357
3192666
3333318
2955131
3057558
3368748
3171824
3009276
2944804
2620872
3506453
2894298
2709424
3019301
2922639
2902398
2963842
2638407
2897075
2770568
2585383
2494114
2910930
2729304
2621384
2885025
2766608
2861917
2828904
3217309
3567637
2742798
2947652
3274531
2907361
2791681
3059612
3390643
3193197
3061567
2744041
2483929
2667650
2791942
2891882
2631790
2660512
2636873
2955762
2917917
2871892
2777134
2683219
3113678
2605514
2972083
2588421
2845144
3302623
2776071
2968304
3045427
2649474
2682056
3080706
2761174
2804713
2555950
2779170
2585414
2570756
2767269
2571128
2610406
2650236
2891972
2661164
2703039
2779029
2799470
3128956
3105217
2753374
2672191
2744683
2510987
2664942
2557002
2515769
2907431
2660512
2696321
2944564
2911942
2718557
2605804
2643890
2823661
2673564
3315184
3596720
3081407
2872363
2765565
2792593
2889626
2584582
2605434
3013647
2966068
3767578
2706087
3080374
3444397
3104455
2927602
3415304
2724212
2776934
2515077
2959201
2908123
2809125
2883541
2951372
2886117
2933026
2576118
2795609
3029936
2600289
3250048
3452796
3052693
3410009
3362018
3342269
3016111
2968362
3200614
2852110
2921795
2967730
2941906
2876511
3386620
3155330
3335010
3538672
2995069
2621923
2847408
2931780
2786967
2688339
2577070
3236774
3328715
3014798
2946417
3319321
2882566
2990337
2635117
3034116
3059109
3110889
3492055
3080783
3387794
3285086
2811999
2801293
3048322
3262910
2978507
2753111
2719177
2697462
2768671
2839598
3058898
2742075
2773433
2617472
3197476
2817113
2893374
2790917
3162709
2848892
2998046
2693352
3004653
2835217
2558784
2565912
2597030
2681513
2904562
2638705
2628600
2673693
2936733
3176223
3018427
2734505
2751979
2652891
2677613
2795267
2690234
2950547
2790195
2681652
3082547
3175310
2696240
2673783
3438650
3428986
3452195
2800250
3254379
3051269
2983108
3553950
3506681
2897183
2954367
2938377
3091510
3337106
3348043
3201997
2923810
2909915
3057655
2942698
2567015
3447673
3770662
2942877
3002106
2804481
2890085
3046388
3065064
2799909
3389046
3497188
3141926
3149265
3267802
2951560
3277607
3075861
3369226
2763337
3125516
3413899
3077675
2958627
3321667
3105426
2924381
2799809
2853624
2650184
2800481
2706074
3099591
3321808
2979600
2772861
3239270
3108572
3393517
3205706
3192333
2943449
2928903
3200644
3365527
3063359
3276173
3154107
3226498
3698863
2700780
3045835
3270809
3429437
3088092
2882426
3334199
2937174
2943670
3451112
3361748
2786526
2710385
3029836
2953805
3110217
2838767
2944141
2824912
2666996
2706525
2982316
2835678
2762505
2703097
2714976
2786515
2322473
3050387
2994798
3054789
3622882
3060953
2765252
2658444
3045174
2724781
3275582
2984051
3490972
3357156
2834657
3012222
2581371
2845454
2683808
3032321
2780280
2832160
3377508
2988482
2982998
3378740
3379191
3124944
3127852
3219822
2671006
2933975
2955440
3033204
2814606
2935540
3600927
3227672
3158368
2957995
3394440
3325918
2773604
3002778
3487884
2781202
3391332
3856097
3017164
2653643
2757403
3128824
3517057
3113696
3135731
3426500
3429177
2919710
3499603
2987399
3327221
3569668
2621853
2989254
3154799
3331583
3016973
2920922
3374459
2802425
3255141
3793961
2911789
2965675
3053164
3000502
3351552
3328374
3006738
3021726
3121606
3632416
3176744
3553880
2823268
2913023
3883115
3036331
3176373
2979279
3533067
3357938
2892181
3026107
3050477
3176543
3644506
2917575
3088402
2945754
3409698
3110297
2807418
3266038
3002557
2650605
3257487
3301767
3007510
3087700
2884371
2916742
2924090
3263632
3345697
3015951
3144653
2747147
2645371
3083610
2826726
3120824
3034899
3152483
2827759
3305446
3343742
3015429
3055310
3859696
3005244
3204593
2970357
3329276
3595604
3022397
3177797
3281657
2703327
2703085
3242958
3230135
2672327
2876159
2893501
2834102
2773390
3010474
3167187
2949331
3447891
3115017
2965863
3197183
2953732
3059748
3439360
2847647
2896419
3062665
3007076
3160291
3605195
3204511
3166496
3123398
3408342
2810985
2984138
3157543
3077572
3132861
2588226
2725441
2789421
3066425
3434347
3082125
2718964
2792349
3024069
3502949
3237444
3156159
2927006
2841631
2792077
3150125
3035637
2842884
2785621
3155789
3546999
2956058
3043858
2708890
2824338
3169142
3105403
2649871
2780358
3349394
3079317
2673901
3109863
3068751
2804408
3024921
2839677
2543304
3022425
3198727
3081974
2543825
3017111
2864870
2801361
3100249
3008349
2804609
2499875
3429034
3160551
3276211
3081833
2869011
3037322
3226836
2782363
2654493
2823847
2641089
2720518
2491975
2942104
3133122
3376261
3712896
3018997
2837251
3165914
2927688
2996701
3001111
3609536
3277173
3594308
2982906
3212471
3071608
2862214
2812328
2983046
2430952
2635695
2904920
2828168
2952480
3447410
3209424
3446929
3789939
3229414
2953011
2836669
2650482
3071478
3159458
2956249
2866003
2632869
2630472
2517629
2806483
2981963
2870473
2825892
2546111
2700939
2602893
2925462
3207568
2717340
2922113
3070906
2907607
3291990
3289072
3048109
3017523
2694744
2813862
3068380
2399924
3039287
2961793
3193694
2751356
2951116
2920730
2592548
3355480
2947587
2700208
2981171
2777711
2511134
3056931
2728829
2757300
2648378
2449058
2831757
2695114
2557810
3202777
3248731
3180060
3647311
2925231
2974454
2749892
3176771
3274718
2821651
2640017
2862464
3236000
2883416
2688057
2745331
3285344
3409335
3209433
3054035
2936188
2704979
2993633
3249534
3021462
3374758
3184161
3158425
3133784
2705791
2671666
3175408
2964359
2929111
3206928
2779456
2870424
2563706
2781000
2988089
2414521
2975497
2687395
2971016
2558151
3245534
3059367
2634112
2967818
3380351
3205143
2769832
2799135
2881652
2473950
2889532
2800308
2998385
3277895
3500232
2716117
2481128
2805090
3238466
3137283
3450287
2806083
2829602
2914765
3483531
2845712
3187349
3150646
3281785
3193053
3704795
2925140
2802824
3159157
3111578
3521756
3477465
2993602
2857682
3134415
2915296
3019418
3552544
2670433
2708257
2669791
2673420
2802594
3214928
3376943
3360512
3453215
3515220
3275700
3159910
3520323
2984019
2817702
3916987
3083257
2761762
2961632
2656678
2849000
2912831
3043558
3288582
3047398
3232140
2777431
3176381
3023738
3226075
3026275
3081132
2897773
2683616
3205303
2743837
2884158
3388873
2985342
3101283
3193032
2735897
2695746
2487524
3176090
2906946
2818564
2897171
2871948
2927688
2491043
2791737
2731305
2594352
2576738
3304863
2983146
3491560
3443991
3240281
3324832
3334808
2598964
2957703
2792218
2549058
2723986
2921983
3015658
3078746
2738712
2672165
2517929
2639283
2706571
2603723
2896527
2665238
3456510
2990954
2508776
3112097
3743850
2746331
2476986
2680456
2546731
2764908
2918442
3404670
2829650
2601749
3447127
3136849
2541868
2907184
3154894
3328209
4464355
2869891
2773730
3071255
2984267
3097641
2699673
2755714
2896707
2535332
3705043
2861620
2758943
3057310
2882823
2792046
2839033
2789428
2588665
2999525
2698742
3083686
2790050
2564615
3618325
3574085
2899374
3300088
3055095
2928587
3056327
3376189
2664977
2699433
3218825
2896858
2667444
2788606
3027445
3238564
3412731
2762622
2533257
2480896
2953029
2866552
2738009
3198002
3312048
2768627
2720025
2949049
2426119
2549818
3352128
2621277
2630210
2759764
3012617
2676586
2879184
2800056
2501758
2734280
2830461
3159816
2631723
3345031
2863134
3137812
3205201
3344058
2920116
2786542
3029109
2648315
2655173
2772887
2747624
2839253
3766737
3121110
2628415
2803804
2749117
3180859
3115435
3031054
2714321
3115967
3435067
3087235
3188127
3069981
3064367
2977329
2721007
2906532
2977169
2778883
3144278
2848276
2888528
2695944
3013570
3232328
2848005
2972106
2796416
3345632
2700576
2802792
2716938
2728526
2953981
2641869
2892046
2554339
2679162
2603422
2969901
2428815
2623734
2565368
2818091
2740797
2670120
2902713
2830472
2726561
2845580
2856878
2578049
2415993
2828497
2547312
2784256
2649308
2770291
2908608
2653127
2925630
2924337
2928698
2711213
2651904
2663132
2773740
3390515
3552290
3170494
2954663
3158815
2960858
2766471
2887505
2890863
3187456
3509673
3457613
3143315
3112649
3298284
3204970
2679795
3318183
2986141
3096568
3199576
2924648
2694561
2823715
2957951
3007395
2860316
2891685
2876717
3162213
3254404
2781559
3041781
3540741
3219537
2749810
2933329
3753664
3246554
2987595
3235737
3008968
3144198
3254875
3016117
2755354
3465372
3387457
3093651
2762521
2664154
2612936
2805910
2740396
2590090
3036849
2959605
2928778
2636596
2509007
2781449
2617588
2591744
2615583
2855394
2706822
2597427
2788767
2865259
2483462
2597177
3387727
3310644
2720887
2919816
3035205
3553533
3096548
3333512
3062362
3133541
3112618
2830031
3133410
2769760
2845339
2937089
3244970
2467632
2442650
3113199
3416460
2931455
2989580
2786280
3152979
2643944
2966292
2776817
3018934
3235947
2815514
3142072
3341161
3092037
3275186
3449071
3117992
2752266
3437623
3277743
2911755
3128398
2853319
3019986
3400780
3002703
3122724
2751424
2965299
3033470
2724516
2548967
3384330
3143837
3067445
3466726
2787494
2705087
2707584
2770983
2848687
2662240
3006864
2959525
3281371
3517783
2818111
2874421
2581578
2644676
2599673
2435302
2599122
2638150
2706391
2710060
3052036
2960948
3046313
3022593
2614661
2965721
2644435
2749338
2924868
3191466
3224409
2839053
3266835
2826592
3090193
3122594
3252138
3258403
2745717
2791001
2813648
3244476
3066130
2928695
3130381
3262181
2987683
3349259
3222812
3328006
3175143
2680724
2759752
3293409
3091423
2862751
2944926
3159454
3291725
3484478
2979433
3066892
3681752
3197389
2775441
2906410
3335745
3860009
4111328
2863502
3033588
3479285
3390061
2686369
2824254
3113128
2952676
2798079
2767121
2532573
2490387
3495996
3177730
3299825
3114792
3485510
3040917
3582995
3499384
2964214
3097959
3244637
3214763
2816765
3613251
2894109
3790023
3370232
2732915
2739261
2918510
3266431
2942480
3178722
2829658
4336402
3183363
2662599
3006009
2910230
3511907
2813146
2655411
3397299
3228687
2954761
3217720
2700674
3046350
3206753
3237619
3288527
3446372
3095173
3634443
3235895
3067723
3010210
3234331
2600033
2753366
2937989
2640544
3231454
2758410
2790900
2672254
2633636
2834590
2496202
2946380
2776224
3159414
3111363
2825808
2556454
2922801
3485169
2847612
2830771
2524423
2620544
2685296
2715832
2634539
3366933
3107924
2931734
3025628
2890711
2706269
3318933
3090742
3341299
3088666
3174431
3171072
3344266
3032294
2775101
3071614
3082792
2844003
3036645
3036896
3369509
3373520
2698980
2839151
3064536
2767061
3234682
3485660
3050962
2959914
3310532
2990701
3249749
3415454
3226762
2990591
2806299
2794781
3658353
3221208
3688549
3228336
3098841
3133889
2873428
2638278
2931373
2670659
3069418
2825717
2991252
2512594
2635060
3081759
3042721
2463811
2912475
2854670
3394292
3778504
2960836
2686950
2968586
3021929
2632122
3352939
3083243
2938209
3005006
2976315
3325920
3219283
3419685
2742359
2916566
2878740
3110651
3001538
2865667
2944997
3316968
3586584
2669557
3772630
2868966
3114260
3315735
2930300
3350933
3188717
2829437
3363756
2839342
3668980
3387435
2759201
2893016
3233810
3077017
3493200
3470603
3330171
3310692
2801166
2872073
2797547
2757948
3228727
2920756
2645727
3026330
2872174
2799402
2899182
3020786
2689205
3509169
2745476
2627802
3106160
2739491
2569756
2604835
3061669
2692945
2890460
3169679
3180757
3200165
3058511
3079443
2885398
3130812
3203714
3123192
2812524
2882169
3182351
2756213
2580593
2682278
2857046
2921878
2522768
2670839
2667140
2969738
2791432
2698670
3016395
2582308
2919974
3248296
2867773
3277750
2905287
3310933
3326893
2806750
3484257
3255554
3047784
3168276
3069749
3101579
3059062
2699502
2691832
2722840
2780865
2723322
2580062
2806990
2680023
2957969
3373089
3355174
2530549
2592072
2915151
3386051
2952354
2691361
3356277
3253198
2644583
2892114
3761341
3286392
3085839
2831421
2735461
2880134
3488448
2775091
2801327
2612042
3025397
2748003
2870901
2943483
3177128
2912726
2782800
2594639
2601836
3279203
3472819
2908736
3058651
4063438
3125248
2962410
2762387
2885796
2863350
2980793
2446085
2659921
2688722
2733204
2800663
2961696
2807440
3438500
3204414
3039441
2517845
3374641
3070207
3134659
3128665
2997886
2872262
3305567
2941696
2785163
3099852
3288144
2975752
2878387
2976413
3106348
2838377
3053947
3203912
3392044
2988213
2665866
2708652
3103270
2885085
2574156
2760713
2679590
2765214
3007992
2910920
2678978
2746758
3204234
2785926
2537163
3227412
2950277
2904753
2692131
2695108
2544792
2772893
3010218
2687620
2763650
2397493
2590006
2755640
2680853
2603018
3008954
2724822
2762858
3134228
2543047
2635470
2848824
2982949
2789525
2563599
2828883
2921847
2570005
2938738
3202499
2786698
3042779
2760693
2662106
2846568
2726126
2927420
2513193
2830217
2926397
2708883
3626912
2851891
2561234
2564842
2619950
3027862
3280946
3008724
3354239
2485885
2486055
2609695
2631469
2540983
2500160
2633825
2665945
2352902
2467730
2461945
2388441
2407909
2695730
2486967
2485103
2544121
2537494
2596903
2696191
2436320
2481453
2596422
2649615
2836884
3243752
2660743
2563890
2548551
2438787
2517554
2870237
2582948
2586506
2576983
2670256
2813475
2791961
2592020
2614457
2857566
2801455
2962889
2442456
2664101
2711851
2692873
2656913
2726788
3194459
2931490
2976694
2985255
2945475
2691901
2557243
2811479
2717845
2711349
3199141
3146058
2782287
2799079
2830448
2821114
3113827
2893786
2715570
3987495
2960132
2687048
2981365
2918939
2658407
2529555
2630777
2884864
2777896
2902507
2979230
2876904
3066288
2699811
2864673
2535378
2789886
2914669
2586246
2584843
2765765
2736031
2782778
2755019
2771891
2636181
2549133
2744723
2532110
2655098
2591048
2747450
2861846
2857355
3360946
3023401
3062348
2790227
3294339
2797534
2803840
2702166
2803510
3234028
2672632
2734237
2854277
2573463
2562356
2580402
2707610
2895199
3147200
2907159
2708202
2778788
2859650
2618838
3104554
2461203
2885095
2570005
2711920
2727881
2641384
2802276
2509804
2958949
2843049
2766327
2682015
3345667
2953195
2875110
2795069
2862949
2952604
2826698
3311502
3042348
2906518
2881054
2677625
3542100
3214449
3061566
2732212
2977746
2551188
2703329
2759579
2729013
2894307
2884814
2750116
2857916
2666266
2812442
3160945
2881806
3153587
2879430
2679800
3159521
2869625
2756963
2777736
3015842
2643269
2789856
2586878
2686136
2793726
2505243
2829485
2829956
3416956
2905024
3045817
2816623
3026429
2793344
3070609
3832466
2795550
2828201
3097195
3037516
2683008
2719780
2790948
3169355
2649765
2618367
3021706
3158940
3165767
2969626
2834959
3423062
2967330
2786417
2742347
2658046
2940453
2691730
2872132
3064484
2879530
2868382
3176022
2942909
2562096
2845735
2707951
2872693
2581965
3086217
2978097
2587920
2709254
2773986
2501875
2574166
2437173
2689013
2540692
3363131
2896192
3155581
2653484
3091141
3394399
3068794
2841565
2747269
2769445
2936573
2760051
3054960
2649003
3081305
3340244
3013646
3265274
3339490
3070216
3512894
3112812
3152572
2531197
2808330
2727347
2579226
2622214
2711548
2641182
2774195
2988772
3520263
2670204
2866737
2961935
3037032
3991743
4507113
3233976
2619788
2614184
3670027
3345104
2790134
2578224
2670846
2577803
2549211
2640670
2341201
2635157
2413051
2879147
2853874
2717402
2750234
2507336
3033063
2798014
2798746
2740711
2605433
2866185
2859980
2787137
3607230
3115389
3769697
2868712
3222437
3867622
3072081
2765262
3085685
2607748
2825985
2930536
2729322
2512539
3286496
2821373
3132101
2745683
3070537
2792420
2706425
2976090
2769734
3059519
3801476
3095880
3182907
3022245
3417836
3223850
2876461
2716019
3242246
3292813
3194597
3106536
2891819
3159068
3114837
2795218
2759558
2797072
3364112
2831137
3279811
3152752
2729663
2740470
3278347
3096923
3280081
3107098
3239048
3130396
2891488
3369314
2840500
4134981
2866255
2734435
3060822
2995178
2997163
2838205
3235489
2894797
2849593
3192391
2648661
2750957
3202637
2763457
2592791
2838446
2988210
3407049
3246747
2852661
2598725
3100020
2478394
2654215
2756521
2550364
2659408
2629523
3088291
2958666
2793392
2962185
2978837
2574335
2845393
2918396
2895739
3092090
2781282
2519156
2694204
2740832
2832410
2589663
2921544
2679247
2761052
2882867
2850756
2476218
2603286
2838806
3604984
3322718
3119279
3037383
3074506
2977814
3066056
2855227
2768540
3384202
2908400
3291660
2850195
3735732
3498167
3459008
3255930
2845733
3187830
3352673
3496914
3329635
2938636
3678949
3136161
2996010
2663858
2916580
2748590
2799528
2977373
2541983
2655197
2609643
2431467
2559587
2845653
2734054
3014576
2743347
2696681
2415868
2639979
2818495
3465304
2686705
2778947
2835177
3091098
2741262
3138066
2580470
2901784
2678074
2740551
2536450
2923157
2827768
2495717
2821453
2904521
2522665
2742766
3240392
2585472
2877222
2861965
2842195
2682245
2896962
2793593
2552640
2667467
2849985
4014780
2903408
2878636
2660821
2779839
2780812
3109283
2520660
2573271
2891699
2789793
2590815
2739719
2717062
3105985
2900440
2794555
2623687
2981122
3486999
3309114
2723057
2855218
2689202
2821774
3104642
2718876
3172792
3711060
3082195
3221234
3065314
3099820
3024191
3334397
3141725
3245374
2684681
2776501
3111559
3261675
3133935
3330869
3282808
2875809
2627568
2606114
3297826
3383219
4177988
3173524
3227741
2943538
2918486
2626796
2667638
2790456
2862175
2678325
2681964
3187098
2746966
2995509
2588199
2758626
3028030
2954466
2536209
2988030
2778807
3421575
3251450
2901132
3316372
3019519
3362617
2648951
2712220
2947949
2839738
3409425
3681877
3098075
3115950
3533506
2988271
3550688
3331880
2980291
3099378
2798134
2654155
2813192
2737393
3028512
2718706
2868260
2926296
3331359
2937613
2868581
2912862
2943347
2794706
2792430
3063618
2850503
2922895
2895396
2637260
3000349
3026655
3033502
2756629
3390605
3117080
3143336
3343137
2981462
2662824
3007246
3066524
2740048
2879476
2734534
2710523
2862624
3087417
2425510
2632719
2528989
2857491
2747245
2722423
3264580
2598282
2744158
2919246
3020509
3379287
2977491
2822904
3000148
3370996
3238665
2799195
3035867
2969621
2802022
2731897
2786995
2798855
2762363
2699005
3000439
3334666
3058935
2958875
2886604
2661641
3213241
2814754
3043226
2799826
3323758
3035266
3845073
2966373
3260700
3494124
3301663
2913451
2861341
2829240
2699215
4168131
3004188
3519137
3187707
2815356
3033592
3410936
2822002
2987166
3640611
2847296
3097782
2627867
3110965
3302996
3798396
2829772
3601975
2599486
3340259
3207026
3047626
2990283
3140690
2920509
3149151
2889792
3231046
2918022
2704820
2745842
3201432
2862093
2745130
2898815
2863386
2921310
2627014
2969933
2680709
2665000
2554332
2517119
3343277
3676211
3045922
2754122
2844829
2793381
2871637
2768639
3074023
2886975
2533349
3186935
2739576
2861140
2932279
2908108
2770624
3124409
2950874
2755355
2994775
2715787
2706594
2754303
2689030
2516378
2845040
2681090
2575034
2665470
2566804
2645501
2950003
2939978
3261833
2915617
3909123
3560571
3208429
3192771
2970313
3036870
2805331
2685521
2844980
2857130
2703064
2683917
2627405
2525360
2851557
2733320
3251146
3664702
3534385
2847135
2730143
2795085
2998183
3559989
3291126
3023647
3805483
2798745
2794975
2923948
3253171
2916358
2555295
2590203
2815295
2590132
2630764
2781140
3018094
2701771
2711185
2925492
3033371
2692438
2939577
2628448
3069371
2816057
2726343
2690563
3238385
2803195
2711045
2958043
2687265
2574733
3055006
2837592
3040991
2849702
2816800
3298354
3576721
3244179
2715596
3020399
3423528
2641000
2851436
2757150
2858162
2694874
2693441
2792619
2646994
2672037
3737363
3286574
3162484
3112249
2990745
3075176
2499796
2594433
2687656
2560107
2785932
3064219
2855015
2945021
3003266
2756428
2464176
3262625
2513560
2871325
3336069
2648949
2922835
2861692
2864428
2670183
2521941
2638312
3473994
2870102
3075146
2696217
3287778
3680320
2846263
2684899
2945652
2980820
2698945
2855927
2523535
2719957
3657373
3052348
3063938
2565630
2862824
2686524
2798183
2843396
3453653
2961712
3611959
2813391
2991396
3024569
2942935
2650934
2678263
2896519
3209642
2933732
3075868
2760479
3036569
3078484
2776759
3014273
3254174
3349894
3203908
2942063
2858363
2928900
2769351
2807957
2624719
2978273
3099397
2911196
2881762
3162725
3263066
3578305
2678052
3352179
3178524
3150224
2863146
2809301
3011136
3100439
2846434
2725671
2807345
2576809
2825602
3143377
2694874
2752709
3002244
2652308
2544819
2882233
2699656
2843796
2856970
2864067
2770864
2691266
2801310
2809571
2677902
3166555
3293974
3402764
3346101
3589881
3019344
2822502
2984116
3138823
3115786
3185119
3026803
3034783
3304378
2902763
2868868
3122723
3135365
2780506
2702220
2992747
2536225
2866021
2763234
2640065
2576496
2834511
2985469
2801339
2422782
2831865
2530792
3424217
3141440
3320648
3166563
3051134
2734060
2681058
2677730
3054452
2624877
2546731
2788286
2592015
2797890
2855784
2687203
2948728
3146382
3230703
2569128
2629449
3117289
2810572
2766262
3125650
2824537
3333109
3058071
2651093
2573319
2646942
2724015
3489842
3201149
3277400
2984828
2668787
2669589
2508526
2579775
3238182
2770953
2724206
2821439
2613358
2763173
2737779
2598711
2897409
2526401
2455534
2848356
2886251
2478782
2939545
2943815
2658011
3209419
2925629
2801529
2872597
2906963
2726050
2725409
3070021
3234242
2979415
3096407
2937590
2953560
3209359
2709378
2910071
2540747
2978291
2959485
2867524
2880527
2847684
3096677
3295876
3200408
3189459
3328387
2938521
2920597
2932858
2958842
3183384
3339264
3257670
2952627
2956216
2650330
3250723
3786774
2671694
2892908
2729058
3498323
3213580
3172176
3147294
3063164
3784609
2962411
2861359
2959043
2708807
2708607
2665779
2894041
2883545
2918071
2918281
2502792
2503334
3167675
2923274
2998161
2767273
2778041
2908978
2897749
3027705
2750021
3230452
2868817
2848587
2994502
2896327
2782672
2849760
2903625
2735474
2750271
3351154
2772817
2889550
2580005
2862291
2834502
3114553
3315595
3001269
2596997
2638522
2650321
2846371
2685288
3922374
3116668
2725609
2523404
2927234
2464315
2569679
2669449
2632587
2710571
2650942
2877540
2761308
2321398
2368145
3236347
2957921
2573910
3111264
2486591
2769208
3247525
2980978
2516717
2889179
3463646
3531807
3353640
3330161
3322242
2994933
3299756
2769990
2973720
2831945
3000446
2531604
2683303
2591394
3326262
3399886
2807815
2628516
2601087
2889119
2698892
3097038
3918253
2846682
2863885
2761429
2642221
2972607
2892506
2857469
2530722
3080066
3098924
2585458
2822110
2842511
2479664
2442070
3017098
3056647
3143915
3258853
2976035
2932486
2777870
3013239
3440498
2921078
2717309
3113069
2777038
2944417
2854853
2694912
4152279
3123435
2753930
2863775
3029459
3343976
2850120
3045399
2875154
2939805
3512729
2832697
3445139
3419004
3394142
3056758
2946683
2892988
3363947
2950532
2576997
2889589
3524488
3052417
3312939
2903234
2660536
3196959
2595454
2746541
3582302
2956126
2800727
3264067
3181259
2682351
3204728
2799193
2642561
2857881
2771765
2694712
2789770
2824347
2486020
2798532
3879055
2978642
2817649
3011524
2721258
2857990
2745178
2940035
2714552
2834552
2855123
2785168
2830081
3414082
2612176
2793960
2583052
2652757
3022441
3166282
2797709
2672015
2751595
4069762
3119434
2832878
3105269
3475655
2828466
2775224
2819424
3176147
3214192
2834150
3074351
3077920
2993778
3110600
2529036
2881808
2894329
3162781
2876134
2718770
3090029
3090621
2862209
2777417
2915332
3015202
2876966
3013237
3260836
3117868
3189177
3111593
3332786
2966469
2488624
2497025
2899152
2911823
2918790
3042279
2581647
2746941
2892786
3252796
3496787
3359743
3262019
3416546
3083864
3357428
2737798
3972045
2963994
3014360
3077929
2876896
2907232
3352576
3330510
3133738
3001949
2527562
3526722
3426130
2801678
2791111
2615974
3519413
2927883
3117558
2936585
2778199
2772595
3140937
3018520
2700886
2917568
2828454
3258219
3506209
2869247
2584554
2867803
2846891
2670660
2760825
2840033
2909868
3143002
3090710
2504243
2568915
2795412
2727021
2929547
2941658
3527253
3509709
2745046
2661457
2796896
3077978
3203092
3695273
3096545
3103513
3263092
2945227
3017657
3410260
2933276
2612424
2935733
2622089
3118480
3230200
3308987
2887623
2596856
2701016
2819893
2669006
2632545
2763482
2581888
2514068
2678179
3426902
3367674
3041357
3258470
3145458
2633317
2645487
3015613
2947352
2910770
2863101
3480205
2901387
3459072
3082149
3164335
3020886
2799162
2923974
2922249
3338280
3276886
3043763
2780134
3054099
2784895
2724795
2762931
3040956
2671803
2828144
3042610
3478852
2810159
2753828
3137117
3364936
3492285
3537799
3005748
3232305
2935954
3108786
3323403
2872104
3805739
3217668
2999162
2484414
3158571
2798570
2841547
3139031
3104004
2749507
2958390
3293006
3099543
2871443
3112705
3186209
2942330
2840164
3327182
2845127
3603022
3043242
3266641
2497507
2692324
2551712
2589527
2670129
2521717
2537797
2571301
2491582
3015894
2988144
2924024
2416645
2608775
2724154
2731853
3017036
2829437
2555883
2761477
2698268
2652925
2418559
2705788
3282862
3089868
3980837
3305578
2689467
2767382
2627692
2642880
2402499
2607923
2647672
2610780
2949246
3005297
3079783
3064636
2575793
2778389
2827993
2631593
2502950
2936575
2869136
2759302
2829146
3093067
3201848
2945337
3066881
3647574
3067001
2972716
3583403
3338551
3029117
3128696
2954971
2582961
2552665
2937849
3003151
3019222
3638480
3239823
3374650
2911843
3132626
2796996
2661136
3118099
2807482
2592976
2702069
2821337
2648495
2631622
2869908
3200354
3441247
3580956
3196706
2813787
2618961
2861367
2715302
2815964
2712805
3042270
2833497
2810510
2893237
3509107
2977107
2673026
2632134
2822911
2915994
2684495
3077577
3333418
3521097
2751252
2764455
2804766
3117417
3305999
3533318
3128806
3385056
3205608
3480255
2844956
2940645
2753197
3093217
2952605
2913478
2455923
2580194
2858911
2496484
2733387
2917186
2615381
2958921
3075914
2914781
3208164
2844384
3085598
3371643
2619653
2954309
2663071
2505607
2517978
2831834
2458238
3365047
3576355
3569629
3476766
3219684
3204405
3155794
2868915
2671162
3137939
3287934
2802600
3223331
3029585
2963209
2923009
2878397
2462368
3298689
3155380
3296132
3221576
3333937
2757105
4369817
2874288
3028292
2757976
2705616
2793726
2562729
2950478
3053034
2533304
3062177
3078227
2783902
2752824
2838428
2689094
2678979
2406709
2888563
2843450
2797886
2708072
2940293
2605254
2760162
2865606
3032011
2607099
2560132
2716021
2678368
2977004
2758337
2571260
2485064
2572572
2385946
2834488
2648513
2990467
3319641
3785677
3084904
2932743
2793726
2604694
3407711
2802658
2637235
2639671
3295571
3654729
2788492
3606378
2697896
2549395
2699450
2623239
3362959
3211852
2626468
3211019
3224734
3023801
3229946
2817024
2915711
2841977
3024463
3182578
2555921
2977846
2582708
2799611
2513245
2828533
2600804
2805485
2802829
2787801
2672492
2679620
2958127
2898458
3442077
2578608
2832873
2560502
2738568
2660272
2781947
2938297
3205445
3004091
2744152
3694358
2786899
2745706
3133556
2827751
2859651
3473496
2861446
2944553
3190848
2683941
2867721
2901365
3277756
3135470
3007631
2827109
3081836
2555179
2486648
2302888
3007842
2834127
2672283
2716914
2912012
2594207
2699561
3208032
2794528
3464875
3069416
3189917
2952844
3187711
2746999
2685295
2916453
2912763
2692032
2978077
2687319
3068813
2848051
2620272
3100112
3181516
3669847
2932302
2729616
3143230
3241095
2920282
3293796
3149164
3107400
3045235
3077956
3283451
3079270
2938388
2965425
3119581
3067861
2955431
2638428
3524654
3076222
2420432
2796263
2878478
3064894
2704413
2686307
2491931
2518237
2682217
3231230
2501485
3052794
2965646
2747380
2951881
2843521
2738458
2633526
3050388
2655811
2550598
2910638
2949055
2464833
2698808
2878056
2834728
2761716
3553024
2756774
2616272
2431249
2503210
2686889
2554267
2430447
3368072
3320754
2772082
3219831
3130969
2957766
2672563
3174388
2900934
3105846
2592894
3053646
3677405
3152653
2742909
3023159
2646407
2808142
3087209
3312543
2857526
2987380
2668674
2519149
2979511
2869776
3049435
2815541
2630518
3030939
2932062
2929987
2797766
2902076
2973014
3014939
2945165
3426238
3131681
2867901
2999139
2626979
2966056
3187190
2611039
2491721
2801476
2776202
2724162
3327782
2715209
3096232
2621546
2716142
3004092
2455099
2740613
2747881
3171099
2960193
2913967
2683550
2967922
2751451
2550126
2371008
2737044
2712212
2874418
3774097
3619390
2685285
2999952
2526418
2702979
2787390
2993827
2943110
3103200
3232443
2745004
2655370
3384513
3068373
3119330
3065756
3402899
3307360
3251672
2970729
3165696
2793044
2925395
2918749
2860392
2885094
3011370
2959290
3439882
3069977
2930478
3345145
3233525
3101336
3255621
3088523
3452162
2630648
3017887
2700884
2813164
2533675
2889114
3051080
2900523
3541536
3203721
3193626
3141776
2791811
2449255
2847570
3465956
3155450
3041285
2541916
2900804
3345766
3253736
3241085
3263421
3002978
3134085
2624381
2829814
2943529
2843779
2801293
3262035
3183078
3007649
3270175
3238246
3059178
3372350
3261143
3002968
2860310
2847137
3045434
3059960
2548170
3614697
3168351
3093113
2980421
2865032
2914887
2773734
2635378
2660401
2582836
2550656
2752180
2665203
2671167
2665573
2688520
2883428
3116672
3584100
2922306
2887489
2922246
2921664
2930476
2642285
2870697
2756311
2946175
3458265
3024963
3542426
2891669
2565754
2733754
2850927
2766456
2765844
2650085
2671459
2805273
2588962
3305162
2568311
2683569
2559268
2766937
3089033
3025323
2479388
2832651
2889483
3042597
2422325
2666556
3273664
2664692
3244982
2833092
2744050
2582726
2517514
2605784
2732791
2755649
2972371
2471829
2581013
2587960
2504361
3263829
3206567
3306105
3591218
2884421
3079950
3354656
2807769
2820681
2875087
3152972
2971178
2758296
3095298
3366446
3262004
3625072
3620401
3473524
3056852
3066506
2570346
2694646
3348191
2988441
2895629
2949664
2745875
2742857
2483037
2981443
3053102
2745343
3328571
2960320
2715438
2872160
2600591
2757363
2886887
2709644
3483829
3278957
3006917
2714185
3013814
2989073
2772461
2741754
2578426
2660732
2840140
2856481
2664923
2565854
2642235
2851990
2784922
2467628
2865002
3143819
3354215
3052983
2728320
3007358
2894045
2797594
2867679
2757163
3374617
3129012
3051257
3169443
2538807
2449434
2705443
2703488
2711208
2686987
2771639
3095859
2817995
2549644
2732250
2608070
2732400
2749664
3034336
3674155
3130717
2856802
2678315
3234095
2718867
2709333
3304020
2710917
2858757
2551057
3072301
3071820
2778085
3025353
2673945
2705775
2757915
2558776
2783398
2653754
2569745
2684661
3018226
2847438
2553153
3762416
3544832
2999228
3108692
3221714
3068501
3529333
3263769
2931178
3003749
2652421
2787869
2969774
2917494
2802476
3035178
3015308
2695519
2505403
2547459
3325293
2876541
2924190
3127339
3092912
3102316
3248321
3280251
2957584
3295368
2851729
2683157
2704972
2637513
2436731
2583608
2494676
3240661
2876631
2531418
2780832
2976601
2634707
2543709
2483709
3143558
2997644
3317834
3144912
3093974
2910786
2874596
2986837
2808872
3097734
2714546
2594847
2696591
2583528
2657112
3269313
3151147
3390807
2772421
2917413
2907429
3011358
3222596
2650997
2659459
2673073
2678295
2749654
2832842
2442847
2777884
2796982
3563669
2912932
2724000
2993854
2537704
2682787
2782726
2911227
2847759
2608461
2762867
2893423
2782967
2718486
3032340
2958826
2579939
2699289
2816591
2728471
2990797
2708772
2992751
2984411
2847429
2752180
2701713
2840230
2371278
3778556
3318225
2805464
3174757
2617654
3004401
3206837
3336902
3410436
2807759
2681704
2996230
3387418
2989684
2739578
2832932
2887318
3015409
3572100
3275027
2824240
2801563
3606305
3167288
2532350
2858245
2648201
2722045
2599378
2946847
2878335
2775829
2704972
2836852
2733102
2582223
2947327
2453432
2726274
2578194
2808359
2846584
2756539
3001041
2580660
2728178
2573311
2864961
2808088
2773352
3348088
3066815
3250965
3538384
3115286
2823977
3605531
2688780
2895016
2843356
3218724
2586164
2684489
2709652
3117672
2757392
3024298
2772138
2685863
2764951
2601311
3611497
3273471
2884609
3216709
2596870
3106183
2688860
2951366
2939938
2964639
2532168
2762956
2583778
2845933
2424980
2604559
2986715
2910895
2524640
3001522
2588339
2847577
2692169
2836389
2519968
2489923
2891757
2629271
2676158
2465392
2841472
2936479
3207897
3131576
3485231
2969842
2717282
2977572
2946404
2854063
2982564
3286303
3159006
2690033
2587878
2493542
2840238
2828520
3166504
3451887
2835336
3003977
3669160
3118945
2910946
2752248
2721020
2838764
2847396
2657943
2692399
2470726
3534744
2770314
2561302
3184489
2523036
2628219
2958163
2574073
2663878
3542815
3074654
2727146
2953020
2550164
2495798
2584499
2687927
2861732
2990354
2453412
2749221
2888560
2961070
2778614
2607226
2611857
2545171
2732158
3201080
3390162
3085351
2849492
2719848
2814083
2952700
2737883
2463958
2659337
3350514
2920007
2653492
3365281
3569010
3247296
3385571
2770073
2703637
2766003
3022765
3638052
3167627
2630695
2884469
2678604
3077762
3279817
2896138
2839376
2931055
2842093
2864369
2899887
2631457
2580650
2909030
3241912
3416258
3451807
3064249
3042945
3319185
3037973
2962284
3547947
2978714
2939185
3036268
3097641
2737441
2664208
2363357
2739046
3298233
2957051
2728409
2910344
2671156
2866374
2849251
3307706
2686243
2385122
2934875
3145522
2990494
2871066
2913311
3177843
2933101
2633572
2630184
2713492
3066835
2780219
3038063
3037381
2930393
3216178
3335255
3287346
3295576
2818634
2818104
2987817
2835386
2964108
2796388
2700038
3096238
2806444
2999968
2863968
3670353
2785542
2712309
3242745
3087727
2795016
3065482
3212729
2855817
2997521
3062694
2860439
3156529
2750003
2986725
3273191
2988950
2712619
2872470
2684028
3207567
3088670
2762705
3067667
2835797
3075506
3193692
2701382
2954615
2990865
2621893
3005792
3548177
3120158
2709372
2863907
2795316
2725231
2962033
2772028
3417852
2906123
2891888
3126193
3138755
2592911
3241481
2516460
3042253
2957913
3109802
3755666
3367646
3090524
2885742
2756890
2932248
2963647
3072559
2901070
2733291
3586484
3137231
2995156
2708710
2933682
2703887
2902003
3264859
2984399
2885471
2899175
3548107
3199647
3577030
3329161
2932268
2958253
2893362
3009872
3309291
3437882
3084088
3300790
3329902
3413341
3247366
2986093
2773412
2982464
2838965
2495045
2795878
2867597
3129451
2559316
3370744
3088910
3243808
3125642
2833241
2654815
2820459
2605302
3255346
3041902
2562845
3200118
3455155
3263246
3352158
2939717
3179607
2994855
3000349
3364469
2989371
3204358
2994153
2947787
3008086
2772648
2945279
2509591
2815756
3156697
2824889
2838432
3652937
3052578
3413308
3327234
2596478
3394682
3348737
2912357
2974462
2658613
3592958
2946472
2810072
2882552
2619625
2934152
2951926
3229199
3403895
2651175
3078231
2978603
2809260
2928577
3040377
2492427
2648477
2471686
2738322
2897470
2641530
3099675
2690101
3053048
3509800
2881380
2758352
2846201
2957459
3148377
3072898
3342431
2972016
2798392
2888006
2957038
2966843
2806111
2621280
2706563
3047375
2663174
2696698
3074742
2969108
3029720
3248226
3515303
3067905
2887154
2548298
3267414
3394552
2912758
2832257
2832227
3579674
3100226
2912648
2827465
3039846
2631054
3019695
2960316
2795736
2931415
3575965
3234050
2781891
2807104
3045941
2888116
3192537
2986853
3648837
3670732
3234602
2904307
2795104
2730292
3210702
3144828
3331164
3309188
3279404
3125921
2736738
2642923
3187845
2868226
2861550
2529190
2674763
2940187
2713500
3102292
4244235
3109099
2926101
3222963
3277008
2701410
3228948
2817900
2823364
2887656
2900949
2638813
2754423
3470722
3138291
3031625
3001559
2773069
2976497
2663354
3518942
2779626
2592257
2848337
3512276
3175745
3071334
3100216
2795504
2738342
3667223
3236898
2817591
2664758
2758763
2785460
2686693
2484819
3020707
2754272
2922342
2958913
2956007
2690502
2521029
2602072
2726532
4047052
3533419
3243866
3216818
3211424
3316807
2775334
2626011
2941510
2945410
2625530
3146953
2961329
3254842
2832306
3143965
2720257
2654292
2476217
2466312
2741149
3561358
2654663
2925700
3177189
3376707
3572236
2922973
2871655
2687505
3323926
3336146
2844578
3000036
3069751
3100627
3637659
2723715
2851665
3204566
3269068
3338532
2894853
3168617
3306683
3155805
3284116
3633519
2921420
3307745
3129620
3002322
3052217
3310872
3244055
3636165
3007775
2878663
3041400
3430040
3013580
3123233
3104206
3063375
3032326
3072327
3175114
3357549
2987464
3338462
2791636
2724257
2658793
2897780
2927094
2666052
2845350
3350762
2722332
2465581
3012186
2936718
2603314
2563485
2769079
2601581
2593771
2863605
3020588
3180747
3074001
3172778
2945108
2537911
2792899
2801389
2855254
2714002
3763233
2693690
3167173
3557578
3620657
2891775
3269970
3003134
2958101
2786783
3743364
2939144
2940357
2583846
2872788
2816758
2885640
4598951
4127563
3023525
3195354
2930954
2676808
2908667
2869489
3561869
2541710
2896457
2993058
2888878
3133861
3150532
2786532
2944076
2801891
2910222
3077289
3059455
3106091
3307293
2965068
3399284
2884707
3376897
3234803
2792066
2726071
2858231
2796477
2952908
2743034
3550461
3103986
2719435
2620317
2849720
2615695
2451385
3308497
3039505
3085580
2772497
2800708
2581931
3721750
2612367
2562743
2778543
2670422
3072116
2654071
2791725
2888778
2515044
2886622
3501297
3236385
2793809
2968506
2997478
3269598
2843052
2877960
2858601
2709067
3309827
2991332
3050040
2894119
2796365
2994781
2802821
2563483
2813499
2561027
2658421
2557509
2641328
2754771
2914530
3068966
3314750
2511654
2806410
2787814
2945317
3099302
2763663
2900284
3267622
2980065
3011082
2936966
2906500
3297477
3226289
2490872
2755985
2598280
2823142
2946892
2989367
2698311
3104886
2765408
2632496
2450261
2846120
2857368
2602672
3230039
2899413
2547764
2754520
2772926
3015462
2588066
3280023
3205046
3288004
3060956
2899553
3277297
3256956
3052565
3064465
3373607
3288004
3074259
3165106
3162139
2956395
2656486
3089849
3571983
3626468
2942430
3040936
2916365
2660075
2768937
3069708
3185849
3216545
3020515
3101568
3218069
3008425
2924255
2991623
2769117
3089157
2568867
2813979
2576626
2805307
2992625
2887473
2688566
2500406
2521208
2693789
2928225
2607754
2802941
3343101
3173457
3225276
3058560
3238991
3258549
3220354
2798641
3093448
2968174
2621719
2916927
2947262
2608456
2866702
3170580
2725047
2771423
2673749
2768827
3095673
2717659
2471434
2923101
2802119
2644376
3640995
3258319
2967042
2784015
2999553
3189287
2568677
2658521
3143633
3130721
3391953
3230871
3004436
3110279
3398539
2742571
3296394
3406198
3083011
3025287
3185608
3188064
3350369
2855753
3011462
3212175
2894651
2907944
3231111
2944485
3229407
3116535
2808456
2909848
3095091
3542810
2842521
3188324
2891613
3075553
3451963
2570651
2541930
2804596
3040806
3040485
3334710
3169046
3339212
3285477
3534148
2853288
2557539
2818822
2926871
2672125
2932966
2984385
3151743
3005117
3045618
3499924
3180324
3080495
3081197
2806601
3335191
3102329
3139262
3341848
2634691
2848666
3096004
3047372
3091693
2878590
3600845
3226620
3210300
3474229
2849127
2832576
3404053
3400445
2800355
3328594
3188154
3274630
3743040
3216745
3182319
3074901
3098681
3011784
2914390
3314450
2955764
3096776
2505398
2897959
2948114
2959713
2892886
3287863
3344585
3304856
3411241
3090681
3363332
3053558
2936145
3367622
3307252
3065959
3168645
3322770
2906811
2777668
3101096
2586081
2693218
3239392
2818701
3832152
3370780
3377146
3284354
3005548
2827924
3016856
3319672
2829849
3173628
3005328
3222269
2958550
2880857
3165949
2793919
3439873
2701679
2724897
3207854
2616576
3177107
3752935
3349718
2841889
3265487
3170019
3181247
3306169
2740125
3796885
2947573
3074380
2988857
2656917
3140856
2749247
2991703
2911273
2881588
2841007
2763353
2837579
2512436
2437429
2857899
2697588
2721348
3229718
3091863
2624145
2796014
2540546
3042540
2454361
2532887
2583484
3021919
3192305
3403722
2726682
2712095
2826401
3015492
3071663
2891623
3328294
2910480
2846441
3340685
2781969
2470792
2837388
3028185
2976404
2759331
3290407
3355470
3109706
3652271
2776645
3198548
3247440
3098338
3300903
3437073
3276182
3001967
2821587
3142899
3132573
3201024
2796544
3487219
3333395
3483921
3245335
2726950
2641998
3249054
3186017
3031591
3281335
3182678
3165175
3177806
2882228
3335611
2977396
3072232
2881937
2863983
3307189
3091721
2915571
3039290
3079431
3279871
2884624
2784303
2872413
2590580
2710058
3042197
2699912
2563422
2899080
3274307
2884374
2634489
3117896
2738038
2678288
2679010
2668043
2736765
2632595
2767451
2970759
2724093
2802870
2627381
2696174
2679853
2530199
2697166
2863100
2859120
3172784
3073135
2453157
2814820
3103972
3161896
2814649
3175762
2768885
2700113
3065525
3160132
2638800
3090478
3133164
2711782
2674520
2823180
2591472
2736945
3093927
3073596
2971221
2897436
2503262
2615572
2480605
2795361
2642349
2422329
2887290
2778418
2513127
2540374
2809316
3092112
2676966
3045255
2867431
2857386
2922368
3509103
3606707
2734670
2964614
2724003
2643502
2821957
2600284
3345705
3207260
3222748
3268573
3050277
3224252
3289675
3320302
2888213
3054238
2766789
2931150
2721918
2946318
3340864
2887080
2872413
3027281
3114618
3579439
3291110
2868754
3462818
3463830
3057225
2979040
3141095
3071681
3225505
3444071
2745576
2802840
2963040
2742579
3523379
2666519
2756424
2955030
3095781
3072153
2992343
2897056
2991481
2567412
2987431
2722048
2916373
3037015
2725056
2562359
2842028
2847191
2476294
3019049
2584655
3255650
2641516
3010568
3557645
3330407
3512652
2996924
2923761
3269766
2974929
2796253
3002459
2523583
3228122
3082408
2746088
2938499
2657577
2869867
3020724
2984022
2771662
3713254
3595720
3036593
3265194
3441234
3410527
3249526
2843782
2785096
3065856
2906359
2679792
3106518
2737968
3021265
3152955
2791221
2592404
2949496
2642951
3319400
3205425
3111541
3052313
2929125
3085626
2674289
2612655
3111601
2918168
2702660
2811772
2831752
3530857
3825684
3145436
2755632
2785506
2940944
2598148
2725657
2563271
2596836
3044193
3802266
3507449
2742419
2686579
2767711
2654379
2853446
2959481
2825717
3575008
2776344
2771021
2846178
5371064
3144804
3201595
2695782
3447680
3228262
2688715
3123932
2556094
3025335
3207992
3154999
3020905
3055030
3066308
2532435
2633688
3375199
3512672
2567853
2766158
3033114
2945998
2813547
3095320
2634990
2572676
2747812
2939942
2858057
2679461
3490477
3325616
3208633
3164884
2749837
3082579
2846358
3136052
3162208
3196603
3148684
2909256
3002569
2710940
2666861
2818649
3001034
2270079
2332626
3294708
3058940
2873166
3151501
3172633
2898038
3081416
3053977
3111360
2876213
2964243
2810138
3142147
2880694
2887922
2739903
2683261
3317836
2869266
2708484
2828143
2559182
2698289
2776093
2808414
2717396
2816273
2661627
2590229
2495292
2755561
2801705
2838597
3373212
2902226
3049925
3988618
3355077
3299017
3130857
3277974
3220200
2946276
2816272
3050236
2925414
3150727
2977073
2751731
2942978
3173033
3322065
3212170
3261022
3538405
3168030
3067519
2798878
2646387
3110075
3368851
2603249
2875198
2943509
2870006
2643080
3090406
2946086
3757472
3389413
2991589
3156311
3175830
2787590
2984873
2914828
3238406
2621936
2988703
2503781
2653065
2434187
2829375
2818537
2849885
2536202
2734638
2812523
2926617
2786427
3586856
3451497
3124180
2808803
2674268
2982577
3185643
2654337
3272621
2905975
2591329
2706066
3091048
3203258
3147498
3261504
3178295
2747840
3029584
2583772
2970927
3063920
2801475
2662437
2703329
2765565
3286325
3455427
2872462
2814016
2873203
2791449
2519791
2590779
3042477
2694798
3437703
3037083
2784412
2833053
3130005
2576292
3002116
2739119
2700572
2721344
2640893
2846487
2874878
2778919
2585515
2714177
2525826
2958387
2903991
2949805
2843319
2839088
2763650
3522926
3090827
2983760
2907288
2838868
2774257
3040341
2859169
2679851
2474970
2488002
3644379
3331297
2765084
3071228
3156852
2647089
2798617
3153744
2742077
3574786
3530656
3045604
3008181
3516289
2857465
3343148
3329272
2665194
2726027
2682407
2869064
2806187
2727219
3398736
3086085
3152291
2291722
2444905
3476140
4261359
3059268
3156903
3100842
3066607
3029965
2685876
2701886
3310977
3239348
2610067
2751169
2827068
2872050
3787095
2944282
2639189
3032842
3628490
3335318
3163799
3090446
3226125
2973524
3266937
2598067
2718017
2729004
2855410
3008141
3368220
2806237
3128983
3237904
2806527
3266195
3357282
3295137
2712402
3591006
3299238
3331679
3053384
2647851
2755992
3183208
3268370
3343407
3064942
3215218
3528621
3444149
3183168
3286125
3160010
2948863
2954697
3307759
3233183
3145674
2928602
3102957
3219438
3468189
2815339
3191007
2970456
3024111
3259699
3403017
2923309
3382175
3100462
2734387
2736643
3153624
3442846
3412050
2981975
3029113
3219509
3166185
2940773
3116872
3698003
3095348
3235989
2911980
3215007
3275979
3374375
2831179
3174536
3363768
3395908
3594735
2905404
2711510
3289553
2704592
2908291
2959509
3255909
3227298
3410034
3159819
2668492
2788281
3205794
3215439
3237222
2648323
2768422
2992432
2869164
2721946
3071138
2999048
2468924
2675601
3236501
2638357
2656653
3127489
3100702
3335138
3262486
3233794
2954708
3102215
2957735
2536423
2558187
2935168
3488410
3741221
2743680
3331067
3849611
2813094
2997414
3041835
3385412
3170927
3315388
3230235
3523497
3227458
3259208
3263328
3280540
3189092
3452259
2989053
2777795
3059358
3207208
3173123
3242356
3033524
3260501
2997544
3051429
2676353
2653685
3537342
2969073
3259389
3528330
3215809
3133442
3334594
2690446
2912671
3232048
3147186
3083578
3299125
3274714
3639004
3478794
3168379
3688297
2643960
2850756
2577113
2920069
3535205
2903528
3102865
3487185
2888851
3490293
3311667
2624542
3046685
3123908
2938685
2925653
3205261
2862766
2526166
2590647
2577374
3068710
2745753
2840600
2802185
2859067
3089121
2976630
2926495
3225662
2775809
3224709
2636641
2988099
2804330
3262213
2899056
3386875
2617955
2681143
2930335
3317492
2872059
3924266
3537441
3084379
2956911
3116980
3000499
2725303
2929674
2907608
3279285
3397681
3355356
2873673
3245722
2729102
2737574
3040781
3169141
2593955
2809192
2918976
2598707
3022715
3322894
2656791
2966254
2979808
2803357
2795408
2959978
2726596
2933854
2889473
2855518
2629774
2545193
2698607
3009993
3101642
3440748
3348288
3204359
3485150
3129411
2690827
3304208
2649253
2771378
3161382
2699749
3151617
3256709
3101040
3398713
2858646
2873643
3585299
3303726
3175587
3403827
3310644
3260749
2623569
2705985
2989633
2997963
2658306
2760662
2939147
3245552
2916881
3016921
2566888
2805172
3357180
2904981
3263155
3060289
2966144
3124339
3713329
3376739
3075527
2806966
3375335
3358593
2662045
2843999
3045011
3002174
3107196
3206605
2920300
2855739
2800270
2931578
2843348
2555329
2872170
2524592
3010364
2738526
2730776
2921844
2695639
2725985
2970846
2631248
2673493
2733213
2772681
3155848
3215487
2674647
2980620
2773955
2627719
2750847
2757072
2835427
2596420
2938996
2705414
2965322
2686747
2478136
2504251
2804311
2874144
2948079
2679308
3098725
2719739
3324649
3090685
2487559
2630686
2797743
2984490
3149783
2684280
2610687
2671338
2613003
2888831
3348900
2737814
2598587
2943929
3029663
2919778
2527279
2982475
2853914
2502947
2653874
2790245
2644230
2534657
2712651
3078645
3016800
2505333
2746806
2610166
2646516
3737630
2777643
2819076
3154584
2934285
2706245
3180038
2993933
2701734
2713824
2873573
2915026
2634787
2924770
3064860
3019407
2570717
2998725
2808020
2639880
2676150
3028199
3094655
2869493
2668782
2997562
2898164
2552000
2788721
3488788
3174023
3661941
2849213
2734997
2583339
3120088
2793614
2471570
2738786
2551198
3170905
2991627
3295907
2559700
2835528
2819027
2703559
2570677
2754426
2858004
3345801
3096559
2626777
2558005
3048298
2737373
2646396
2600722
2954957
2916129
3157672
2599007
3272148
2868209
2704601
2813132
2747689
2883348
2872410
2796491
3404157
3016079
2856129
3213382
2895147
2769463
3611235
3162624
2792671
2944279
2730796
2812732
3302092
2810274
2595388
3103196
2863307
2956139
3366513
3525170
3324990
3150795
3303847
2766596
2642426
3043457
2956991
3467315
3113151
2930043
3051717
3079958
2872350
2659278
2805694
3172449
2858746
2579880
2639639
2663238
2621514
2892871
2958905
2569404
2927177
2628983
3007507
2633234
2672721
2840308
3236797
2922192
2854343
2641222
2697352
2803577
3191445
4055090
3635583
2879476
3004088
2835005
3093631
3260728
3337720
3187605
3154903
3017842
3526932
3145670
3436276
3756364
2880930
2888027
3166732
3040368
2885502
3295464
3125390
3352006
3412146
2916619
3507754
3233320
2913541
2810865
3128648
3206964
2984307
3324657
3361659
2875326
3055355
3620746
3244607
3694310
4070549
3436566
3522190
3177129
3289018
3217690
2806824
2648751
3035947
3257459
3593026
3127114
2825040
2935686
2890594
2603687
3084859
3043325
3025941
3070663
3223374
2819487
3225921
2973270
3148788
3514751
2887116
2926042
3217490
2584671
2607447
3075425
2885151
2631266
3103535
2897170
2905912
3348667
2911055
2709462
2476491
2666144
2806764
2740800
2868138
3267845
2866594
2784800
2929400
3462521
3045921
3113059
3165710
2743447
2477884
2810615
3122673
2954122
2931616
3141911
2929200
2908518
2568610
2492561
3056167
3004348
2667678
3348426
2872227
2482756
2530525
2529272
2547237
3005450
2321152
2729140
2814103
2646324
3053430
2949481
2900438
2799837
3204527
2840358
3445940
3288597
2841190
2622044
2931506
2554715
2766244
2972709
2798825
2842855
2480550
2778584
2589573
3442591
3407002
2788349
2842263
2770113
2767206
3203935
3245168
2734805
3036137
2834734
2931326
2615768
2825241
2967125
2531347
2742323
2791246
3068397
2683937
3229981
2963335
2635788
2913561
3053721
2569071
2932017
2594716
2916017
2529152
2661722
2791918
2561172
3209009
3534561
3599653
2791586
2828007
3020218
2967316
2842684
2632028
2600309
2853441
2649732
2845572
2548270
2763818
2787777
2573743
2870815
2839577
2740960
2784980
2848178
3367835
2670766
3033681
3080668
2570596
2796429
2836168
2561061
2640078
2853913
2870313
2683216
3063375
2691868
2707347
3627162
2969791
2853401
2785661
3092798
3200126
3157671
3531253
2989831
2863546
3072938
3379193
2975947
2993070
2581031
2803446
3193129
3182783
2928358
3488406
3066242
2547136
3411815
2925722
2463979
3364597
3018463
3406451
3275293
3531102
2985330
3548276
3880674
2926493
3400105
2861301
3093280
3643904
3603654
2852890
2919496
3615192
3063144
3157811
3226753
3059014
2992308
2916639
2681532
2913731
3084398
2919295
3171786
3074182
3151345
2961571
3309138
3066803
3038803
3390772
3394471
2878343
3666500
3120597
3043115
3103495
3042823
2875736
3250332
3370681
2945220
2807747
3167706
3097119
3064848
2892359
3290382
3261118
2730344
2773832
2850354
2950343
2895706
2706835
3000317
2983415
2599718
2607457
3357769
3093410
3460556
3392987
2875355
3256707
2802874
2754835
3160838
2666023
2936890
2977641
2950994
3293479
3861367
2637372
2732440
2913150
2901080
2735907
3650630
2676851
3092457
3506922
2768399
2529773
3107415
2710284
2713362
2885772
2928448
2885841
2771464
2960126
2821480
3164045
3295231
3358970
2679846
2694092
2512729
3268334
3411673
2928386
2884497
2607485
3007583
2990120
2758804
2580187
2682452
2758613
2644438
3914978
2839465
2926832
3159904
2730031
2916737
2860397
3597306
2885800
2749730
3201859
2581841
3110250
3269287
2988858
2646483
4552819
2946221
2527657
2608949
2856276
2617661
2806622
2738201
2664728
2495387
2728427
2765650
2495647
2790052
2589330
2343828
2807775
2566563
2425823
2754001
2608237
2648568
2670162
3116656
3092787
2802913
2711585
2990682
3026471
2655636
3097778
2790081
2780929
2838843
2856497
2894822
2768978
2697390
2845710
3413968
3121849
3258220
3226470
3383753
2788929
2549972
3068095
3487140
3256274
2974472
2880667
2631486
2773440
3029990
3461296
3062702
2531045
2770563
2580398
2546253
2732417
2555085
2831474
2508279
3039403
2544619
2852437
2471778
3493596
3152726
2881329
2634092
2593241
2722904
2780548
3057940
2561862
2512519
3453657
2938382
2692057
2972597
3109579
3333467
3520654
3214610
2793058
2751675
2913550
2536629
2920367
2566173
2893128
2725630
3090470
2806092
2633891
2758402
2668689
2795886
3164917
3134841
3406349
3080306
3324425
3247883
2832717
2705610
2715325
2845560
3415271
3243402
3131112
3046842
2912757
2920597
2442464
2734482
2813449
2922442
2934171
2780187
2893580
2619265
2875425
3456895
2939444
2702262
2805971
2792047
2724037
2758482
2500128
2674643
3234220
3413928
2620979
2749079
2654363
2697671
2868496
2595967
2671495
2917059
2657991
2545711
2757571
2660729
2770703
2527917
2655365
3333086
3039313
2804127
2715004
3403482
3329397
3038281
2777691
3536734
2954522
3075203
3104657
3242580
3077097
2683456
3962787
2535907
2982652
2945479
3260455
2646864
3322009
3038451
2940788
3032617
2849480
2663014
2917338
2890642
3017509
2875936
2618032
2948948
2911966
3514699
2658494
2720788
2604539
2493181
2739244
2518955
2674012
2597601
2751204
2597591
2641962
2898622
3360735
2785760
3101939
3165448
2916898
3537506
3005068
3231974
3139262
2987253
2810723
2561451
2443406
2848387
2690072
2912768
2972677
3397066
2735966
3206751
2759545
2619767
3238229
3198670
2605099
2577380
2688267
2275818
2569983
3021569
2680608
3330400
2554393
2546383
3482329
3031944
2973790
2904356
2613641
2796608
2943143
2692589
2659435
2741550
2773641
2768277
2739796
2737289
2568469
3014281
2728277
2742743
3107252
3318329
2712066
2850923
2567807
2687536
2628318
2917780
3005429
2940647
2607546
2586423
2780557
2509280
2753760
2463646
2642423
2958170
3329708
3007574
2860076
2733410
2702853
3168996
3432303
2878502
2860918
2542383
2632999
2720508
2844086
3323492
3347903
2553731
3554659
3245598
3424594
2839955
2923073
2742843
2745841
3388314
2838893
2909620
2544970
2599686
2931524
2871765
3083303
3958817
3371913
3110581
3246089
3182631
3048115
2633460
3755160
2763756
2548798
2897618
2705649
2577921
2981628
2605700
2493851
2602011
3478296
3048665
2862480
2923162
2661760
2997678
3421665
3303139
2903202
3120895
3376281
2904114
3329145
2889127
3276954
3714205
2925407
2597048
2910720
3064464
3206559
3395490
3238037
3253185
2876294
3526807
3346588
2895111
3409565
3059412
3037617
3303340
2905146
3263610
3046960
3109546
3395139
2825178
2778852
3120293
3352944
3121396
3204754
3417073
3014911
3205065
3341175
3081627
2743103
2861338
3245797
2848064
2943052
2890981
2903513
2603054
2974911
2947202
3567098
2534111
2637760
2845638
2795363
2850971
2733810
2624487
2922520
2696918
2920946
3380823
3231390
2797448
3057747
2884957
2821668
2685680
2657589
2777478
2457851
2489230
2980725
2728997
2637830
2546853
3378708
2844545
2779222
2916084
2872406
2957888
2687985
3194910
2546543
2499936
2574131
2552156
2853528
2654913
2971893
2605369
3364052
3056785
2767644
2951553
2936565
2598712
2733408
2885417
2647965
2784255
2798030
2821248
2796255
2789088
2923473
2770501
2441240
2769909
2527144
2696817
2888094
2693900
2822771
2767313
2618341
2908886
2807894
2731684
2714241
2710832
2640446
3131021
2713629
2801539
2752526
2644096
2975492
2810100
2534452
2599735
2894660
2890751
3097466
3129767
3100905
2928836
2906841
3635729
2923874
2671664
3006540
2698943
2496447
2528477
2840696
2581790
2790100
2627685
2716266
2677820
3359921
2922761
2734201
3240363
3143140
2941187
2663384
2626993
2675654
2702722
2962550
3026349
2650090
2831102
2678642
2561680
2825699
2742100
2994320
2721869
2746180
2801208
3140123
3194970
3034620
3427270
2615835
3240774
2980294
3041717
2687574
2759213
2644848
2807944
2539715
2524758
3337866
2875673
2758140
2549289
2887563
3157426
3101697
3085146
3045246
2851052
2960124
3064675
3214368
2735795
2741288
2793458
2992946
2912696
2696316
2592737
2787252
2505028
2915793
3321866
2808134
2456828
2985417
2729889
2474543
2800857
2733539
2878952
2812305
2631775
2616848
2802541
2846961
2762792
2882710
2697950
2672727
2952786
2752546
2581751
2533460
2641920
2625189
2672737
3453344
3520061
2885749
3660181
3074679
3176404
2672406
2660166
3275571
3093426
3485385
2948535
2814872
2723594
3008545
2992976
2900275
2688256
2518743
2898350
3122529
2702802
2629740
3004906
3389756
3113747
2994420
2466533
2665098
2830571
2833237
2714311
3133617
2937166
2822009
2638562
3130599
2685398
3053015
4312637
2790892
2680968
2433951
2996945
2618662
2943182
2765087
2936374
2548698
2798782
3493555
2798270
2575204
2687213
3619248
3702486
3295792
3168403
2741328
3067492
2672898
3435831
3037206
3165527
3204573
3203832
3262709
3407671
3058799
3078780
3405124
2884787
2742251
3072815
3247701
2862510
2737087
2853759
2689499
3227501
2952305
2779042
2935623
2563445
2398643
2907332
2961718
2931302
2775945
2936485
2887313
2807002
3070438
3352631
2692254
3091229
2644165
3354416
2778870
2870639
3521091
3047210
2792053
2898329
2654881
2809306
3147159
3857040
3102919
3212211
2854118
2860564
2977766
3561292
2927792
3301304
3347448
2765557
3546555
3071991
3260281
3439628
3337975
3398385
2838639
2899331
2935120
3218205
2847341
2702821
4080166
3170396
3352772
3578675
3040081
3128692
2941776
3193293
3299829
2857567
3413423
3293794
2809286
3169725
2835803
3019851
2994739
2863040
3716317
3012934
3442595
3101595
3868317
3571186
3029365
3093174
3443427
2974508
2993776
3517202
3275388
3098938
3078448
2969796
2650771
2952784
3358576
3400611
3468841
2874659
3036162
2973145
2686179
3703256
3223339
3024894
2924834
3329935
3216371
2803501
3155639
2991079
2603262
2809146
2810870
2665397
2712103
2581839
2865797
3001064
3117715
3056974
3097866
2989455
2870929
2882418
3152923
4203062
2769227
3543347
3342155
2780945
3510064
3433403
3120663
3308902
2680033
2525137
2663713
3227078
4637726
3001555
2916945
3036994
2672104
2860534
2931972
2615373
3866643
2780333
3012743
3331829
2875341
2682951
3126357
2685427
2859191
2502541
2513098
2855321
2842208
2936924
2882499
2618741
2856133
2605187
3401242
2899310
2804053
2502992
2458692
2660425
2800474
2677086
2729056
2689587
2631372
2783170
2948443
2796464
2925165
2689327
2779512
2634751
2830218
2537058
2690309
2703803
2652054
2981445
2897917
2386402
2718359
2868674
2649919
2916874
2677859
3651938
3225424
3501092
2829166
3194236
2641789
2499092
2733146
3035731
3740890
3060362
2799863
2931491
2957105
2854971
2628014
2688525
2931000
2607373
3164793
2954619
3015410
2657799
2718700
3491437
3322115
3285082
3312151
3162296
3219038
2766048
3726814
3185434
3369132
3112201
3175649
3148271
2693156
2511383
2901476
2972483
2554350
2672946
2736074
4018381
2935981
3191278
3266085
2980975
3947414
2999640
3367227
2584375
3213985
3357834
2846298
3041135
3032553
2595403
2593989
2706159
2626861
3659727
3115078
3464911
3133916
2900684
3293874
2669216
2994247
3149485
3750303
3038478
2721086
3278496
2832915
3210266
3369483
2713326
2711542
2952524
3198366
3140582
3229124
2694790
3002699
2627252
3686032
3492309
2584575
2655814
2682329
3156923
3087700
3026127
3048573
3109104
2858990
2682239
2934488
2793075
2690219
2602661
3091319
2747532
4131634
3200713
3256521
3188261
3144683
3088402
2977816
3043220
3289765
3326637
3353594
3506023
2615312
2915591
2804524
2608716
2856765
2965656
3156141
2767783
2523002
2758249
2618380
2934338
2655873
2624756
3514364
2833587
2904344
2997415
2821998
2528075
2960965
2575894
2809116
3032894
2425800
2846629
3228572
3036804
3071149
2849577
2704926
2628736
2628044
3163158
3632710
2492376
2692234
2626821
3225164
3524870
2853615
2651992
3086104
3259357
3148691
3513792
2869855
2861214
3122977
3349903
3790140
2987359
3058536
2966106
3765148
3189543
3089122
3181322
2784883
3642462
3225733
3568016
2996872
2980251
3183467
3427956
3423165
3236219
3141533
3172009
3200340
3376198
2639140
3249933
3342263
4058089
3098816
2947779
2897303
3165352
3596237
3533961
3027870
2977644
2780482
3158455
3857047
2721566
3719454
3595023
3484808
3462333
3461852
2888171
3072612
3493621
3722451
3176219
3331497
3106325
3142144
3522102
3041653
2581546
3148851
3219628
3146235
2990416
2591442
2977243
3453391
3190265
3103899
2754237
2691200
2517587
3205813
4065858
2916282
2908672
3191417
3461110
3393852
3253562
3171588
2991479
3059167
3967452
3423165
3046215
3264510
3299316
3094536
3546763
3009404
2877414
2810207
2794908
3928465
2904522
3006506
3227667
3209071
3365482
3106385
2785606
3122726
3806380
3392067
2836462
3267026
3451736
3085072
2808974
3056852
2831380
2595221
2893124
2622318
3055940
2759099
2939338
2891860
3062446
3091528
3631565
2770648
2559080
2985895
2920432
3223217
3388670
3684627
2962597
3398153
3105925
3195076
2562970
2611863
2670438
3109202
3735204
3325151
3172701
3353161
3161493
3441261
3024160
2735200
2588845
3249281
3451345
3491194
2900462
3181673
3372389
3544758
2963198
3341722
2833054
3694171
3300760
3761198
2811279
3182705
3147528
2844974
2787821
3099589
2773776
2698519
3412940
2801716
4601172
2724172
2965504
2991670
3116190
3382123
2956000
3681078
3109864
3845638
2977163
3463085
3072040
2875831
3237412
2956452
2806468
3136109
2801315
3051087
3408719
3755504
3098285
3101594
2967579
3204580
3486052
2893775
3016121
2904021
2857505
2955369
3753419
2945093
2835419
2942877
3291577
3776727
3096059
2637506
2714218
3336248
3605289
3224630
2978546
2996291
2833876
3002066
3068471
3659895
3062506
2895319
3208590
3136350
3336309
2971308
2891419
3099178
3122555
3165654
3344990
3657118
3287156
3456107
2937535
3780185
3346814
3130084
3051498
3013884
3306754
3255787
2804572
3269231
3221272
3116370
3936515
2908000
2966506
3538051
3059719
2849434
3279066
3093322
3456307
2885003
3205262
3566984
2798658
2995489
3290695
3126476
2956782
3232530
2897775
2835219
3388548
3485129
3008421
2596123
2877695
2607121
3000632
2564604
3184400
2945283
2589888
3409381
3269191
3320961
2941183
3081533
2909485
2864432
2864302
2793245
2836011
3549971
4312813
3636568
3103899
2971037
3007819
3298173
3863142
3017664
3227748
2831390
3530623
3347838
3091097
2849555
2898588
3113453
3254986
3029634
2747550
2682688
2846567
3078866
3017303
3538973
2872262
3133904
2842357
2839699
2885052
2958545
2825233
2512513
2808682
3213591
3501409
3207235
2959618
2739650
2621886
2929593
3504717
3138203
3624755
3889887
3761186
3546190
3064329
3322803
3223977
3141801
3146544
3486882
3153932
3677438
3343043
3508546
3037211
3056991
2889242
3283866
3932272
2817994
2932219
3217822
3444005
3289259
3096819
3031466
2993492
3436136
3559283
2749815
2977703
3498982
3655984
3444326
3210884
3353941
3259185
3213450
3117802
3156007
3144859
2944460
3475804
2986746
2722366
3132458
3473409
3217962
3377269
2622317
2979467
3231756
3496385
3844463
3166704
3536947
2757534
2778396
2789684
3419063
3290021
3240047
3506972
3869917
3022404
3260348
3197942
3198032
3294562
3408096
2717003
3040519
3193350
3424166
4359687
3059847
3251395
3281670
3644555
2879238
3542641
2526578
2692622
2619690
2813624
3480676
2844310
2919758
2862606
2729524
2961403
3003657
2867118
2829423
2674367
3864133
3295185
2793524
2622537
2684271
2719008
2664762
2767689
2902947
2496654
3445910
3115105
3053221
3597498
3774008
3427314
2916751
2935859
3013753
2872250
3012389
2690828
3263575
3118784
2996901
2804291
2548473
3125401
3037782
2660673
2691811
2687830
2507411
2939468
3403133
3190844
2670708
3196719
2927728
2855849
2772181
2687459
2477737
2719700
2701154
2636593
3904333
3095938
2666487
2868461
2967277
2970264
2911688
3035607
2654086
2582237
2441446
2991257
2821043
3087817
2615910
3056499
3153250
3005683
2938716
2826125
2617786
2695299
2637786
3035296
2774917
3634029
2941853
2927749
2714477
2888401
3104960
4082327
3346412
2992349
3073993
3072910
3552837
2981833
2934926
2882816
3605819
3290753
3090865
2705404
3228789
3394432
3634661
3726229
2952229
3536405
3118032
3037222
3098865
2700933
2623189
2975297
2916480
3143095
2644864
2827027
2956891
2778105
2742637
2996280
2987918
2883218
2563089
3215135
2792351
3367405
2746085
2808831
2773052
2940741
2728542
2965121
2854837
2647480
2779108
2959608
3004209
3176618
3039237
2457085
2843849
2573064
2858556
3012861
2879338
2751068
2639169
3115807
2638538
3169952
2689074
2628883
3421921
3145661
3244608
2939477
2547361
2766215
3346141
3711171
3161842
3072981
3330402
3006525
3407755
3269780
2762426
3408366
3119927
3601688
3404256
2752361
3215977
3273761
3305571
3287435
2891558
2636903
2587811
2954605
2992550
3131075
2879318
2685725
2714256
2735138
2782567
2729213
2877533
2634327
2819118
2781153
3322944
3245480
2532844
2655269
3587352
2931928
2719860
3055848
2869914
2507069
2768913
2597826
2379211
2827659
3117210
3718139
2528293
2638608
3354301
3069411
2877874
3878368
2849844
3107215
3107847
3408226
3084750
2544081
2878856
2961813
3449058
3418121
3093341
2623189
3147837
3156880
2854285
3124437
2834214
3143364
2770926
3165109
3686929
3501798
3435362
2521504
2847637
3236336
3503191
2515480
3222060
2860840
3065479
3265218
3026522
3081510
3040037
3678568
3210912
3771930
3408033
3118141
3263023
3145840
3006312
3746428
3366550
3084577
3440955
3012307
3749214
2685704
3007556
2962573
2973881
4094184
3217459
2717302
3363212
3229790
2691107
3177810
2610266
2840008
2649222
2690847
2890484
2989180
2777312
2528251
2538205
2501304
2500231
3075033
2618988
2492321
2908789
2605404
2733082
3154642
2814344
2720069
2764019
2762535
2767247
3183645
2534246
2896018
2861863
2883045
2989932
3103595
2792529
2648491
2726836
2829051
3393187
2807718
3192697
3168426
3039837
3436455
3320395
2882213
3128096
2576170
3561948
2814695
2981782
2947115
2743036
3713264
3074623
2729372
2990854
3262371
3673134
3610509
3127736
2989731
3194261
3111024
3063825
2667147
2696310
3052166
2842293
3559481
2579409
2637303
2715067
2963105
2925431
2894744
2830314
2717663
2609253
2917421
3185589
2934022
2564241
2623218
2869762
2689413
2843326
3336214
2858985
2614396
2924850
2481765
2769904
3153550
2979837
3204467
3463983
2791036
2766806
2885452
2811617
2483158
2860198
3515822
3778868
3285959
2781953
2972789
3057299
2766765
3037070
2878945
2571770
2708761
3174151
2945993
3840752
2636601
3343843
3000117
2935516
3269007
3000488
2607699
3056318
3607230
4391013
2904238
3084999
2764149
3125610
3061701
2971917
2648691
3051294
3029230
2834404
3400033
2932950
2605885
3154702
2720902
3417578
2959827
3544223
3095926
3026363
3285098
3154031
3083806
2849281
2741332
2851517
2765322
3104788
2681813
2624451
2803597
2927536
3672413
2655849
2684090
2603889
3100317
3441346
2999365
2509655
2756591
3121339
2955697
3381437
2654666
2814024
2662626
3023806
2740931
2932759
2546055
2568913
3277027
3059907
3784301
2801873
2655829
2679377
2455138
2955055
2780108
2751056
2688721
3069350
2987526
3800793
2573173
2957551
2666495
3278581
3187825
3054954
2681643
2859236
3646618
4144670
2841522
2965681
2669714
2650747
2495750
2876770
3213609
2506598
2685142
2648130
2910243
3533456
2761102
2570035
2636631
2774374
2871747
2845381
2763878
3379162
2820720
2993060
2932358
3636844
2805743
2913291
2897060
2760651
3089500
3631020
2687307
2541624
3639972
2739908
3453777
2700140
2809873
2651218
2832419
3275754
3112948
2597012
2664130
2902013
2663047
4087627
3150091
2974162
2872038
2590647
3381568
2958975
2605654
3375694
3401959
3732563
2938163
2984057
2765873
3081099
2930262
3775921
2766685
3020899
3333477
3097520
3756051
2696029
3545005
2799317
2659348
3132989
2943175
3150471
3003495
3124618
2779909
3819690
2935586
2933801
3369487
3003285
2831998
2944378
2644511
3846146
3708362
3510950
2651939
3121709
2823786
2731496
2938532
2799175
2733341
3083774
2736830
2775125
3350419
2565593
3061268
3427862
3435922
3230099
3207121
2631317
3161989
2737612
3078741
2816016
2872116
2638304
2543257
3038992
3364443
3067243
2690655
3315762
3064365
3804780
3506748
3165256
2882502
2930572
2942272
3208675
2999824
3070832
3267041
2787837
3627669
2543578
3109057
2695848
2873440
3000316
3471801
3603730
2977168
3123764
3676792
2748187
2865319
2790072
2995053
2768218
3045167
3377335
2660379
2919114
2863054
2750394
3884660
2810082
2762544
3190731
3053799
4187083
3647890
2581642
2652840
2882683
2882092
3935035
2713040
2851234
3340725
2706815
2856217
3238480
3342499
3395120
2780739
3389736
3186059
2945479
2616449
2876368
2874723
2879575
2425634
2668278
2907324
2819395
3293576
2848948
2742453
3066972
3431681
3021900
2791165
2509874
3163924
3099534
3609323
3298138
3237296
2834964
2851074
2828748
3040186
3155502
3373696
3055754
2960437
3240364
2788167
2650695
2788407
2976937
2964888
2913369
2842403
2556711
2692349
2633562
3120234
2600971
2867164
2657452
2681853
2750153
2961128
2439278
2627056
2741652
2749471
3669924
3312373
2876527
3287221
3541985
3070500
2848628
2903084
2938572
2649973
3041689
2805671
2946932
3134300
3223823
3642266
3578066
3251642
2948777
2609893
3416884
2655678
3158761
3116245
2887655
3295812
2954973
2420571
2812749
2835375
2699567
2761622
3022210
2942672
2874312
2930492
2565523
2740849
2966131
3458698
2803475
2681772
3069468
4075735
3217236
2952257
3032747
2958452
3235011
2911615
2784367
2628158
2528961
2731196
2934212
3577785
3132907
2540039
2865751
2707155
3275953
3225968
3762315
2797831
2807595
2805440
3364283
2823676
2590615
2913279
3463560
3409786
3330108
2886383
2775305
2862613
3146570
3956288
3303000
2826714
2753842
2652450
3183182
3266860
2915786
2842964
2947204
3027223
2927715
2561533
2950813
2748949
2787285
3283071
3173387
2643366
2594474
3158179
2649401
3291942
3084616
2531317
3336834
2849500
2832037
2673331
2662905
2516320
2717231
3082371
3469395
3479771
2723055
2691337
2935394
2969659
3124646
2934422
3331782
3289416
2848156
3084776
3202711
3422378
3434858
2784238
3297446
3275321
2996165
3202830
3434688
3248124
2884256
2720770
3202891
2950883
3000215
2808688
2691186
2676840
2923474
3521776
2893811
2695546
2878292
2853530
3349466
2959595
2974752
2924416
3391831
3239201
2877009
2720569
2804298
2959745
2611478
3137197
3117128
2820698
2941649
2833961
3368424
2848829
2729972
2493574
4534238
2910543
3394177
3309707
2968386
2991524
3510728
3201667
3020746
2419198
2608680
2626184
2782253
2788980
2694674
2855145
2667096
2670283
2796017
2987364
2900337
2892908
2491639
2773801
3008546
2661902
2766473
3517024
2854072
2810302
3164002
3213466
2923002
3734834
3404151
3617983
2853799
3537884
2949929
2838181
3150288
3243430
3136895
2900696
3475478
3656299
2965979
2828427
3030049
2807454
3065046
3062650
2881930
2805489
2853539
2564268
2802341
2671946
2883252
2717109
2831284
2597411
2768046
2588759
2917218
2758452
2465312
2955764
2729800
2837619
2439868
2605811
2630493
2966661
2650152
2776406
3529914
3263410
4133407
2909359
2710673
3727667
3283570
3006700
2964937
2725189
2997137
2722803
3069106
2796627
3400772
2915965
3135150
2931673
2940225
2671826
3422285
2750833
2668478
2763505
2970521
2870391
3548079
2754252
2887363
3037336
2986109
3229345
3494706
2876255
2960154
3576731
4438287
2949127
3586785
3205816
3228834
4040666
2570393
3061577
3083803
3865460
2687826
3097146
3298677
3308763
3199351
3281505
2976024
2756978
3678163
3521343
2703445
2841178
2693390
2888677
3220393
2679405
2465462
2658924
2874842
3505272
3270056
2955874
3243149
3190990
2972094
2830812
2564960
2729239
3347209
3233646
2725971
2763986
2611105
2599666
2805830
3572220
3105687
2513592
3292112
3218397
4228434
2963373
2785941
3267791
2864867
3013918
3629492
3173196
2957698
2742171
3184895
3193115
3796458
3014530
3354507
2713891
3057096
3196343
3286597
3097727
2890351
2890461
3319921
3276412
3699937
2624268
3113968
2690603
2980375
2876997
3417844
3014650
3241997
3255771
3029697
3232081
2913027
3430025
2989407
2777710
3120795
3200153
2793379
2661911
2563566
3585352
3532580
3691958
3139742
3333634
2953036
3258107
3702454
3372883
2960435
3122980
2909268
3563969
2727915
3514084
2997498
3390507
3517413
3025467
3248432
2566353
2930351
3304482
3006459
2792346
2856617
3133657
3380903
3477263
3028054
3086229
3137346
3110409
2963944
2693390
2751144
2799885
2671736
2847564
2731856
2727665
2481883
2488489
2619747
2975042
3911344
2621240
2927483
3239009
3041909
2700999
2609942
3608961
3593492
3648319
3298717
2492840
2889058
2655004
2642403
2955954
2967262
2515456
2591385
2645049
3209356
2826120
3048965
3216233
3136694
3512059
3007112
2573892
2586203
2980175
3987714
2724136
3141035
3208473
3233264
3660199
3411589
2881699
2674843
3520340
3713541
2640248
3314808
3224573
3107662
2766512
2795444
2723716
2835544
3479668
3038429
2807063
2828807
2788708
2947363
2845118
3225165
2770262
2940124
3496972
3289154
3719305
3068685
3069818
3081627
3137546
2980936
3129637
3186138
3793711
3088514
3184192
3487418
3323961
3162008
3205736
2793800
3056765
3593171
3190969
2699375
3070389
3168564
2809419
2941508
2773128
2720778
2692397
2485371
2746772
3156563
3802403
3268383
3150518
3005277
2972144
2971433
2965227
3331910
2938040
3251961
2702412
2553030
2790942
2761349
2940916
3002990
2981817
2904444
2781167
3016714
3789960
3173193
3258435
3101715
2887292
3577992
3223438
3377823
3554935
3280571
2918038
3227769
3314475
3611485
3229825
2697248
2981085
3169705
3860576
3162437
3099019
3024072
2809067
3260361
3039400
2591554
2797096
3194316
3819073
3033727
3842511
2980444
2899943
2973537
2787152
2500969
2566542
3287297
3600407
2766520
2808585
2754962
3013225
3102919
3448590
2741579
2898830
2628156
2935401
3034218
2720837
2677930
2691083
2603535
3623555
2932223
3159109
2726020
2952454
3209113
2748305
2801939
2870810
2665981
2852164
3069365
2512989
2640536
2906619
3203669
3173986
2587174
2537099
2796495
3101445
2960223
3198166
3212923
2575736
2744756
2998157
2593319
2479877
2825297
2652537
2624377
2467957
2536699
3337723
3254054
2551375
2424769
2638221
3184712
3385944
2701990
2741428
2485080
2658722
2983350
2552577
2339757
2546342
2717709
2457170
2503315
2631414
2611083
2542813
2541571
2524157
2999752
2444579
2859322
2718672
2736696
2537339
2733237
2598141
2544999
2342695
2779703
2715574
2857918
3530604
3546614
2640377
2495736
2683143
2424829
2441731
2504498
2693849
2702711
2852365
2524979
2783543
3005546
2588056
2633630
2518834
2425822
2544026
2691935
3015300
2776105
3242245
3363367
3033535
3047069
2671323
2727142
2816034
2609208
2604046
3008563
3225925
3497481
2698190
2956293
2750240
2551846
3046358
2809428
2840254
2487025
2968784
2647775
3111008
3390555
3037525
2638351
2820736
2765438
2559244
2771854
2839864
2652296
2565420
2667354
2956775
2809377
2501881
2864976
2931442
3113344
2787182
2696426
2663253
2833808
2748746
2774079
2530834
2488649
2990158
2589580
2696286
2660848
3024052
2642101
2728035
3681249
3267198
2776094
2672908
2543154
2700446
2681088
2512388
2758360
2581891
2614301
2374574
2659955
2443616
2454444
2406945
2376559
3010207
2857667
2612116
2694411
3177333
2835683
2836595
2843953
3253132
2730882
2684306
2663654
2634382
2866058
2790360
2599194
2682331
2553410
2882540
2607154
2682813
2604136
2813357
2978077
2958408
2833788
2848455
2667664
3021545
2524869
2801698
2943602
2873176
2959361
2660226
2461992
2983501
3764837
2904485
2839663
2717518
3238576
3221443
2529971
2794771
2722351
2519034
2750451
2706903
3330275
3184131
2581720
2654632
3189083
3097234
3103640
2806430
2730792
2957707
2588838
2757939
2913116
2613830
3425051
2784526
2737970
2783062
2748907
2902850
2740666
2892485
3766050
3175559
3375417
3068222
3527556
3260110
3152873
3462855
2984123
2645730
3563025
2975802
2685680
2681829
3287568
3293423
3034248
3189765
3024774
3519015
3060282
3277784
2918178
2578472
3047109
3368059
3621660
3500910
3106277
3889387
3131580
3372610
2779974
2859272
2875682
2618863
2771914
2839562
2553470
2618743
2511666
2617029
2925867
2653810
2781167
2723854
3244952
3025837
3195750
2680326
2987301
2821467
3012513
2904804
2572837
2687623
2913455
2779041
2899761
2716645
2710490
2777166
2714229
2615363
2681037
2769296
2996543
2719392
2602802
3698811
3029575
3474362
2787451
3191628
2742390
2797757
2777847
2564216
2944813
2883290
2626240
3254825
3452197
2792083
3003109
3423044
2740916
2926247
3304880
2852493
3384659
3263888
3084972
2809968
2802509
2711743
2576917
2614240
2730730
2965455
3069284
2748304
2683082
2845616
2504617
2850919
3037855
2907049
3278264
3030607
2660486
2901625
3090165
3171939
3283347
3106806
2668866
3072972
2932362
2855471
2929746
2786619
3043880
2741557
2777276
2682219
2565399
3624506
3138636
3039429
2847932
3078817
3012602
3014376
2862929
3203989
2959009
2693718
2907110
2512166
2907731
2971550
2792895
3218194
2856012
3401280
3051118
3702730
3410082
2812814
3168551
3189292
2839030
3184450
2947159
2538150
2608064
2709678
2703773
2486121
2600505
2765687
2878198
2704856
2731462
2595995
2727723
2865676
2727031
2552266
2611784
3174044
2703572
2579604
2825396
3251116
3486472
2854237
2934037
3196621
3565198
2858859
3178635
3321391
3443706
3743342
2724464
3270033
3300829
2762870
2862237
2700043
2895250
2748043
2686269
2837385
2638901
2896814
2790289
2850328
2437450
2705066
2697497
3237792
3193913
2993123
2493479
2856142
2579152
3018155
3001043
2743903
2619051
2765015
3032591
2548867
2764785
2849366
2579042
2832213
2688334
3126124
2930547
2931760
2561989
3060782
2609839
2523544
3059249
2835220
3181463
3838188
3413771
3707032
3079128
3334032
3006547
3425199
2763953
2582501
2770960
2462493
3014156
2570040
2651864
3426804
3119739
2885936
3175798
2577408
2843892
2859832
2531203
3127308
2994698
2733347
2993805
3099187
3161824
2713457
2862157
3053725
2971419
2996742
2792976
2496647
2691754
2993815
3100862
2577539
2653648
2886649
2897616
2374533
2661056
2816625
2709868
2618100
2740314
2444387
2838839
2433260
2525820
2697407
3307396
2916232
2724234
2783933
3131558
2615132
2709217
2500827
2858097
2652195
2782138
2805467
2731963
3296098
3029334
3106716
2937885
3099819
3240189
3187558
2635994
2639342
2630059
2698540
2706821
2687914
2773126
3247978
3255477
2639363
2866057
3082797
2750821
2656184
2930517
2664986
2467133
3290794
3125102
3189141
2864182
2650259
2772263
3020402
3395355
3202294
2848824
2603312
2871661
2616636
3128500
3191267
2779271
3611825
3865887
3918528
3981234
2417851
3438623
3527995
3033053
3108942
3093764
2889937
2554350
2638009
3188430
3582732
2701016
2775913
2550582
2918668
2691623
2639694
2724485
2468587
2534151
2801396
2646721
2776896
2579674
3536587
3232039
2782619
3286765
2840353
3681789
3017584
2978567
2634942
2622501
2615734
3241973
2838257
2948883
3661969
3228600
2875610
3103488
2797255
2910829
2955229
3355135
3166846
3210234
3172289
2661257
3121273
3059730
3121092
2955279
2981294
2951729
2958937
3110444
3042435
3470431
3683080
2817083
3057512
3286814
3250673
2937533
2888892
3190384
2887960
2775591
3123928
2859479
2872591
3310482
3275916
2942656
3162043
2960611
2903670
2856903
3205661
3203345
2903328
3130946
2858687
2838929
3011628
2682800
2904381
3039958
2969183
2975609
2808001
3504345
2876080
2875911
2906797
2745154
3575872
3012681
2515814
2854827
2944160
2994906
2662729
2850948
3496275
2988310
2766558
3276558
3098495
3104299
2921063
3069001
2737045
2772653
2791560
2893594
3080279
2763531
2816342
2938727
2790658
2764082
2724403
2437418
2893725
3009613
2851569
2756814
2568265
2551121
2652995
2620264
2808693
2807470
2589086
3055468
2955498
2634439
2893394
2803300
2735691
2688905
2926627
2855900
2685877
3000801
2614158
2816042
3286282
2614499
2802076
3076690
2871820
2794828
3368887
2795159
2964862
3128138
3125913
2602540
3138685
3010225
2862307
3668353
3177581
2977533
2784944
3069472
2824061
2628334
2437890
2719782
2540315
2611662
2533708
2822237
2874747
2497147
2697346
3354452
2415354
2735160
2578991
2489358
2724955
2723902
2774327
2550520
2599983
2478832
3542761
2706298
3146314
2589507
2708944
2867479
2769376
3142614
3075217
2912852
2644414
2979327
3399293
3070394
3298773
2888672
2837063
3194012
3073242
3377820
3256197
3140749
2945683
2762367
3067607
3174644
2712202
2616434
2552886
2666188
2633948
2730849
2959749
2634249
3125141
2597137
2840943
2819971
3314873
3046756
3183666
3270432
2739871
3044099
3195336
2658298
2801595
3783861
2584315
3126975
2965062
2749756
3416055
3212649
2954385
3144819
3072469
3023146
3184769
2944180
2715681
2524616
3478982
3447022
3063457
2916732
2835259
3133682
2625637
2593558
3162614
3130675
3050625
3350622
2907268
2892983
2978254
2888802
2708394
3140489
2682970
2964090
2920661
2711180
2911589
3407474
2749315
2955568
2733245
2490119
2906296
2640735
2656484
2709205
2711240
2903670
2665787
2753917
2698649
2764533
2513097
2660043
2768343
2743541
2492074
2768283
2459704
2843018
2738999
3168178
2952912
2547392
2687201
2692483
2773896
2554280
2819159
3147577
2630940
2983457
3349309
3145040
2793715
2784723
3075016
2645516
2528686
3032650
2911579
3226252
3014986
2690649
2715621
2761806
2532135
2786598
3353750
2741967
2631763
2573317
2639752
2508285
3045092
2494912
2576324
3101793
3095447
3038967
3159025
3269049
3111126
2718618
2724262
3379805
3109823
2905905
3418361
3059066
2813875
3190453
3302152
2840803
3112229
3303054
2881514
2779049
3307134
3539743
2976561
2962435
3457990
3799570
3237009
3184378
3512645
4057011
2909534
3505558
3989613
3416586
3783861
3277159
2786688
2842637
2937644
2654489
2777626
3063216
3579762
3218072
2758007
3306202
3961062
2923308
3003949
2701095
2432757
2854297
2929233
2659793
2762067
2560696
2798728
3089251
3215314
2613856
2592844
2916781
2683430
2620583
2531883
3148798
2663700
2650688
2745554
2588053
2922344
2789814
2753053
3137830
3365096
2666637
3375201
2854626
2800682
2465888
2779318
2770908
3093471
2868009
2915076
2733545
2636322
3005050
2934465
3368174
2825293
2912910
2858154
2519220
2606247
3022794
2598398
2724242
3079305
3119214
2882304
2743148
2723700
3024740
2547722
3142683
2698898
2603561
2634407
3428194
2600183
2841674
2635550
2798626
2957892
2694307
2698858
2735088
2639560
2832491
2536193
2821904
2608012
2663359
2565005
2701354
2685084
2713214
2394210
2804000
2648964
2601506
2652443
2922655
2588373
2774356
3257228
3120527
2907748
2619591
2953131
3293428
2745313
2678086
3097601
2980098
2717645
2763670
3024038
3115325
3185710
2904189
2524114
3635539
3027978
2783599
2933963
2624754
2421899
3065100
3242391
3080187
3010083
2798516
2906074
2684843
2778948
2809894
2667901
3075436
2770767
2611120
3264546
2945732
3196186
2595200
2914254
2967456
2725745
2618698
2545336
2613676
2791108
2534459
2537717
2745805
2584884
3119846
2956600
2595331
2807729
2586508
2997432
2562639
2644533
2914144
2622137
3109571
2837864
2866736
3275324
3266651
3201720
3006002
2940440
2891869
2900971
3343784
3142262
3300687
3010063
3478148
3006464
3248406
2890074
2779058
3141139
2966705
2880871
2694157
2682498
2949632
3142351
3003777
3179886
3115726
2986203
3410269
3095556
2937903
3048499
3195625
2916250
2885533
2849463
2823609
2552374
2793023
2800601
2574759
2978615
2545667
2860139
2995055
2494549
2777975
3099104
2671180
3174502
3259263
3227634
3072638
3371873
2818366
2849683
2887668
2750848
2780632
2719921
2930635
3085982
2716521
2616323
2867087
2678327
3804049
3649584
3354410
3145791
3134834
2905813
2940079
2773254
2666157
3076669
2797634
2873042
2520835
2630508
2715530
3213359
2970194
2781935
2875578
3073340
2861262
2588614
2704783
2486359
2602177
2910565
2683490
2929753
2640282
2850105
3142312
3027637
2692412
2993341
2590118
2941221
2741133
2666347
2734857
2735349
2479392
2840250
2685585
2587712
2672072
2557827
2708702
2722547
2538720
2772191
2834977
2557215
2739679
2881603
2779769
2683580
2629445
3130111
2721394
2549726
2763378
3541916
3160076
2643309
2606097
2655089
2702527
2877723
2505326
2573837
2851699
2779349
2852691
2794396
2572403
2654327
2783199
2523602
3461015
2640502
3424204
3147495
2867778
2594288
2726186
3301388
2531621
2779007
2578118
2563882
2788692
2514199
2628743
2660883
2974124
3084338
2908750
2472474
3145479
2710046
2501998
2610458
2526058
3066283
2907227
2660904
2675299
2707289
2793373
2915959
2550299
2826255
2500735
3096518
2906405
2898636
2934474
3067165
2732452
3910384
3208937
3501757
2952740
3046003
2807087
2585065
2812211
3189429
2908429
2718847
3595921
3214611
2791177
2778386
3066503
2645074
3034323
3133561
3343733
2941301
3002845
2874615
2755227
2762636
3018623
2735979
2560042
2688200
2773552
2365518
2711428
2926453
2544803
2677443
2661594
2913802
3510787
2950974
2538177
2675579
2509466
2976007
2588712
2718826
2798154
2998232
3385305
2911807
2697624
2684091
2625915
2766525
2758455
2511491
2663418
2460774
2529706
2757563
2757653
3065629
3096666
3264785
3191653
2811507
3286419
3391411
3260395
3412443
2948408
2897361
2932188
2821181
2705323
2423100
2655960
2824429
2774786
2591981
2490278
2650075
2702025
2840680
3277016
3033911
2887757
2667699
2546919
2970072
2663338
2855297
2761423
2856429
2596572
2859426
3348805
2816349
2879135
2981851
2775538
2753402
2885421
2827307
3076837
2751467
2667488
2832168
3289606
2743268
2658927
2851747
2849241
3358999
3191373
3084166
2829111
2863126
2653664
3020216
2827908
2625013
2926253
3017830
2921701
2956428
2954974
2691448
3269146
2931887
2474118
2572522
2378058
2645324
2486639
2483551
2586668
2356465
2454358
2711889
2926263
2760811
2673524
2984899
2625064
2774415
2612602
2714777
2487781
2528833
3729933
3255693
3670716
2814916
2912839
2562187
2703639
2855747
2559791
2557354
2914203
2718476
2771518
2685614
2957631
3079545
2840539
2519832
2887466
2851457
2505957
2572883
2618907
2479651
2727799
3320875
3119483
3098111
2700511
2819487
2770274
2734927
2467521
2838324
2722947
2737583
2931536
2633123
2878814
2698887
2693494
2714757
2551440
2898504
2605835
2674576
2779197
2900820
2617795
2863226
2901191
2664230
2783558
2651769
2657814
2699268
2431581
2520021
3347973
2577204
2741132
3104055
2861893
2932207
3058622
2718345
2708390
3145789
2894043
2533074
2792590
2831517
3158692
3047063
2476513
2653354
2827066
3201488
2768300
2950794
3037430
3003846
2693022
3095012
2850634
2629373
2660952
3148226
2848248
2740480
2552894
2976398
2683328
2853872
2502728
2995445
3121148
3175243
3265447
3303111
2700240
2775447
2642417
2687829
3251894
2924929
2935266
3330850
2865662
2692191
2848018
2625083
2771257
2641133
2695709
2753583
2664802
3184555
3013019
2811827
2972167
3010362
3089389
2875947
2923125
3098822
2915426
2899326
2589775
3178601
3084627
3301055
2744751
3225447
3562255
3096035
2985701
2651499
3219292
3282359
2699819
2914564
3301557
3087153
2777602
3055746
2791888
2993199
2559731
2781282
2615359
2559349
2462147
2906855
2543951
2348334
2514388
2706857
2330450
2616051
2721022
2484845
2645093
3078572
3055104
2561114
2726596
2539791
2833712
3215342
2887546
2858103
2653204
2611740
2860800
2843186
2810354
2803908
2603720
3462707
3002532
3484672
3778513
2920819
2797432
2920799
3010252
2962022
2940167
2928719
2835687
3242038
2913821
2610817
2977069
2784661
2636712
2731779
2900569
3069128
3307451
3258780
2882935
3225769
2877341
2986052
2953089
2958704
2795046
2779848
2850976
2910484
2758856
2838905
3183784
3149318
3124766
3932948
2649414
3409666
3325707
2703518
2847356
2961149
2993920
3043372
2679266
2640430
2417696
3314788
2662997
2822704
3092625
3381946
3553302
3013348
3159823
3208904
3014671
2832418
2984827
2786133
3255039
2673783
2553514
2716971
2922944
2979002
3016055
2781792
2544682
2722885
2837842
2596331
3283901
3559898
2810624
2856538
2843595
2764178
2387330
2639378
2678766
2698364
2840749
3171341
3145106
2969769
2792769
2861871
2753521
2635277
2678315
2710464
2560491
3144414
3788617
3013508
2493946
3043383
2854734
2617022
2701953
2904818
2705983
2518146
2621634
3338337
2909901
2928477
2529986
2587368
2684590
2535870
2680891
2406258
2570065
2665452
2620881
2817542
2907314
3148515
3250247
2566907
2915796
2815887
2718885
2580320
2462587
2488613
2486657
2949790
2644600
2681783
2619769
2621363
2621152
3191772
2665252
2699206
3160724
2713583
2509635
3418155
3132655
2929900
3124625
2852949
2996927
2774304
2831776
2539118
2663918
2735046
2740359
2792649
2967384
2585153
2476522
2888838
2687447
2595679
2741892
2988255
3201557
3182509
3133367
3312172
3102369
3202488
2547058
3109898
2844016
2637613
2589504
2966080
2482878
2876508
2681793
2760910
2485995
2508151
3269967
2579909
2794483
2719898
2638325
2814514
2567017
2582255
2911335
2494397
2598366
2370629
2659979
2607940
2531429
2812117
2632751
2399069
3048446
2828959
2729371
2899666
3387870
2769301
2711818
3012707
3364773
3006040
2946402
2886623
2572661
3478605
2763787
2989027
3048405
3423839
3051032
2646054
2795055
3456120
2816368
3344903
4219660
3009188
2733141
2941901
2994391
3329575
2579379
2919765
2933790
2636581
2821902
3053869
2701512
2745281
2778734
2983794
2880918
2793290
2627448
2958873
2748800
2676701
2921289
2856819
2808889
2670665
2665403
2641763
2798814
2890883
2698625
3054721
2825591
2674676
2588350
2765672
2391330
3088014
2675818
3118038
2787777
2816999
2783085
2539860
3097588
3099623
2692530
2671889
2424844
2685402
2691778
2940647
2632019
2754304
2795386
2702034
2850443
2655207
2723798
2427601
2790523
2397335
2362148
2748299
2624721
2611558
2462176
2483509
2644821
2937670
2601213
2720690
2708149
3137698
2790453
2556010
2822072
2666114
2990481
2642064
2527710
3099212
2666706
2594606
2771527
2666655
3119692
2640490
2714605
3151682
3258127
2897269
2539398
2840979
2848528
2667196
2850162
2959995
2717392
2694605
2542275
2798393
2766314
2606315
2759526
2568842
2567107
2638054
2738635
3827965
2637543
2645343
2900006
2698434
2820428
2468292
3148896
2960867
2799676
2545253
2782664
2837801
2754915
2668540
2537544
2665242
2788789
2672951
2657814
2582947
2704841
2572531
2574616
2583047
2815325
2418729
3125156
2815706
2494707
2869180
3231852
3129347
2738344
2953219
3274739
3058791
3586745
3169156
2745953
3063473
2723477
2786343
2801591
2392473
2826433
2851505
2492122
2748228
2731175
2853711
2835646
2638255
2973228
2689221
2705282
2789100
2474548
2829220
2873621
2552682
2796879
2781731
2888226
2783055
2711457
2712359
2686614
2634254
3008715
3376199
3171049
2615256
3215490
3241073
3156062
3075612
3182236
2655506
2875654
3266636
2857839
2874351
3216853
2609021
3249855
2796197
3226317
3471837
3070779
2927834
2835073
2673852
2889478
2938290
3091220
2818773
2878652
2914260
2550766
2729611
2901469
2638564
3004344
3101395
2831293
2631516
2936856
2759686
2667356
3024675
2605342
3037737
2593311
2644640
2446497
2932094
2858813
2659667
2930952
3208101
2755606
2819083
2589261
2647015
2807124
2894271
2536530
2872947
2895133
2582154
2723957
2611758
2613161
2710815
2834431
3381653
3451486
2968605
2729229
2706703
2877378
3254717
2736628
2945629
2921578
2939162
2767986
2927323
3215059
2707296
3011291
3472489
2789079
3153004
2834873
2790503
2908777
3019542
3212342
2916747
2898010
2736498
3155751
2872165
2655557
2722584
2631136
2714844
2568611
2719536
2671637
2742222
2756949
2862081
3196512
2834481
2634975
2642634
2752297
3337864
2821129
2921057
2598053
2591949
2666163
2527147
3672687
3095090
3029838
3076794
3141556
3019001
3123621
2790382
2748217
2598715
2632981
2475318
2618876
2514445
2671766
2507117
2872767
2757350
2650575
2802201
2611527
2815524
3138348
2548561
2507348
2443028
3511837
3378475
2879163
3071923
2940475
3418434
2710213
2680188
3107140
2997216
3169355
2744909
2838973
2956125
2830722
2909529
2700047
2537031
2642615
2510045
3036905
2605131
2680929
2900375
3173585
2679216
2947834
2925528
2519608
2760087
2676389
2551829
2982239
2767325
2650494
2666534
2601733
2457814
2624188
2888577
2827063
2704268
2467419
2668459
2904787
3110548
2866652
3319448
3284542
2924606
2519348
2840206
2688258
2503047
2510365
2776608
2765089
2599357
2665873
3436830
3717488
2828036
3038189
2725260
2757701
3062299
2912957
2862281
2746764
3237033
2899463
3274837
2974821
3105636
3060454
3123441
3532919
3107972
3236181
3740396
2989808
3241514
3440309
2990390
2615888
2968636
2900195
3051472
3468529
2880376
2955032
2628149
2942110
2663286
3435176
2847554
2856155
2566404
2524240
2603467
2952686
2489453
3185836
3421983
2960154
2598886
3070559
3236802
2699947
2816206
3213394
2551378
2945759
2659958
2390868
2665782
2820317
2588199
2989848
3145285
2933688
3423808
3141816
3110889
2818342
2957067
2664299
3001236
3143530
2861318
3140524
3109015
2828817
3033978
3370295
2974069
3285153
3427086
3006490
2942410
3443757
3364330
2844176
2580801
2950330
2600349
2915132
3064644
3098469
3352290
3234307
3032354
3124934
3093877
3406976
3078399
3146929
3036143
2669231
2995452
3203840
2923102
3024926
2795204
2683316
2635156
2548701
2701942
2416753
3211600
2723756
3227269
3080704
2837570
2749180
2684137
3121035
2767425
3169465
2757661
2825148
2461734
2674725
2654564
2959202
2657813
2823995
3249734
3035181
2937859
2530075
3059070
3240993
2813720
2993718
3083421
2982961
2770984
2723275
2770080
2465933
2939181
3128091
2549913
2859733
2881998
2494174
2781579
3313973
3124612
2674102
2716948
2892675
2698963
2725058
2826461
2610142
2866680
2998940
2645140
2812796
2895662
2592178
2520971
3138116
2714432
2645029
2690121
2469894
2688979
3320158
2763615
2416791
2485853
2768155
2361163
3207107
2825678
2654342
2839493
2522143
2350025
3035831
2843964
2614102
2748647
2830700
2453111
2853447
3388137
2797638
2748316
3234475
3119991
2799713
2886780
2680618
2663425
2875392
2727093
2836746
2832155
2740035
2812205
3563053
3240431
3329251
3267979
3037826
2803975
3076021
3193634
3241323
3107319
3355666
2995932
2490926
2742271
2710211
2583637
2707565
2665761
2720878
3373271
2994428
2811694
3304680
3183188
3005396
2985235
3020723
2903021
2753058
2597551
2973065
2982208
2831042
2538735
3015149
3012613
3315336
2767503
2866389
2503357
2722101
3097605
3006518
2995241
2914800
2782180
2836475
2828636
2647686
3176491
3044693
2661571
2569040
2875202
2765679
2703865
2969627
2975231
2692036
2760667
2731253
2650643
2761088
2937236
2781258
2844596
2693901
2696918
2910058
2567056
2707104
2711986
2646583
2966689
2670272
2666522
2442335
2722752
2779584
2466404
2621491
2499417
2505111
2579627
2854330
2755383
2794611
2682092
2706241
2479558
2730582
3017976
2616558
2804877
2478184
2704397
2658843
2613902
3623763
2951371
2828696
2698723
2920565
2615205
2643827
2626132
2825699
2860275
2659244
2777859
2649230
2720868
2770812
2810640
2990007
2888846
2736236
2990919
2671124
2689370
2499427
2745389
2970519
2701500
3012113
2925587
2551336
2431919
2653130
2872475
2843082
2979231
2756998
2571086
2853628
2693209
2677329
2936023
2581361
2472931
2785719
2661440
2599677
2725209
2542444
3078809
2568689
2604679
3024764
3387095
2832907
3007170
2820125
2537973
3075380
3447195
3450573
3107049
2967672
3009616
2860665
2920445
3208591
3093856
2934419
2992764
2759775
2786100
2696607
3126638
2844515
2754522
3206085
3456928
2817177
2922490
3433801
3252049
3027640
3136682
3113264
3124191
2722452
3254114
3239939
3005385
2713178
3548767
3096382
3108983
3002248
2847343
2964855
4490439
3253463
2942439
2825428
2932765
3230114
3350062
2996483
2971441
2917016
3416759
3372228
3457811
3234165
2708106
2924795
3117003
2885958
3189603
2653521
3263377
3641067
3605107
2980583
3200561
3002148
2592298
2564730
2785067
3107640
2738753
2664848
2955992
2828807
2682282
2735013
2730141
2952033
3279667
3139630
2689821
2821368
2664297
2960754
2724888
2994649
2502104
3002608
3009085
2726863
3032222
2762512
2707014
2559055
2464561
3095740
2848866
2701379
2639044
2404671
3093464
3356529
2614042
3781356
3554481
3206004
2846751
3029977
2651846
3261412
3091269
3052222
3076011
2787613
3124652
2486666
2846811
3103410
2836555
2667846
2779263
2622423
3124752
3285463
2828386
3408588
3235689
3386333
2815743
2787532
3138946
2826038
3332638
3501047
2740396
2722591
2950728
2545470
3127087
3153974
3005374
2933114
2636507
3116981
2871060
2889315
3243697
3135989
2668757
2948042
2728295
2840524
2906658
2843972
2498875
2696827
2607975
2668185
2565430
2556999
2423768
2621710
2676787
2950768
2727944
2764625
3467734
3557978
2816093
3012262
3154224
3111589
3225782
3057774
3455834
2700395
2660046
2558462
2880012
2770541
2627574
2882218
2795903
3054376
2873506
2982538
3283345
3049865
3279185
3032642
3489408
3240579
3440406
2953786
3238273
3002807
2753388
2979851
2885827
2698622
2968212
2698661
2527395
2807853
2578102
2892012
3346131
2725337
3061835
2893435
2930989
2983690
3406001
3234835
2787352
2782750
2684726
2918077
2715894
2563776
2734811
3023229
2564638
2787773
2608648
3151648
2963681
2692165
3258654
2749498
3106746
3132851
3029363
2918046
2760615
2667976
2530814
2843953
3102957
2824765
2863191
2518363
2572357
3171246
2580597
2715704
2520368
2477591
2619345
2504759
2645209
2794780
2771071
2473311
2503105
2525260
2892554
2451246
2565390
2807222
2807321
2777858
2616998
3101092
2760445
3140380
3193873
2506985
2734641
2708396
2644868
2605921
2655424
3347916
3480175
2907160
3362382
2850078
3406802
2916924
2993805
3060330
2624015
2695573
2773728
2642742
2918869
3566179
2911381
3324057
3160670
3100591
3036542
2900333
2821206
2649780
2789398
2683794
2884815
2823742
2858789
2737598
2644086
2485872
2647134
2638501
2605430
2843843
2891160
2643474
2613579
2749026
2801066
2578733
2740235
2678772
2762590
2536819
3544184
2697949
2882629
2806800
2851070
2662501
3463053
3166415
2707774
3026376
2545741
2439506
2679152
2876162
2652577
3168660
2702922
2681309
2529019
2839471
2835020
2905456
2991239
2961084
3139377
3429138
3142846
2826790
3146805
2675975
2863511
2841015
2699093
2768766
2835802
2924854
3267075
3003891
2778741
2962558
3487353
3181472
3098386
3001936
2772896
3350272
2607365
2856283
3564113
2862900
2976984
3244699
2908162
3076702
3324317
3369860
3153132
3610941
3404476
3196178
2758670
3600133
2954187
3246043
2707012
3188870
3016371
3524736
2869547
2877266
3169171
3232188
3045615
3110154
2665780
2953184
3010336
3098435
3196529
2816484
2712045
2639765
2868563
2775863
2587735
2587656
2394355
2567726
2781949
3029163
2820394
2881637
2577580
3127739
3500466
2612206
2723683
2761448
2634753
2981585
2645239
2629840
2623574
2889416
2572427
2780736
2969324
2724355
2788214
3017875
3101834
2503356
3176490
2602673
2493391
2945967
2573119
2662161
2527546
2843171
2598001
2742339
2997484
3376136
2510032
2731543
2554794
3059028
3244409
2566503
2988672
3574559
2983048
2735633
3088952
2478333
2835180
2545410
2870599
2647163
2529431
2557991
2516819
2614983
2766279
2655234
2624868
2890890
2557550
2583244
2585290
2663995
2778109
3423935
2766641
2928232
3080952
2806399
2549169
2552566
2515354
2722891
2392328
3108399
2701968
2780223
2628475
2754990
2895790
2543043
2664074
2598491
2817024
2725868
2626400
2435917
2673888
2645358
2693939
2416338
2589098
2705929
3087346
2684535
2579684
3288968
2690410
2717006
2417611
2875740
3870354
2988531
2706259
2634210
2843600
2564537
3121562
3061582
2685046
3783628
3496754
3102514
2810107
2806699
3425397
3037654
2616997
2994005
3287364
3034716
2979208
2751722
3140800
3182564
2693367
2763301
4752758
2854167
2850598
3086073
2977564
3287875
2827170
3117682
3273249
3111707
2918988
2596426
3252086
3177280
2670660
2994927
2860292
2654070
2898898
3052320
2516357
2634891
3734555
3450499
2576787
2560667
2606571
2493249
2577629
2617368
2712084
2904863
2382133
2663512
2752433
2578541
2648225
2476879
2623945
2528327
2478102
3085682
3434109
3147586
2690038
2952000
2510432
2527885
2580135
3248398
3450028
3117632
3263384
3120289
2627313
2772484
2891620
2861455
2824232
3182584
2723763
2536928
2413581
2664465
2865676
2436468
2854958
2659563
2851410
2632426
2511756
2721407
2562021
2410564
2965413
2716244
3490660
2869996
3034906
2514482
2940762
2782990
2787461
3014816
3157562
2722870
2803571
2776414
2662670
2846748
2478533
2647463
2912552
2656826
3183656
2795120
3159306
2809455
2984581
2607183
2913374
2604948
2657147
2790980
2671452
2946426
2839070
2738299
2900101
3041212
2693778
2605628
2907620
2472237
2510653
2768113
2710419
3175365
3523090
3389759
3197671
3039347
3199446
3018856
2633808
2853986
2807852
2460378
2776925
2966616
3456935
3153411
3069181
3003929
2977995
3067216
3227175
2753206
3068339
2637658
2810438
2898898
2441992
2520226
2664185
2645759
2472478
2731462
2649678
2782318
2597990
2709558
2458262
2860101
3288597
3524935
3027729
2863811
3500755
3310552
3002696
3078965
2868572
2563976
2834027
2851309
2862447
2748895
2431857
2567895
2553670
2863129
2877244
2596526
2777456
2683774
2676455
2706811
2995638
2591724
2603845
2573479
2634260
3057863
3252197
2981153
2639784
3066775
3500393
3318882
2997684
2888231
2779972
2691703
2826808
3024330
3180718
3255474
2707452
2871881
3266141
3144358
3119126
3087617
3035538
3364045
3083386
2838668
2945133
3108720
3153020
3360505
3098314
3353358
3204528
3023106
3324286
3152889
3126103
2751352
2784734
2666059
2836884
3238523
3037803
3540043
3290592
2677136
2574892
2651383
3203836
2807009
2563734
2722970
2965734
2673378
2989744
2789757
2590250
2654781
2661097
2819119
3259474
3555651
2605799
2991980
2689638
3092600
3483452
2769326
2489821
2855239
2493560
2629097
2563063
3353338
3060189
2861465
3006204
2796564
2679021
3054174
2634039
2937194
2819040
2797887
2986967
2997644
2604476
2705798
2824061
3101321
3200558
3239365
2637138
3002926
3097772
3147776
3303323
3084329
2748765
2593047
3319143
3681804
2875189
3493777
3236898
3008390
3070374
3014073
2652575
2491564
2745826
3162222
3074123
2503975
2766317
2606931
2756072
3061952
2890887
2896911
3001341
2589117
2750057
3064178
2770347
2908931
3331612
2757214
2913433
2591252
5242242
2878797
2942365
2744242
3141881
2918054
3145330
3038835
3178753
3501014
3213870
2543313
2878125
2718288
2651181
2355155
2525328
2633837
2656985
2453781
2562029
2755621
2557679
3054734
2672976
2938635
3330129
3041582
3263433
3048058
3046083
3101771
2656775
2918656
2939207
2581999
2827309
2829494
2660975
2766458
2801445
3170863
2735872
2745766
2907268
2876531
3170583
2747410
3255945
3223784
3082222
3108168
3624390
2715991
2554661
3099104
2709175
2648394
2559082
2714398
3293818
3010003
3006093
3016800
2848852
2833465
3515479
3190221
2980520
2939508
2954866
2478973
2845173
2599412
3169440
3089360
3494668
2643311
2784171
2646970
2600936
3164256
2757655
2843619
2853644
2971868
2498090
2652053
2676404
3188497
2875027
2613076
2629537
2450953
2755390
2626320
2734919
2675823
2809434
2670820
2874376
2792051
2876651
3200256
3054313
3249619
3145711
3124718
2843900
2666379
2718839
3226842
2757214
3297348
2945332
3020730
2911047
2687120
3277829
2565568
2865102
2981562
3056760
3052498
2677887
3156487
2616715
2826918
2840351
2849784
2566540
3011897
2649276
3508793
3227093
2790527
3128367
3111175
3364525
3161208
2692483
3111014
3325427
2928129
3131795
3066724
3063055
3278641
3125130
2847028
3070313
2575293
2728844
3016499
3279453
2886356
3244847
2723962
2697647
2822527
2734849
2763250
2919067
3423260
2707190
2761275
2541077
3167003
3244536
3153871
3233629
3185198
2667822
2833314
2620865
3136627
2645527
3492462
3014524
3219544
3164668
2804612
2871659
3101812
3085290
2786638
2687391
3081921
3159063
2752833
3485625
3168648
3060920
3242882
3551369
3301758
2744152
3015467
2637096
3248155
2918686
2978505
3291713
2946095
3277688
3000599
2740463
2729856
2560796
3179184
2738889
2923288
3608150
2833044
2657857
2436166
2850697
2717286
2879097
2773164
2608896
2700103
2721736
3308956
2638831
3403852
2560175
3317818
3005682
2952099
2901734
2710298
2446773
2939458
2580134
2502622
2545218
2780242
2966495
2792202
2928451
2562300
2700674
2533709
3458278
3073993
2608234
3231974
2879067
2895719
3224917
2814658
3056198
3494678
3031757
2724022
2531163
2695050
2477499
2905052
2609577
2853805
2879739
2943557
2967577
2724694
2753927
2881543
2977613
3441546
2853193
3370479
2817194
2703050
3134934
2704954
2707260
2683642
2795400
3415581
2761274
3003517
2814888
2901352
2832472
2863158
2768563
3052278
3196687
2710178
2621517
2662038
2579873
2719932
2608535
2529488
2582059
2484256
2766869
3378670
3239654
2951348
3189379
3121129
3055104
2673426
3045772
3174963
2656394
3029331
2682238
2715832
2926666
2431415
2679822
2804211
2812843
2934776
2937623
3078373
3061180
2597777
3268234
3400101
2745424
2731208
2858817
3125278
2672694
3578505
2918474
2889873
3049229
2856089
2754015
3141047
2547653
2589196
2786396
3009701
3414868
3467780
2651350
2687720
2724472
2668944
3181127
3368584
2644944
3084337
2722477
3528471
2773814
2721574
3493293
3399029
3405926
3636269
2682879
3344533
2939165
2628534
2714427
3044748
3076527
3221236
2921421
2944609
2670407
2815277
2712422
2632062
2883256
2530900
2690908
2459082
2651761
2675269
2550139
2666899
2610027
2813052
2832631
2653375
2623752
2808752
2511041
3541182
3093489
2859808
2541137
2868009
3600940
2746928
2689575
2880670
2596664
3115794
3211422
2794617
3100958
2685616
2795508
2811338
2504134
2856771
2701334
3261637
3124466
2559673
2922584
2609135
2844009
3494836
3294529
2824530
2672693
2792822
2941251
2659169
2805994
2522780
2840530
3148536
2727329
2843287
2819739
2960548
2696863
2965201
3079294
2675210
3018152
2738698
2620664
2711981
2731800
2958534
3057690
3380172
3029280
3210570
3149870
3136386
2662458
2879918
2997220
2896730
3595698
3002493
2745855
2761965
2486561
2887908
2651160
2753525
2802977
2675410
2740021
2804441
2459934
2800752
2616955
3220215
2910735
2919978
3041299
2870595
2782577
2661265
2980298
2513788
3123052
2693414
3448983
2917582
2618489
2613767
2899317
2533648
2588985
3559668
3355962
3603537
2823388
2716251
3556571
3236214
2675089
2415855
3347921
3816376
2922474
2892841
2740031
2832621
2910836
2836931
3316744
3165980
2963696
3006022
3238009
2871126
2482961
2558780
3017891
2810285
2653355
2826255
2793754
2553618
2498741
2829202
3491278
3387409
2838786
2577557
2802727
2657746
2562710
2928609
2748592
2540835
2647932
2429399
2698137
2468415
3133659
2530841
2750817
2607411
2956729
2827067
2835729
2816812
3044427
2696864
2756562
3044427
3103564
3155604
2945692
3050121
3358407
3378928
2966975
2867026
2872730
2730648
2930354
2721705
2845624
3446075
3359039
2842937
3003656
2633988
2760241
2978854
2661445
2566449
2730416
2689124
2662368
2551663
2749284
2793273
2637907
2575953
2743770
2765815
2778306
2618258
2766276
3265998
3054924
3039886
2893202
2685515
2830887
3355180
2961341
2890745
3223733
3269878
3235352
3117047
2831297
2799849
3157308
3237968
2982343
2959246
2908189
2739439
2667289
2826375
2861923
2901893
2806886
2729925
2641927
2581798
2619692
2699831
2714998
3109298
2820611
2895487
2898845
2738978
3032959
2909903
2583121
2703269
2583892
2808411
2963446
3000508
2556374
2681074
2961912
2481909
2781423
2917582
2974202
2760812
2745625
2723650
2575983
3060808
2671049
2488826
2647470
2538069
2788380
2682698
2417519
2584123
3295361
3271602
3579808
3138451
2656473
3647146
2927858
2528344
2819307
2675941
3205959
2910174
2933592
2548093
2759981
2731800
2658268
2724783
2835558
2541176
2970373
3459649
2546960
2920810
3393695
2571031
2867297
2899767
2520314
2938021
3697820
2485728
2591891
2910232
2716531
2779247
2586879
2566077
3201586
2448385
2672743
2773593
2634908
3096024
3105468
2470500
3346837
2844308
2581997
2706887
2874344
2552634
2669294
2664923
2842254
2762806
2617255
3372752
3231731
2567109
3210879
2830955
3600398
3665138
2869772
2893882
2751437
3041799
2746055
2760300
2674016
2759458
2717914
2542448
2708019
2749683
2759448
2555200
2651670
2691028
2605786
2774686
3434947
2858855
2941631
3119212
3104907
3007865
3180634
3136355
3164695
2929641
2938493
2848008
2937049
3327499
2740180
3203181
2977419
2838605
2810946
2775618
2621835
3414174
2838224
2665644
2531431
2579571
2764209
2735398
2531110
2739257
2608743
2501868
2989018
3447819
2940989
3143021
3200605
2921029
2974332
3107473
2997670
2737603
2802645
2676522
2653845
2734937
2968467
3189907
3017038
2959234
2675720
2953811
2569897
2938332
3009840
2940979
2734927
2563752
2743017
3554765
3033529
2742516
2613746
2806213
2539410
2639048
2725743
2639941
2709022
3420090
3226108
2868188
2725644
3326487
3256152
3070171
2938513
2626969
2723499
3258668
3175431
2999213
3188314
2887295
3136554
3808755
2956959
2871156
3590383
2787849
2703789
3092014
3286828
3125297
3159051
3065829
3190920
3185607
3556949
2848028
3224634
2839767
2768250
2603751
2645535
2375905
2724972
2826415
3025689
2598919
2824660
3030832
3103573
3247921
3344632
3087704
2567721
2800971
3137988
3106620
3206609
3115773
3473793
3287390
2816088
3198138
2722526
3188143
2823417
3067894
2725092
2814635
2674828
2629234
2680191
2499712
2987545
2543932
3400391
3397072
2721594
2746526
2568874
3516288
3300001
3017499
2742084
3185777
3506153
2750797
3144555
2980958
2741083
2740069
2945260
2987144
2834234
2843636
2863566
3382015
2950322
3336271
3628207
2997880
3038240
3058230
3148595
2848369
2855225
2790695
3106791
2879586
3077338
2876950
3315691
2991074
2985369
3245104
2889080
3183020
3315579
3266257
3151051
2712371
2883637
3038923
3319890
3326767
2901851
2703509
2750214
3495366
2784801
2645645
2617034
2686848
2700140
2936036
2611310
3508089
2814093
3341043
3250929
2797341
2694787
3826560
3158700
3079062
2989760
2890423
3011053
2736200
2846865
3477803
3277565
3001098
3217456
3308924
2524283
2660422
2802285
2698245
3333614
3094921
3102329
2552022
3067122
2601084
2614116
2703769
2519101
2843246
2770516
2624673
3159031
2553967
2856038
2863416
2954422
3059272
3045208
2781743
2969580
2638015
2783026
2818856
2605555
2601777
2776450
2668602
2946532
3070040
3538875
3357073
2910453
2994352
2793983
3064154
2888849
3094300
3052746
3121588
3049097
3093849
3022361
3083163
2963655
2487101
2808660
2968136
2732060
2676903
2468054
3487156
3333825
2904338
3007283
2720691
2973149
3053498
2719900
2642978
2765994
2492535
3330176
3262067
3174739
3289303
2827556
2849430
2809010
2484684
2695669
2962371
2989187
3093306
3047192
3480940
3196011
3164574
2951965
2758414
2700620
2987393
2636942
2832889
2501024
3131100
3367538
3513210
3265324
3033027
2744309
2516593
2843947
2489426
3126007
2700260
2698114
2788488
2893189
3113546
2856918
2531159
2698606
2636722
2708289
2687638
2582357
3087642
3128645
2935123
2639479
2780439
2711508
2838042
2945098
3405421
2573324
3259169
2937569
3334144
3069436
3081035
2715948
3046560
3067702
2742153
3507024
3182117
2944015
3071031
2941208
2788940
3170498
2924337
3156463
2976316
3393161
2941559
2645353
2690746
3332991
2844177
2883174
2851967
2707648
3451637
3276331
2687788
2920287
2840628
2858683
2824880
3035944
3157255
3155391
3180182
3069979
2655609
2700540
2654917
2494779
2732039
2908547
2717863
2648291
2461817
2741742
2331673
2535911
3470213
2713683
2730494
2396706
2757412
2700861
2700541
2626707
2680330
2817581
3272982
2735727
3240732
3460709
4009072
2777131
2838814
2974762
2995112
3072164
2524373
2706866
3030230
3158177
2851395
3276592
3505751
2622356
2776238
3044996
2676411
2925359
2780038
2548462
2780239
2786464
2708310
2622877
2521385
3130859
3378124
3199029
2892558
3294777
2809772
2908517
2524633
2546217
2667087
2456524
3098910
3115862
2992576
2777692
2633473
2662105
2724791
2841190
2826303
2983945
2848217
2811406
2832508
2849671
2724149
2725132
2638937
2858483
2445216
3278777
3128253
3093998
2923023
2938241
3219359
3018109
3039994
3133937
3370855
3151210
3051793
3257313
3437591
3222187
2731788
2941117
3214256
2985588
3288000
3347548
3102890
2951454
3239049
3057888
3022971
2895474
2996666
3021719
2869811
2949789
2695016
2833871
2715086
3151892
2925098
2533475
2619318
2789862
2612822
2748630
2733692
2947784
3178879
3043763
2592692
2801171
2493385
2941078
3004094
2560944
2499681
3072545
2640522
2506919
3421432
3177164
3209695
3049678
3713237
3104945
2812067
3177505
2876567
3013698
3466603
3391798
2626005
3105246
3119061
3243630
3193976
2560291
2528051
2661713
3776173
3147842
2983934
2853620
2711739
3493320
2629423
2694586
2857450
2619438
2561665
2757411
2420514
2649092
2631018
2900537
3447587
2985589
2737522
3044445
2944456
3119822
3030770
2670014
2720460
2904276
2432685
2619960
3123160
2970130
3231379
3032655
2778313
2641313
2678215
2892406
2815546
2519450
2801642
2764509
2819706
3372259
2877991
3052745
2622426
2630476
2736710
3114889
3003092
2657513
2803476
2748519
2583439
2944838
2785822
2770945
2566296
3048485
2639929
2653233
2619148
2679438
2795125
2614215
2582959
2628050
2978732
3657608
2700280
2913520
2580091
2765843
2792459
2768689
2636120
2642656
2530367
2479862
2496203
2791988
2674345
3063543
3110749
2851556
2698145
2874422
2499692
3024976
2985267
3226827
2928046
2940978
2708660
3073086
3068073
2747979
2546316
2827184
3364639
2945938
2889889
2982791
3064824
3412939
2822272
2721732
2448804
2599438
2658295
2510567
2853700
2634135
2710293
2651618
2659778
2622235
2521254
2386509
2733130
2568872
2778984
2776217
2496923
2770513
2823344
2633161
2733681
2659286
2786081
2981196
2436403
2988524
2630064
2611658
2772949
2616009
3047751
2737651
2878592
2539228
2557935
2550697
2973467
2582355
2824337
3116994
2945698
2834171
2922811
3015862
2821029
3450462
2713822
2667667
2955071
2672791
2865399
2828748
2569473
2536652
2837078
2871625
2631899
2592050
2997958
2984986
3208241
3223368
3051501
2919794
2663657
2765381
2732218
3202717
3695842
2990460
2723776
2706433
2804958
2780046
3102738
2746824
2739295
2886360
3563252
2952364
3187438
3005838
2764428
2610696
2436202
2367231
2900967
3225924
2587097
2971753
2902611
2703005
2853500
3626640
3148613
2548090
2873869
2804106
2597002
2609964
2982761
3002991
3139830
3281924
3090387
2736579
2842272
3669165
2549062
3525167
3136652
3013216
2700749
3188140
2949607
2822261
2769942
2971272
2912837
2628109
2782011
2708720
2626405
3030860
3351015
2698705
2663647
2965146
2502187
3024774
2636861
3076934
2842031
3049466
2953858
3143600
2961908
3189433
2823675
2629383
2602074
3132833
3803800
3340780
3110638
2809720
2827926
2959302
2916526
2693321
3244179
2726594
2676650
2745090
2800247
2693401
2797129
3221764
2947532
2779976
2800106
2680169
2865128
3278685
2850692
2736238
2729301
3076754
3235839
2794623
2562526
2882491
3503584
2670584
2908696
2617393
2566777
2995252
2772899
2662795
2617362
2583459
2653964
2888736
3176411
2837740
2852256
3020774
2888597
3009988
2647608
3256320
3238717
2707316
2621603
3061707
2608741
3052123
3209514
3215920
3196241
3468778
2651898
3362253
3099961
2691667
2557704
2900978
2667838
2434468
2756348
3093225
2810141
2724057
2731286
2778523
2571158
3169855
3146677
2928055
3417550
2927222
2765712
3073105
3403115
3129465
3289442
3411184
3291326
2797991
2727506
2956485
2689001
3555704
3145996
3024925
3009116
2969888
2776448
2629432
2672319
2669352
3302284
2675648
2816838
2987562
3552776
3459484
3018980
2576050
2824798
3411265
3322404
2732789
2624389
2744889
2858893
3073976
2596972
2655477
2962821
2817229
2542867
2748940
2435430
2664830
2624290
2818011
2850070
2389427
2878732
2628149
2913208
3057135
2702775
2593663
2508141
2677943
2587809
3050809
3014048
3027181
3203188
2726674
2586526
2684770
2856206
2935142
2739837
2711486
3045696
2562636
2629142
3125956
3027421
3284350
3471685
3009176
3040103
3006880
3052413
3239118
3243638
3167208
2828427
2938761
3157494
3134948
3878937
3172421
2748809
3092092
3374915
2785731
3223519
3039682
2584541
3236080
2998038
3438723
2834131
2948946
2944816
2737000
2864196
3033958
2965708
3232531
2605593
3022288
2898481
2566696
2922460
3107320
2691607
2830031
2868766
2824456
2943752
3081514
2690714
3525016
2943561
3426962
3152341
3311396
3250474
3487804
3545046
3029305
2917817
3205933
3138035
3042748
2878991
2721690
2830731
3175979
3070627
2644779
2583988
2696518
2796366
2706834
3022769
3517297
3621265
3083960
2865066
2599988
3148420
3223607
3140991
2770712
2937146
2872896
2668869
3135198
3029364
2964133
2598464
3054818
2869116
2978769
3217713
3285080
3427995
3209984
2792225
3195428
2932444
3081284
2853257
2779114
3014738
3053555
2649872
2622996
2406567
2607697
2366148
3132060
2850831
2694001
3052172
2978138
2620700
2747274
2583127
2627887
2742643
2568520
2680779
3141343
3466421
3335836
2895933
2717460
2820556
3433098
3256519
2874700
3638989
3952719
2927662
2656037
3029606
2744798
2725610
2560149
2694664
2671937
2707165
2640258
3031150
2823443
2823133
3286804
2734362
2709400
3002007
2858380
2570605
2500000
2819614
2742503
2898429
2592560
2440151
2654133
2799273
2778913
2848225
2882089
2668719
2646323
2670643
2686513
2829739
3481989
3572194
2815434
2426407
2677410
2742873
2959461
2984052
2995911
3123990
2655897
2634774
2556680
3060362
2726973
2760016
2788125
3566890
3129393
2827122
2985616
2607226
2612779
2980684
3235216
2903643
2919091
2485986
3502309
3259767
2917216
3033746
2878640
3292399
2983271
3104381
2626393
3418271
3233121
3151368
3088061
2923321
2717481
2951170
3298423
2913106
3034627
3394582
3148321
2851162
2692558
3066337
3299486
3028403
3498119
2774682
3346603
3081715
2962639
3174745
3018768
3022397
2859513
2899994
3042878
3192750
2927963
2939341
3010148
3157603
2699666
2856004
2607276
2836255
3219016
2848105
2642604
2654845
2786041
2994688
2662092
2592860
2920806
2662032
3053264
3366061
3180560
2884805
2905016
2749620
2948464
2686382
3198475
3437138
3294674
3707930
3420245
3218935
3035891
2801368
3200851
3167768
3078406
3401539
3259697
2900916
3203428
3076562
3233832
2993365
2880324
2947783
2736949
2897628
2907021
2864285
3032733
2740407
3102546
3773554
3155608
3076031
3290563
3390211
3381319
3237652
3252990
3186305
3347766
3016222
3036884
3040071
3062989
3324929
2828556
3251827
3007922
4019584
2894790
3124171
3454360
3132631
3350382
3071480
2961556
3053014
2993866
2827113
2820135
3849261
3572434
2870881
2663837
2737390
3128401
2543358
2712127
3117664
3168580
3198094
2853037
2556009
2577713
2720729
2547828
2468872
2739163
2553723
2720447
2601812
2482236
2846069
2639567
2778853
2494577
2664949
2432582
2590965
2912404
2549773
2525473
2556991
2666474
2639376
3583571
3009395
3247857
2812376
2871643
2780988
2747585
2906330
3110125
3364858
2716718
2768016
3197322
2806361
3604684
3580835
3133413
2713009
3122586
3444206
2906299
2773739
2777269
2796586
3319796
2876135
2979110
3203738
3474591
3009686
3314061
2849657
3270272
3074606
2799563
2763263
3416495
2867752
2802922
2568068
3109162
2964522
2816555
2811954
3453046
3310582
2602975
2866078
3079708
2712968
2956783
3296316
2854109
2862740
2722281
2863953
2776144
3389899
3313259
2788175
3322512
3158966
3213270
2935631
2649751
2814751
3030276
3055217
2659665
3045163
3322441
2793549
2562965
2871482
2781528
3042667
2786761
2816706
2757478
2556609
2908885
2788686
2949977
2662191
2910498
2435439
2687645
2838008
2506034
2837979
2748757
2905907
2727595
2814981
3454901
3136901
3087960
3523240
3097452
3069633
3270452
2975119
2748596
2958367
3140370
3373929
2901486
2982447
2907160
2747915
2537452
2946729
2633781
2518024
2813677
2539998
2576609
2848915
2510275
2713259
2789358
2451408
3022807
2726251
2639405
3049994
3041484
2593291
3057764
2709188
2440831
3149913
3589254
2776445
2747855
2619757
2582143
2610333
2950708
2999018
2618132
2408151
2752887
2809107
2623466
3188449
2611656
2668617
3094184
2648096
2348583
2860945
2620047
2759884
2657470
2935000
2841106
2562876
2696006
2496861
2568930
2702893
2466787
3191938
3454841
2999760
2828836
2567146
2785037
2934287
2893928
3387062
3270292
2973275
2758581
3256678
2890599
3253731
3149763
2782591
2626202
3040922
2804766
2637019
3090827
2795834
2828685
2924784
2964462
2995760
3130385
3126245
2783273
3042065
2568068
2745889
2893576
2915251
2623926
2840123
2658933
2640838
2686271
2523888
2571206
2638152
2829788
2832414
2697248
2704005
2627806
2632157
2424973
2616218
2429173
2642904
2776396
2502665
2639315
2586815
2526775
2894298
2740366
2917786
2728467
2758481
2584248
2781197
2772626
3031028
3038166
2902418
2843001
2776857
2946017
3034436
3533646
3272398
2687414
2924844
2552189
2726551
2936252
2474395
2891942
2549833
2728066
2664618
2537682
2935992
2697229
2443459
2703043
2655244
2794671
2965304
3140360
3279435
2636318
2870369
2741459
2413414
2698863
2793919
2795483
2727504
2461724
2645891
3272628
2743704
2843893
3347413
2926006
2931731
3421097
2632007
2684858
2559377
2902338
2935872
2615015
3099418
2537141
2426918
2537883
2579517
2734441
2965796
2904173
3639108
2715374
2739233
2700296
2506786
2831272
2785598
2575356
2834109
2681901
2816175
2648367
2747734
2657801
2649079
2766350
2442215
2788867
2575858
2732266
3221711
2930789
2979049
2634413
2686422
2611305
2551607
3382842
3033935
2845457
3072802
3110586
2959741
3008281
3373007
2896032
3521707
3131487
3117964
3031680
3247686
3219255
2928844
2683705
2873857
3112069
3366210
3150825
3271815
3236789
3292367
3111017
3277791
3241681
2999699
2762641
3203897
3077954
3243706
3392315
2839111
3021383
2598654
4375246
4264431
3292196
2853336
2671665
2702381
2432531
3020381
2957515
2597211
2806671
2704988
2732176
2885897
2822841
3433708
2761598
2571085
2527367
2427990
3150113
2626783
2558694
2517352
2553331
2533041
2960763
2972151
2791231
2801878
3086725
3120308
2844303
2830278
2856773
2720536
2682341
2702672
2745447
2401062
3118684
3083286
2621530
2854368
2700205
2716776
2627173
2696325
2790459
2847310
2618572
2838218
2914187
2903991
2948011
2867481
2378115
2791993
3262401
2750791
2933164
2580026
2750851
2587786
2582974
3109040
3180318
3570215
2775071
3018937
2705999
2891410
3660420
3096128
3235253
3139466
2946908
2805216
2866368
3153020
3034886
3155405
3185109
3336705
2934036
2668026
3029072
3595107
2901064
2761196
2666371
2743302
2895079
2855150
2886357
3063708
2948001
3515890
3030204
3060960
3222011
2989684
2967299
2621019
2642371
2889565
3054344
2920923
2998375
3311042
3075316
3076800
2888572
2925324
2871210
2590864
2951269
3074354
3614115
2889525
2696947
3176418
2846910
2591395
2635394
2648817
2684827
3249108
2907380
2887079
2837236
2517230
3021222
2692445
2733768
2701408
2891019
3101973
2795692
3421436
2998596
2981664
2984150
2685970
2882387
3268056
3119877
3278983
2988411
3163575
3345939
3003187
3508172
3072801
3108880
2948482
2659604
2969173
3305187
3469195
2739994
2798229
3109140
2975970
3005783
3191936
3250762
3333768
2957093
2916181
2781197
3299243
3590496
3187786
2898308
2699944
3421536
2551737
2549762
3036721
2549070
2540549
3415982
3389006
3297448
2907229
3200909
2985954
3102845
3336194
2955078
2623675
3076801
3162002
3259253
2697348
2728024
3010365
2495768
2660948
2787843
2924292
3219194
2884553
2734430
2966175
2913896
2705538
3081913
2729779
2866258
3090254
3497354
2915640
3817409
2844343
2593591
3117151
3179575
3364645
2736215
2875069
2888663
2951188
3355602
3042294
3022105
3301559
3048089
2923068
3390890
2880744
3184388
2694050
2802690
3621072
2788936
3095777
3239264
3270431
2742981
3291193
3044149
2765798
2840734
2769878
2445372
2954717
2909705
2684857
2820794
2499998
2651674
2786369
2557431
2966747
2914568
2801246
2708565
3098795
2562383
2684887
2768154
2677188
2925806
3238291
2810179
2736976
2841536
3445305
3629101
2906607
3162994
3081803
3049282
2921313
3205219
2692597
2971107
2941775
2732475
2645530
2926497
2812935
2662762
2665208
2809968
2899199
2708556
2685408
2907631
2606432
2797387
2555827
2836273
3543489
2741347
2789898
2814098
2556840
2607475
2986897
2789347
2754740
2724415
2723152
2729749
2864704
2695624
2910026
3364726
3078795
2731182
2698982
2889244
2676487
2539245
3283323
3106324
2777367
2840082
2577701
2916492
2768495
2656396
3300265
3001353
2723634
3214492
3079798
3238783
3205550
3261529
2843641
2928291
3386901
3149982
3099948
3196698
2947178
3075647
2907139
3266461
3276787
2761307
3106273
3390189
3361598
2683674
2876242
2690672
2661930
2899249
2743142
2585991
2890307
2668646
2721277
2613250
2845466
2782369
2478084
2723192
2508619
2749668
2625109
2570022
2497622
2756916
2890266
2624185
2860432
3098452
2824903
3017151
2703582
2838948
2760002
2580908
2405001
3147485
2624606
3307993
2828804
2930766
2554913
2822929
2437311
3178792
2857475
2475536
2806568
3412031
3340283
3420212
3233137
3112097
2635143
2975077
2947999
2541019
2909584
2464809
2742629
3708057
4417477
3063626
2856803
2996560
3050012
2969703
3352714
3319943
3257959
3070444
3585973
2979617
3170762
2761526
2702169
2625940
2705808
2780734
2823109
3650303
3259824
2884582
2743822
2667543
2729777
3002344
2738519
2902617
3494907
2845886
2782158
2990485
3239012
2749427
2749617
2958405
2850347
3042284
2912120
2761145
3211242
3799433
3368383
2599554
2927639
3175314
3600149
3480291
3176537
3281297
3004128
2823189
2649128
2745717
2653037
3034444
2868552
3256234
3172838
2635714
2647113
2913062
2773406
2787160
2826738
2871309
3206010
2906717
3330790
2888622
2835540
2968009
3337556
3034263
3289096
3071576
2890156
2682581
2827390
2794538
2630250
2634271
3376513
2913414
2674942
2720514
2408079
2933363
2555706
2619995
2734048
2595534
2803601
2586091
2793766
2744394
3281757
3090272
2448298
2930886
2890857
2871680
2664936
2812332
2511224
2538763
2659683
2630932
2715371
2997151
2561370
2664525
2700155
2746328
2567414
2530012
2843029
2866086
2637037
3116588
2859149
2740294
2573089
2832051
2538011
2743281
2822288
2553259
2832764
2922877
2585670
2511095
2787069
2607073
2513771
2650049
3058062
2795270
2717858
2539295
2957503
2664104
2675282
2728404
3060128
3394999
2989132
2622421
3020750
3022465
2853855
2652987
2607735
3280364
2605278
2979357
2871860
2490593
2846256
2921674
3204656
2896191
2709737
2705166
2435357
2561590
2636376
2793436
2635173
2761015
2597008
3596640
2503356
2615303
2766789
2938606
2849314
3029732
3276254
3225087
2831831
2844282
2886336
2706820
3084568
3424472
3486907
3406608
3183343
2832202
2950766
2583244
3035517
3033291
3120748
2899429
2824954
2958867
2915178
3044108
3532120
2901814
2788293
3026273
2705697
2760664
2681428
2699542
2725607
2903990
2687413
3076668
2724895
2979969
2746900
3093210
2631423
2665809
2716535
2885564
3352945
2684324
2381744
2727682
2668334
2629358
2493692
2637478
3259843
2592587
3120678
3403560
3423229
2738870
3014875
3212055
2995998
3218230
2889404
2786699
2789957
2663253
3044438
3484932
3118593
3450497
2974977
3775644
3016269
2803661
2830979
3113109
2654681
3283061
3388242
3156357
2951258
2690349
2629730
2763090
2726630
2963247
3066473
2726540
2667744
2668586
2788373
2804533
2603183
2789526
2814728
2835810
3302830
3181940
2905874
2971036
3470917
3240435
3315020
3083104
2785074
2644656
3294029
3308825
3102061
3234671
3184186
2816102
2639042
2877996
2718069
3537262
2980871
3910609
3445134
3139034
2963137
3349476
3653321
3008239
3005252
2688355
2757366
2751612
2636025
2697968
2539205
2831699
2911478
2815580
3057019
3123383
3032036
3297656
2939457
2920139
2761515
2544908
2752002
2611152
2818367
3516580
2890536
3225617
3103284
3110432
2721697
2678690
3056026
3050192
3147724
2948590
3228043
2702670
3029520
3071885
2835429
2573508
3145498
3177819
2876300
2607894
2670359
3471418
2908260
2871709
2764112
2735250
2760313
2967687
2421421
2834196
2625628
2579423
2802277
2530411
2588786
2545349
2976369
2994163
2587283
2713316
2992228
2690519
2776142
2744934
2455997
2536957
2944018
2662840
3335991
3173518
2792743
2736062
2738890
2768552
2745746
2632816
2889784
2978574
3145197
3108165
2592836
2938174
2507986
2603753
3472090
3067295
3230048
2796201
2660004
2883668
3154601
2783239
2610862
3530544
2755942
2862606
3018944
3177398
2824662
2669307
3388381
3081540
2587253
2658419
2631823
2628796
3181278
2754237
3079074
2471335
2797644
2690077
2641427
3017381
2441270
2486613
2712252
2930605
2795259
2755060
2684955
2565278
2740984
3074974
3461092
2746538
2919518
3633671
3146330
2896310
3094702
2716363
3269155
3260042
3280894
2953502
2731411
2809936
2821625
2798377
2933061
2670800
2550712
2464037
2969481
2980048
2591253
3412080
3186901
3903520
3457433
2834587
2541790
2900089
2942815
2895858
2462122
2421582
2535414
2586030
2570511
2496237
2575483
3242248
3261045
2787470
2773555
2758257
2744423
2944780
2775309
2848802
2802066
3173508
3358858
2437921
2380950
2706158
2523485
2493039
2993421
3073470
2815199
2805324
2477260
2511004
2568947
3528450
3169357
3247581
2703551
2415607
2756112
2746699
2557699
2675100
3021400
2645137
2939347
2933081
2573168
2778266
3267691
2589247
3170089
3422356
3110091
2975005
2966815
2749997
3030212
3230519
2600916
3201768
3207713
2898887
2704474
2725836
2646930
2763309
2588195
2450152
2550291
2707661
2674860
3165598
2836481
2615152
2692093
2686800
2836812
2462824
2776934
2829755
2430383
2793474
2895237
2599864
2544858
2413601
3011225
2696293
2628795
2582501
2985772
3455237
3019796
2845173
2785946
2742789
2799660
3124496
3043877
3540920
2922776
2565408
2694890
3228043
2807679
3123734
2807710
2907407
2935828
2731130
3019285
2600606
2534822
2499776
2627432
2674098
2660425
3120155
2693546
2939758
2838206
2970805
3559115
2981521
2678368
2778086
2526302
2705656
3395820
3225687
2770397
3231973
2829815
2801504
2521048
3011175
2857774
3204896
3261727
3135794
3734451
3073239
3137038
2918585
2892710
2775901
2819710
3282669
2862065
2713356
2417311
2613418
2681547
2780242
2412799
3558874
3035706
2920731
3002523
3599385
3589451
2905924
2732954
2734738
3424621
2826838
3000368
3715714
2854126
3137629
3280594
3494715
3287611
3086692
3459036
4115767
3167193
2834637
2734589
2938856
3163373
2866175
3304093
2896941
3043244
2967768
2797314
2648746
2909843
3103353
3224765
3364653
3599876
3064607
3264955
2917502
2807980
2985751
3127182
3262809
3078060
3036006
2829042
2689966
2963395
2811548
2918404
2576385
2665877
3132786
2674589
2580324
3264332
2848811
2837523
2926163
2507243
2657546
3320020
3432299
2834576
2606580
3320411
2621748
2786817
2793484
3017720
3098641
3605990
3377433
3188946
3307359
2867166
3112425
3680264
3193436
3405372
3051403
2617156
3146800
2996899
2966012
2703440
2826495
3528378
2908088
3116696
2564154
2920850
2932248
3466023
3179351
2971455
3323970
3077127
2767288
3604085
2666939
3133417
3478804
3341784
2537077
2647160
2748312
2794296
2834876
2807098
2947496
2725605
2948468
3993492
2721585
2691581
2943677
3179061
3082741
2659460
2747208
2913993
3478795
3078201
2686999
2812932
2859657
2842896
2686408
2558691
3069379
2942974
2956167
2979947
3006231
2659962
3435126
2776542
2561848
2808450
2771489
2751720
3405914
3504589
2842515
2570881
3203000
2971355
2639271
2810956
2789513
3061559
3637930
3382826
3015956
3041679
3035223
2966654
2622128
2662930
3278197
3331800
2963045
3137668
3023625
2834014
3047164
2594730
3020036
2865663
2876279
3039915
2666649
2859858
2600905
2566551
2848931
2740111
2552726
2886795
3374174
3079804
3050842
2833763
2642930
2799248
2692533
2790406
2948679
2647672
2995635
3625669
3267280
3332100
3265285
3507265
3348321
2964177
3166930
3719873
3502123
3165968
2967315
3364070
2917742
2978563
3009890
3177506
3663653
2672433
2788421
2678889
2593307
2785975
2868430
3626090
3311971
2864049
3369143
2808331
2667802
2735229
2944428
2893091
2921010
3092807
3271300
2886003
2647000
2837813
3288101
2485519
3136315
2697896
3022622
2804621
2833192
2639973
2641968
2849683
3347539
2595112
3140284
2704293
2891677
3111924
2796471
3291720
3152705
2918775
3337554
3443728
2905842
2682779
2513358
2638299
2716813
3282067
2590109
3766188
3684395
2916599
2983525
2936288
3223020
3351619
2904579
3073399
2960909
3870617
2824190
3302196
3065859
3030702
2641527
3408961
3284763
3338105
3623955
2968799
3305274
2643702
2955486
2659391
2542811
2480948
2705415
3236954
2818917
3693568
3392270
3264623
3057369
2907557
3445241
3357794
2569598
2512457
2861653
3522804
2674498
2717875
3008437
3118951
3195651
3088044
2762316
3968540
3331419
3315068
3186660
2999966
3021108
2765705
3054492
3038472
2705475
2981420
3422285
3222007
2520155
2763890
2737104
2873081
3093579
3156234
2672303
2545488
2748852
2805403
3006603
2842094
2806356
2922263
3371147
3089388
2574680
2695230
3241606
3103984
2929742
2719530
2599482
3536468
3450896
3167813
3097278
3623734
3066972
2968969
3126029
2579302
2848571
3254478
2899597
2829904
2828079
2669846
3076405
2691811
3182640
2981701
2709565
3168304
3389483
3222579
3570202
2813122
2741294
2497208
2478472
3603815
3797356
2712783
2872920
3424448
2825903
2975053
2794706
2766385
2981911
2724712
3134449
3175471
2775297
2822655
3166909
2671420
2988507
3314245
3037057
2554178
2579471
2572364
3458092
2945029
3578591
3274847
2768280
2783498
3102770
2840890
3313613
3142699
3175110
3124414
3612676
3235670
3153196
3009348
2797923
2524264
2785673
2865251
2867958
2956968
3489229
2852158
3104224
3223540
3108294
3275107
3568836
3350254
2818144
3416759
3481289
2560174
2696823
3109828
2853752
3371106
2958382
2642357
3123823
3279288
3760222
3475004
2952517
3041307
3286636
2934553
2919586
3094780
2974371
3449471
2874874
2660844
2719078
2653606
4132746
2891846
3007413
3127772
3212723
2766977
2772861
2883636
2989419
2920508
2976607
2627400
2578389
3009860
2837662
2915456
2972126
2857311
2808871
3067463
2739398
2926001
2583111
2637285
2667941
2822064
3102870
2950141
2894162
2921821
2808921
2785744
2913921
2711168
2613105
2952557
3269564
3023002
3470142
2688613
2914212
3254717
3510923
3321242
3325964
2979825
2868418
2810756
3127311
3260943
2642308
2882824
3315528
3023323
2688562
2751749
2865471
3629337
3612094
3048936
3183179
2966943
2707469
2999544
2695399
2622108
2886964
2857120
3242637
2599180
2649445
3022040
2773774
2876388
2781763
2564955
2567853
2920298
3035473
2609747
3317904
3079553
3176734
3183511
2776310
2929801
3418203
3659301
2930402
2949840
3271469
3291960
3122810
3170729
2798385
2905842
3046470
3028255
3051503
2849832
3386314
2901000
2720973
2669264
3184683
3188372
3653005
3156182
2958682
3186748
3359588
3355618
3177806
3113827
2973259
3099021
2959565
2722597
2977229
2872248
2903385
3069688
2586158
2603371
2737424
2699058
2905601
3230998
2873732
3115822
2972607
2507102
3599654
3355587
3469039
3126168
3220743
3242075
2537868
2546690
3010121
2910272
3142839
2938011
2723820
2692562
3419185
2975193
2878895
2761904
2999975
2857862
3390705
2849522
2581156
2531543
2586308
2985048
3439666
3236843
3083914
2950612
3098550
2634668
2693104
2547071
2595070
3091592
3699571
3226076
3462172
3408518
3313132
3079001
2967293
3479816
3412930
2984677
3027003
2976326
2823166
3196783
2735228
2616774
2720371
2663270
2886283
3416168
3082429
3383036
3235650
3427205
2787287
2741513
2561567
2443133
2676983
3044596
2671109
2523072
2691159
2883887
3075232
3281213
2694617
2807457
2608674
2874404
2614458
2478852
2963756
2640082
2697805
2772912
2822836
2667319
2856669
2453158
2572394
2985830
2596794
2918503
2560124
2644703
2926052
3400740
2769874
2639821
2472566
3050771
3600115
2925771
3527845
2981870
2860990
3713545
3386414
2792931
2893310
3460829
2834244
3004416
3262998
3169375
3220772
3371858
3594901
3311789
3305352
2771879
2985058
3037278
2931746
2826304
2794886
2597246
2473639
3035233
3972036
2949759
2796569
2841030
2704350
2989367
2745372
2555020
2654337
2901660
2911204
2891083
2759106
2761302
2751638
2860708
2921479
2627700
2754936
3535583
3007683
2773372
2930732
2862303
2921930
2742455
3037317
2817992
2458049
2610037
2707207
2841089
2903514
2851906
2727267
2645975
2979783
2933759
2548062
2610277
2507301
2671670
3561106
2776319
2899935
3225844
3435574
3151951
3058359
3388037
2623179
2513336
2732030
3230085
2619159
2902723
3450763
3206857
2908887
2802243
2684571
2753723
2900257
2842834
2669825
2526108
3364449
2951143
2728169
2979894
2824258
2489888
2689554
3240361
3334685
2974792
2668020
2865160
2939684
3145926
3210797
2700311
2978431
3221183
3234576
3221263
2631740
3221744
3538129
2683138
3453289
2854172
2686576
3084343
3136282
3547162
3566409
3290204
3079652
3508917
3054780
2743838
2937619
2955574
3075922
2575451
3161114
2902873
2748370
3161986
3417169
2779617
3071702
3088394
2948546
2705252
3050279
2806183
2985979
2659750
3731770
3082128
2538539
2740961
3349561
2747487
3011502
3134598
3249693
3502521
4174218
2968275
2912286
2871254
3169123
2732570
2508785
2643911
2511151
2416606
2867535
3072915
2664852
2640522
2941289
3013327
2867094
3047502
3248601
2834804
3157265
2789491
3292058
3202676
3062068
3207098
2780810
2986491
2770394
3081637
2448445
2561897
2788459
2869691
2964736
2773282
3359215
2913650
2953518
2914262
2819807
2725553
2708160
2530329
2419584
3310114
3250005
3296811
3120243
2894231
2924977
2925308
3100593
2909279
2665253
2813812
3928157
2907986
3008084
2709252
2657504
2635098
2877770
3083701
2764459
2886182
2808579
3594408
3203729
3009096
2747898
2634708
2967092
2802304
2798594
3213684
2883936
3804380
3088042
3110007
3640383
2678576
2774614
3090780
3421189
3147500
3408277
3661586
2931895
2841200
3132773
3411665
3022780
2866423
2753251
2943183
3578189
2940797
2888126
2865490
2945779
3144642
3033306
3321361
3063512
3255608
2780509
2673474
3287016
2870893
2768499
3047130
2832579
2472625
2531632
2866543
3038841
2493127
2389649
2827837
2633845
2761993
3222917
3218035
2803316
2622898
2649414
2755086
3035883
3438722
3195068
2872467
3127019
3310775
2660191
2793100
2895144
3506651
3129856
2707137
2786153
2798143
2879325
3216792
3460226
3010119
2877299
3421290
2822423
2687077
3234937
2995653
2964957
3147941
2612612
2467773
2809682
3154307
2863215
2806434
2489217
2538549
2565696
2907936
3284660
2826735
3685866
3303938
2994881
2754474
2908797
2720079
3314184
3459965
2725313
2993117
2971594
3271347
3664122
3427034
2837882
3096323
3464296
4097767
3496356
3163229
3531864
3414753
2620201
2991051
3091360
2622226
2832358
3210777
2535532
2580483
3105456
3193935
2927595
2944045
3349932
3302655
3480706
3316890
3202727
2488003
2849800
2845118
2817009
3522880
3054879
2853700
2953378
2807034
2786934
2483982
2890952
3484365
3510420
3556383
2963081
3114386
2935984
2873459
3158696
2591028
3170436
3516454
2894381
2911724
2793311
2796468
3869400
2771606
3086988
3304287
3337631
3181363
3249271
3092091
3316579
3569446
2952916
2712790
3349520
3566338
2667818
3094888
2958169
3111289
3284819
3006439
2678986
2971071
2879524
3368698
3077927
3432756
2978109
3315616
3561877
3364296
2998809
3328648
3233603
3216029
3580283
2837941
2915894
2893569
3119760
2858141
2641423
3488504
4073977
2783897
2921899
2529586
2787025
2667077
2959052
3479442
3122808
3116422
3091891
2750223
2933417
3019130
3268750
3165023
3129053
2853930
2816368
3030308
3208750
2982158
3283365
3157975
2843906
2856166
2821660
3078267
2785712
3184010
3039521
2937077
2662115
2830432
2814733
2849069
3380788
4054920
2798944
3268610
2544964
3150737
3159258
3128221
2860968
2895593
2547721
2943843
3190045
3829140
3060884
3136311
3292799
3787738
3085886
2617424
2835295
2798934
3210946
2837259
2831715
2529315
2652741
3021988
3498780
2913849
2538328
2731386
3092543
2791095
3008123
2892365
2651077
2650315
2909588
2663979
2592191
3011872
3382291
3294825
3178336
2682846
4371345
3247657
3042749
2884666
2757802
3263857
3129674
2983051
2831374
2725632
2852126
3039000
2998028
2582377
2881278
2898079
2746012
2737291
2772148
3043300
3708180
3208160
3092011
2928916
2592893
2832196
3219829
2818824
3140481
3050097
3037376
3634497
3484535
3029907
3225162
3590307
2994610
3491021
3374242
2792237
3156741
3265411
3177203
2845670
3978962
2755807
2707518
3242033
3017697
3215066
3166707
2481156
2477196
2900116
3133764
2934240
3077064
2780669
3421369
2689282
2885359
2651398
2671759
2754624
2754463
2981597
2492604
2663599
2624872
2919543
2611218
2915022
2574678
3320889
3140382
2995832
2475372
3221663
3042068
3177212
3650206
3266213
2664941
2534178
3483282
3540654
3112913
3321160
3081896
2852397
3419444
2931563
3037345
3639750
3433177
2627679
2725933
2904887
2455181
2924115
2804257
3551330
3369389
3278474
3203688
2917809
3315285
3259146
3006980
2920796
2978991
3232340
3078859
3115740
2872196
2825430
3118186
3234465
3970260
3443794
3539401
2799797
3012444
3224971
4578409
2747477
2909669
3309581
3399163
3373149
3265702
3088191
3612713
3068563
3030799
3087330
2975101
2735195
3632171
3313541
2965918
3497948
3321550
2704641
2800779
2918360
2984323
3492655
3242966
2599008
2743426
2890812
3256881
3662536
3042558
2919904
2890672
2954390
3067170
2650255
2680912
3026689
3524555
3374743
3106598
2918391
3244620
3148110
2738364
3110818
2853640
3006690
3337741
3575130
2750845
3152782
3019701
2740418
4612071
2570426
2698965
2769881
2691086
3438470
3314733
3258854
3215557
2909938
3034708
2828506
2577404
3401518
2974167
2928915
2526909
2979862
2822211
2463742
2641382
3521435
3174705
2550927
2651487
3809781
2991972
2877447
3659939
2941066
2919773
3057394
2950018
2616952
2982820
3357939
4077675
3077073
2952464
2907452
2796106
2903583
2821158
2675146
3367183
3637584
3174996
2771225
2680971
2724649
3058668
3046026
3080592
3710394
3503069
2743365
3489115
3430781
3198524
3374742
3043600
3238654
3473065
3031840
2536462
3059570
3061695
2725992
2917878
2751887
2590115
2688830
2682805
3488464
2982448
3201602
2710123
3220449
3258012
2635348
2779946
2998939
2891763
3160150
3004172
2723436
2725722
2632621
2689451
2816607
2580100
2731736
2649893
2592050
2625322
2717080
2670524
2758914
3507992
2871032
2548151
2702224
2665682
2589984
2611698
2337107
3192409
2701992
3125303
2887553
2721421
3398631
3177011
3445206
2933046
2798372
2795434
3099207
3047479
3259846
3774904
4099269
4286233
2779936
2982940
3494729
3191106
3094066
2885157
2630425
2799776
2650334
2743445
2914470
2855293
2633101
2531340
2934710
2749771
2715226
2594045
2640520
2960915
2858942
2455391
2619709
3554497
2895994
2695447
3226484
3158555
2674424
3784558
2981706
3085453
3212138
2872697
3299535
3127689
2876165
3179407
2915622
3240087
3284216
3050296
2761229
3441176
3066186
3918299
3834331
3052622
3221863
3336406
3139207
3437948
2646766
3039380
3299686
2876064
2731567
3225822
3144691
3074978
2953737
3221611
3245551
3260237
2696228
2948414
2692719
2826702
2720198
2693802
2650835
2536432
2454869
3036101
3883784
2651989
2600481
3054918
3170164
3272929
2998739
2945838
2946158
2937105
3025956
3299826
2925798
2700920
3068011
2951372
2837699
2822200
3649042
2855453
2895613
2943723
2709231
3590587
2901287
2752348
3176129
3176470
3162956
2943762
3045776
3136972
3509716
3141312
3254934
3362341
2686043
2913998
2803143
2724268
3427532
3016562
2982428
2629062
2607348
2919703
3138134
3367262
3084722
3067149
3099819
3282322
2786222
2882440
3744900
3288788
3465215
3233020
3411934
3093163
3086426
3039530
3202645
3923983
3249370
3077104
3004563
3128872
2806763
3233431
3118135
2888425
3578837
2905377
2977827
2822522
3149743
2776617
2885888
2577043
2610666
2987120
3776518
2863353
3393047
3173472
2930098
2987090
3347584
2906861
2750172
3031820
2865288
2566166
3331013
3067950
2982318
2910660
2830000
3073384
3604902
3150285
3365017
2655096
2877478
2706103
3653092
3311825
2934800
2871343
3247425
2656028
3335644
2770833
2551409
2683235
2782522
2696428
2429236
3111288
3316647
2542176
2702183
2935020
2786462
3081043
2781871
2422359
2613884
2762783
3117263
2733732
2826562
2668329
2812086
2857928
2579708
2639988
3336194
3084239
2520471
2742502
2906018
2550847
2906249
2846520
2584821
2667837
4026848
3024953
2902970
2880805
2642835
3421727
3201450
2971390
2870650
3262171
3165391
3360656
2935230
2700508
2835954
3174804
3154083
2665782
2814240
2878520
2654524
2766121
3098997
2702292
2564560
2999690
2639357
2729410
2948503
2994277
2601964
3111147
2784566
2690432
3081783
2615236
2444614
2521053
3568090
3093342
2602395
3009103
2637251
2793449
2619156
2994006
2828104
3198533
2827393
3398429
2779995
3171376
3064661
3104651
3453566
2690292
2810852
2651757
2920774
2944382
2360254
3163717
2916404
2633562
3079388
2851232
2525484
2805729
2643937
2653973
2714774
2763524
2631978
2700899
2638785
3313077
3111858
2787043
2843653
3202273
2649101
2748066
2661080
2614645
2716377
2753750
2414960
2555639
3153261
3495901
3154905
3492513
3351863
2952723
3044892
2517614
2987550
3263164
3684428
2892784
2899080
3228107
3344145
3584721
3038507
3222382
3274491
3292666
2771033
3303895
3989475
4004492
3056140
2763835
3606746
3224127
2798672
3286211
3068932
2736859
3230663
3001485
2708498
2487169
2830741
3225711
2724097
2928573
2851723
2862179
3469065
3107858
3235394
2834079
3745590
3074295
2836646
2669612
2976593
2959360
3347913
3066205
3110635
3126996
3599488
2733810
3332505
2860484
3189490
2896243
3100430
2674844
2868996
3220568
2579828
2680408
2633632
2651397
2836936
2969775
2478277
2548250
2876154
2966608
2643196
2998938
2891612
3064009
2676217
2678032
3259635
3136139
2749670
2597994
2675606
2736376
2828896
2825839
3562847
2857938
2574596
3001565
3517124
3058877
3460243
3139156
2916734
2903160
2452643
2514888
2887221
2996783
2532641
2602274
2834541
2626855
2715334
2834139
2645642
2631727
2530687
2877146
3606345
2609432
3362850
3024331
3363131
3367021
3294511
2869347
2736648
3105102
2627768
3020702
3341388
2827483
3067880
3095257
3076360
3480713
3117853
2726994
2781299
2896103
2794000
3183406
3055919
2884604
2769940
2539890
3688228
2958478
2634324
2728558
2591919
3115848
2830179
2748557
2508442
2573994
2736437
3171366
3144920
2327663
2644670
2600360
2682142
2616921
2586295
2592109
3646223
3082867
3160439
3602505
2856926
3248437
3163056
2778722
2999901
2798622
2917065
3493745
3336646
3054286
3061984
3349267
3514497
3413025
3302020
3611858
2885617
2751996
2899371
2847282
2862209
2879703
2778441
3599367
3715506
3653161
2729871
3473184
3232307
2914058
2964413
3119507
2898228
3624370
3173110
3206012
2954688
2815222
3583188
2956453
2884895
2889407
4439782
3691396
3566235
3645532
3536010
2884284
3164178
3988794
3070726
3344085
3325939
3240717
3356214
3052812
3028752
2828546
3090655
2996772
2741249
3118545
2725410
2982066
2655065
2749500
2879422
3346791
2797067
2573983
2629632
2893746
2850510
2754761
2768135
2529282
2706783
2888032
3670783
2824174
3403390
2921495
2873907
3123245
2916051
2908252
2453996
2736246
2735905
2655366
2652468
2738872
2756637
2858318
2761147
2973003
2600900
3429364
3473755
2862318
2818680
2617090
3204256
3153571
3149320
3106935
4514426
3264807
3236857
3283613
2819472
3609702
3054505
2942167
3091496
3346579
2698883
2858428
2848444
2696146
2789638
2849106
2701831
3215985
3213319
3156377
3106895
2830981
3017433
2951109
3016842
2851121
2742601
2529603
2418849
3291222
3210100
3615366
3330530
2678954
2990557
3023278
2927530
2992220
3387642
3211003
3572489
2880815
3274841
3170613
3095808
3413605
4097622
3397907
3444212
2915962
2971098
2834530
2906167
3267663
3035859
2569983
2683936
3723414
3118694
3304505
3287352
2886177
2718431
2947800
2613943
3055197
3436392
2783393
2736146
2966256
2727935
2847221
3344624
3001904
2784867
2811091
3182111
2676207
2787884
3337016
3062495
3339883
3350509
2804174
2616689
3242201
3190482
2711765
3105040
2846840
2934377
2686392
2577622
2640308
2662513
2891791
3625351
3178923
2899732
2898789
4245348
3359241
3085652
3362068
3567587
3126293
3285879
3098525
3210913
3187054
2648879
2714572
2498055
3010506
3006666
3484562
2958587
3305938
3209118
2758430
2824314
2710582
3504821
2828103
3222612
2944262
3060460
3313507
3153701
2755393
2836735
2852795
2688928
3379851
3268626
3292545
2869927
2631697
2612479
2677680
2804034
3238110
3189740
2880433
2834198
3208316
3038295
3255343
2894247
3220016
2868233
2688787
3080509
3253288
3004561
2934057
2665229
2917675
3297458
2769588
3557763
3338249
3329467
3396272
2616258
2515819
2746271
3059548
2616800
3230882
3159556
2904654
3030957
2766962
2934067
2789548
3434858
3057803
3432582
3186502
2814490
3407932
3061824
3034295
3099196
3632709
3156808
3278480
3240706
3231244
3008291
2875180
3138673
3437374
2785618
3165610
3286119
3038485
3111235
2750030
3147566
3339221
3858549
3168939
3162793
2815783
2815071
3256656
2520170
2571788
2713309
3205780
2860965
2781358
3369155
3328395
3206131
2657010
3150262
3458527
3516410
2850860
3108078
3216597
3128990
3062916
2754701
3090855
3341467
3166302
3275734
3356364
2833597
4162182
3352294
2771383
2805859
2959780
2919129
2481093
2585632
2929675
2990627
2874739
3085782
3058805
2992371
3152448
3199063
3216968
3139466
2765197
2703544
3403981
2806770
2960321
2621942
3194241
2990065
2762140
3016210
3218261
3263022
2931991
2664869
2723394
3206933
3109371
2637320
2683104
2849386
2655104
2806460
2959851
2737810
3508771
3340434
2721831
2996271
2674683
2951039
2896694
3501865
3045022
3263814
3135035
3037553
2946147
3129110
2861537
2949615
2704607
2783893
3293446
3217087
2942115
2910366
2782951
2678823
2673489
3044328
3295652
3083486
2483578
2583787
2716997
2834378
2464301
2629049
3293517
2895099
3655434
3097290
3170621
3539707
3747853
2725438
2755954
3350548
3045853
3065652
3375210
3585972
3004530
3116037
3823972
3173328
3345515
2878848
3161730
3039416
3110793
3039738
2985032
3298810
3059727
3223764
3655554
3442496
3064679
3037030
3311442
3601911
3476210
3166432
3328192
2986095
3451488
3294208
2672286
2524199
2914738
2967669
2691544
2844604
3005603
2857325
2744245
2698411
2562003
2979529
4026073
3130111
3300524
3240555
3125882
3292795
3516790
2893615
3517192
3040449
2818969
3052599
3528709
3022845
3940972
2926196
3054204
3640176
3266229
2668798
2973914
2916601
2625851
2885946
2850208
2563737
2762921
3241848
3636356
2794168
2570704
2736917
2803622
2887851
2663284
2596589
2665119
3069431
2813887
2639946
2730922
2891008
2669068
3017342
2601150
2746180
2696697
3004741
2889515
2421334
2734270
2522565
3076107
3073440
2707754
2876774
3408412
3365415
2562725
2781797
2783652
2586764
3181499
2770309
2589903
2973583
3113159
2921464
3407539
3204496
3106623
3212987
2831801
2769116
2914738
3506004
2900151
2780355
2844262
2727272
2711704
3236495
3144738
2979568
2703153
3200226
4227152
2839521
3367600
3267933
2806429
2945985
3303061
2933654
3104818
3774910
2994205
2911018
3371280
3101100
3130883
2752405
3043035
3265768
2704556
2952241
2693017
2974606
2884101
2830258
2474887
2772906
2882598
3035798
3161720
3615365
2880212
2772464
3282248
2712435
2585431
2785577
2846899
2766680
2460240
3051356
2607175
3626392
3158492
2912030
2938547
3115324
3171484
2668236
2914176
2632066
3427289
3592017
3208626
3119475
2772716
4040148
2923459
2958075
3089079
2901364
2944692
3720044
3186472
2860182
3094714
2938005
3580468
3471969
3113551
3152647
2839702
2687023
3180196
3238871
2886848
3193609
3366798
3618683
3527497
2848142
2727282
2827962
4146251
3180457
3379229
3390718
3073772
3697960
2933965
2948040
3156015
3736425
2842688
3335490
3132517
3343270
2845676
2780505
3416672
3341155
2837786
2993703
3615134
3124237
3462556
2786650
2658933
3605189
2895550
3275863
3081360
2653410
3121570
2859150
2938657
3009603
4003176
2900001
3271522
3200636
2910416
2995848
2703735
2605551
3342929
3173359
2994987
2855079
3181629
3101551
3558834
2841907
3234440
3463358
3011587
3301426
3393594
3533291
3037001
3370016
3029582
3776424
2902277
3032830
2871250
3405224
3633329
3386387
2954987
3014465
3415519
3562764
2910016
3517262
3355260
3235612
3747242
3170221
3454446
3137360
2914416
2923258
3035216
3368292
3449102
2729378
2610713
2994074
3301557
2895871
2996410
3182722
3257757
2878466
3394025
3070122
2862718
3644596
3293214
3258157
3445081
3113861
3604236
3416159
3011817
3624707
3546693
3019947
3238349
2702451
2978574
2752454
3159744
3267401
3222700
3652375
3115825
2571626
2857274
3546072
3297325
2897524
2835701
3043596
3028800
3183603
2463919
2546925
3380571
3239040
3260323
3304904
3703532
3585118
3376451
3185297
2929353
2663163
3471497
3213908
3352161
3831329
3141519
3140657
2924481
2984690
2464239
2556809
2965903
2879640
3311059
3194079
3076187
3321214
3556547
3575174
2930245
2961914
3020038
2917042
2788634
3412351
2701879
3092006
2716034
3625018
3307159
3060859
3173177
3636476
2639053
3185147
2934064
2918226
3255351
3304182
2873655
3143594
3567083
3069019
3123665
2989983
2811651
2998264
2751522
2791029
2576237
2642852
2864772
3587163
2465322
2798739
2845776
2650271
2841765
2776935
2664807
2615264
2757155
2993342
2997722
3325775
3509180
3106161
3435829
3184756
3327118
2937833
2663924
2845856
3082222
2610613
2867128
2734178
2907518
2986846
3495195
3321074
3346918
3289797
2651594
2915077
2894837
2842216
3042083
3128376
2691493
2701688
2607575
2515657
2814588
3451528
2758239
3297115
2880652
2991988
2936009
3010794
2571265
2813666
3224835
3009822
3059175
2805505
2821465
2863610
2873384
3546934
2977773
2746940
2518635
2647093
3022002
2878297
3215221
2579025
3058703
2669127
2860853
2914916
2796774
2808042
3711753
2690751
2722370
2641800
2757857
2654451
2986204
2726470
2631524
3025411
3128275
2879559
2512068
2800403
3059686
2781907
2574934
2999005
2914947
2684816
3136657
3126943
3042924
3757737
2952019
3019907
3301716
3159784
2761346
3302899
3255461
2850196
3096517
3141759
2601590
2823640
2780825
2690340
2943107
2918235
3413543
2839430
3182210
3141158
3295219
3230689
2980239
2691182
2907970
3209026
2949803
3091646
2813235
3032618
2748945
3051666
2880952
2894677
3514092
3374697
2886347
2864431
2520599
2587185
2774529
2663343
2740264
3031997
3603524
3360602
3336592
3005602
3525762
3325475
3060999
3193768
3059806
3067745
2672636
2821145
2579014
2822999
3132867
2844041
3196816
2827460
3187041
2758268
2808914
3046263
2873514
3095254
3435117
2484249
2695543
2647945
2872542
2675844
2608327
2908221
2670300
3130391
2760975
2631926
2619384
2747492
2991937
2880070
2843549
2928330
2692345
2672286
3013892
2678260
2607064
2866005
2776945
3589790
2661980
2891719
2818277
2651434
3010875
2638391
2620487
3188826
3399909
3503235
2506464
3112657
2947608
2525912
2949192
2890075
2654972
2877644
3367719
2913624
2979207
2748544
2918094
3276433
2570774
2972740
2638712
2587666
2734610
2795351
2657238
2419409
2810147
2573932
2671273
2863119
3383739
2809145
2795631
3153298
3204375
2666020
2641940
2792053
2897203
2762168
3046402
2663202
2522232
2944249
2778077
2755460
2484288
2652506
2945812
2739802
2578873
2828793
3090541
2539455
2624024
3356010
3505540
3077378
3025409
3110762
3155462
2997771
2634791
2550733
2781766
3413933
3261515
2567304
2819278
2513490
2540959
3058672
2985040
2648646
2532308
3010814
2881002
2518343
2846667
2996117
2994032
2879317
2925311
2474895
2628807
2731531
2670079
2861333
2805184
3039635
2773516
2633178
2542282
2877764
2553049
2642270
2946213
3457030
3491145
3047234
2595424
2886315
2700454
3060227
3116757
2932179
2732524
3472428
3533069
3142309
2623604
3157667
2695993
2889994
3401271
3070571
2797404
3106651
3183462
3227541
3216544
2766458
2873694
2837675
2801575
2557701
2673918
3176684
3043144
2712494
2719031
2444069
2509872
2462444
2512708
2869723
2507376
2475436
2541050
2554272
2587785
2777334
2613338
2795540
3100998
2749225
3091604
2702700
2617539
2505351
2794828
2701537
2833253
2899418
2722088
2694098
2807159
2978423
2508819
2744834
2857093
2880200
3020337
3098591
2901272
2757376
2684093
2815499
3042722
2730779
3015806
2790908
2748262
2416360
2611283
2478234
2409383
2552467
3393622
2742358
2544999
2743842
2795962
2868471
2961822
3706007
2861413
2560778
2664064
2652275
2949412
3151934
2788542
3081378
2851087
2847549
2639222
2843600
2674560
2621299
2693036
2881222
2690810
2567485
2616687
2829344
2553671
2581760
2664896
2578071
2668565
2471296
2427377
2498032
2533801
2618010
2754819
3078190
3224834
2740263
2836942
3158129
3705476
2784583
2538082
2536508
2695682
2873593
3004368
2800923
2705226
2939687
2823901
2734098
3648414
2891056
2930174
2877493
3114380
2952529
2734549
2827329
3330717
3164354
2598000
2851188
3367127
2578763
2547004
3068838
2560958
2633318
3335889
2924820
3115062
2998944
2816923
2927598
3059415
2500308
2922866
2937061
2967356
2853935
2391058
3058562
2841424
2720654
2957071
2449763
2487837
3080036
2804803
3059054
2823580
2705196
2881333
2797004
2851298
2658309
2789705
3040146
3019415
2611584
2915046
2647243
2700895
3089969
3573338
2911317
3427076
3110992
3078662
3377382
2851439
3087494
3602480
3264573
2960970
3594511
3469210
3025059
3102581
3076336
2701757
3610721
2798708
3261424
3314997
3342636
3022894
2928149
3089609
2894996
3318486
2820843
2838487
2887398
3060517
2560668
2574783
2851098
2700825
2641969
4398584
2580798
2636055
2501802
2897192
2844030
3616064
3162490
2927437
2818427
2752754
2787109
2791681
2393183
2832461
2935176
2571515
2723752
2926605
3403768
4580896
3928649
2794918
3649807
2989390
3466584
3346496
3094140
2945031
3491546
2981250
2659543
3013771
3478172
2855048
2781234
3002012
3448739
3058521
3034983
2721817
3108055
2719101
3179031
2945111
2659783
3227020
2943035
2780593
3956317
2788924
2830807
3099924
2837263
3015927
3816761
3012468
2751480
3247470
2686721
2641568
3404801
3361532
3374103
3169837
3470182
3392669
3432046
3114750
3393251
2976468
3460758
3249213
3000427
3271419
3487915
2921621
3082931
3495032
3124635
3180213
3275960
3380138
3188664
3147852
2628205
3111903
3567894
3168393
3027865
2970813
3382384
3468276
3239881
2721476
2654800
2839027
2776842
2499395
2739290
2666710
2632676
3147381
2718909
2629448
2586902
3444567
2748232
2716814
3125347
2930043
2893733
3043403
2566120
2804351
3906743
3391928
3062932
2953951
2988758
2968779
2743089
3470312
3230647
3569968
3185937
3359527
2960619
2947446
2915958
2857483
2630440
2804401
2915587
3220703
2493911
2541449
2728744
2973440
2722058
2491545
2788571
2864049
3503424
2645698
2370084
2557038
2586511
2430745
2607483
3758185
2656154
2481140
2710649
2815378
2673055
2919156
2872811
2659372
2541299
2468509
2445962
2645848
2679291
2806146
2811499
2763800
2865834
3220603
3282396
3127151
3439395
3232712
2941912
3530080
3283138
3394484
3179100
2834555
2662319
2859077
3177726
2969841
2933291
3039213
3341753
3135000
2973560
2983144
3016627
3241765
3472136
3228954
3188924
2911707
2708192
2685767
2604024
2605227
3105136
3628163
3120244
2829202
3251790
2891226
3056075
3118219
2539725
2776242
2874725
2695300
2431216
3121036
3022291
2640034
3219160
2795609
2637448
2600947
2588215
2906674
2895277
2569349
2906093
2780873
2927295
2738809
2563304
2679973
2599613
2929631
2765164
2437882
2883737
2627442
2582732
2663773
2692464
2657156
3434753
3043073
2887507
2617146
2438193
2403868
2503545
2407697
2710488
2782507
3164965
3270988
2971024
2528888
2438334
2510493
2628675
2912158
2626029
3244803
3513639
3089628
2864310
2712162
3114510
3309884
3271599
3195831
3268341
2856871
3049910
3006743
3398333
3463264
3165456
3311909
3069318
2877663
3038862
3410413
2643111
3000317
3243499
3220723
3506822
3162499
3532836
3260903
3286626
3236132
2750056
2693326
2526202
2781414
2808572
3170208
2520287
2794918
2763911
2661046
2715832
2744482
2721425
2719491
2731109
2707231
2462904
2688413
3194838
2637567
2892258
2798847
2739230
2912990
2716914
2519796
3164604
2987916
2766036
2871206
2848731
2935065
2918303
2928729
3001851
2862886
2544828
2718428
2483125
2687572
2599032
2723942
2442063
2665507
2485350
2570421
3310054
3421580
2702137
2689827
2877252
3156895
3061709
3005650
2922233
3050692
3053138
2582972
2512107
2654891
2712884
2684614
2620405
2595213
2811569
3098991
2934303
2766538
2508568
2606320
3157236
3496216
2693777
2679982
2909973
2759560
2791729
2602842
2840972
2547294
2937471
2663231
2757375
2784000
2635021
2936408
3117356
2592806
2493320
2647121
2610190
2880139
2748663
3523343
2970703
2754017
2623573
2855417
2700112
2685917
2551545
2668504
3014061
2792501
2730838
2600105
2943084
2704052
2913492
2770186
2543394
2665517
3572686
3254467
2793605
2792762
2898584
2720993
2746085
2768621
2689856
2882805
3265523
2607863
2800009
2742507
2730036
2981971
2755429
2602189
3177184
3292320
2858785
3190467
3116865
3081296
3018741
3327798
3195510
3400618
2800621
2646629
3731488
3108213
2968558
2794054
3144042
3448426
3329772
3023022
2695580
2726216
2857903
2820982
3156523
3332660
3141436
3233654
3367506
2609297
2907596
2790997
3393400
3209133
3064595
3186196
2894815
3368237
2918593
2995835
3713584
3160683
2907996
3495623
2761734
2862354
2885110
2707029
2487254
3110819
3596343
2949821
3215649
2954031
3173425
3040756
3023724
2835808
3074931
3322003
2843197
2656213
2671732
3024636
2875667
3338133
3194116
3417449
3638076
3047824
3221283
3395986
3269883
3162798
3232682
3182838
3253323
2904468
2975985
3066570
2893601
2832851
3508786
2719741
2584946
3189474
3018491
2871246
3569306
3032766
2983784
2976817
2737404
2873040
3423504
2880650
2659631
3186196
3277884
3211789
3058860
2948377
2801573
2947385
2980928
2784832
2758126
2949630
2679010
3799396
3187019
2941189
2974151
3125064
2888759
3054721
2792370
3117416
2901360
2714497
2648564
3009669
3173434
2745284
2777704
2755429
2840019
2757544
3079131
2852489
2758026
3211028
3215028
2964537
2838114
3132624
2918633
2918814
2717605
2654840
3451855
2450773
2873773
3153375
2603031
2804340
3045668
2896328
3030541
3319887
2809563
2888529
3146588
3137646
3129296
2896107
3223228
3263819
3072054
2902112
2823948
3240962
3232791
3068505
3185114
2899205
2850113
2690568
2974091
2616745
2862013
2829242
2642269
3162658
3027754
3070901
3572714
3155540
2776100
3221434
2893341
3026380
3687719
2772721
3154608
2717204
2867576
2639170
2894603
2748220
2934573
2939615
2671009
2637156
2811348
2891005
3300740
2827056
2632434
3038871
3449689
3059181
2620595
2701456
2917911
3134598
2653416
2727038
3138368
3258165
3237955
3028325
2980356
2774115
2909080
2819718
2480828
3173034
3256149
2717735
2955234
3111060
2673666
3012627
3026952
2826074
2870865
2731078
2686549
2907546
2785533
2838685
2665967
2997219
2758416
2582340
2706267
2784420
3008787
3619511
2772241
3076575
3543331
2790335
2866594
2659070
2650048
3170859
2740261
2818545
2757574
3253342
2518602
2843758
2698678
2775048
2659411
2920408
2625718
2811257
3436948
3172613
2825493
2922553
3083452
3545066
3264751
2592726
3098810
3707920
2575974
2715149
2690287
2825393
3507493
3871846
3005810
3347456
2912930
2722116
3297202
3336820
3018852
3010020
3179860
3297261
2657125
2990872
3061658
2965550
2908057
2710618
2639221
3579300
3160873
3187840
3316680
2892970
3069016
3041868
2467957
2764982
2883506
2957088
2657195
2968387
2818475
3104243
3332840
2885011
3153224
2835337
2857061
3093486
3209143
2740833
3487423
3043643
2976366
3326163
2715660
2850143
2630007
2781533
2984777
3117074
2933019
2597146
2938040
3153364
3276619
3424085
3367013
3306814
3203288
2772129
2666166
2770345
3167980
2772881
2851246
2620193
3382061
4182244
3131159
2968075
3240068
3110067
2938201
2878072
3405138
3223157
2750105
3004254
3143289
2930462
2686206
2957449
2896738
3023993
3330904
2820680
2712632
3105195
2714988
2658498
2628955
3153183
2747899
3705683
3457367
2629005
3156592
2880648
3055452
3323686
2877421
2999002
2974922
2503965
3815154
3643860
2551182
2614619
3250776
3028886
3045988
3115661
3169774
2693214
2613747
3185674
3173344
3110257
3130437
2960186
3469557
2967553
3223317
3013869
3201072
3244940
2559282
3091551
2981368
2765172
2957087
2814124
2516256
2497328
2679751
3448716
2885790
3570047
3064794
3514609
3237674
2675008
3176170
3236660
2796058
3170106
3383704
2988636
2944056
2665425
2869481
3632050
3217553
3583560
4297700
3791716
3230715
2698998
2689866
2873220
2593347
2794595
3086448
3353701
3099381
2740180
2680854
2759267
2843135
2980596
2961899
2883255
2788349
3920365
3379354
2627530
4129292
3019211
3138778
2988074
3098026
2912136
2890783
3335856
3611881
2869200
2805322
2755889
2783979
2875907
3063933
2595923
3466560
3257782
2940286
3236731
3209463
3431312
3235778
3018620
3118046
3320839
2834665
3311917
3013427
3323525
3048444
3042229
2740862
2838193
3125003
2867285
3309080
2994992
3103410
3143229
2792640
2758616
3100012
3037227
2664653
2971634
3573746
3160352
3248590
2783598
2830244
3077436
2464527
2964757
2839897
2736711
2873701
2628273
2773824
2744451
2708683
2756360
2922792
2732351
2683810
3594427
2870383
2658237
3098227
2739970
2840578
3277281
2980295
2776750
2854263
2925941
2850022
2801662
2726686
2815837
2674768
2506471
2845241
3190376
2956415
2808610
3170316
2834954
2933279
3709692
2924868
3157013
2739809
2798976
3031633
3002891
2516977
3345089
2902112
2672864
2788179
3370432
3251216
3458390
2833301
2659260
2557327
2902162
2855596
3454099
2805803
2912015
3205363
3090508
3249773
3115912
3243567
3364247
2949760
2822244
3157063
3263487
3085636
2988255
2737373
3152422
2778555
3459172
3003011
3063883
3140352
3538949
2714426
2782075
2722105
2652774
2446693
2623601
3023803
2897530
2839095
2970191
2789452
2680151
3380417
3582076
3248149
3024515
2274606
2811437
2677766
2807317
3287857
2731279
3369420
3056123
2983353
3605223
3174947
3076795
3015783
2742276
2923444
2635350
2803427
2952226
3374703
3217824
3148914
2799276
3497808
2777633
2997408
3123560
2969679
2700823
3128593
2662317
3037217
3048404
2442934
2444347
2617867
3502840
2939915
2775116
3018790
2814835
2835897
2831667
3185043
2675961
2974891
2983212
2949087
3114257
3190005
2839426
2875987
2545968
2840208
2899054
2902482
3092142
2611250
3028854
2860027
2966621
3279295
2728531
2808639
2959503
2682035
2608554
2534640
2666708
3242323
3720979
3143779
3003000
3381749
2960365
3453156
3168400
3155098
3481446
3159919
2761062
2878402
3044904
3310652
2626377
3815754
2957959
3036885
3086066
3035872
3275044
3138867
2833070
2737884
2830594
2912586
3064041
2832628
2771367
2664983
3420084
2760088
2713202
3388396
3014830
2880668
2820599
3032804
2561857
2486240
3175438
2633806
2914000
2987422
2825912
3089245
2938791
2506580
2762626
3092553
3157884
3156140
3071691
2789321
2884026
2613105
2535623
2758435
3254854
2771737
3410831
2943824
2945478
2676111
2720671
2900527
2847405
3306893
2716781
2644552
3339144
2931113
2838072
2907314
2544515
2691619
2538520
3092692
2802914
2872818
2866853
2598869
3213573
2990048
2588223
3750492
3439762
3201663
3017045
3256328
2890673
3464674
2937588
3054989
3203157
2928426
3058117
2896015
2907294
2727307
3202655
2859454
2617285
2553166
3598326
2880257
3172671
3246413
3185092
3450349
3124321
3197633
3144903
2920386
3146526
3270704
2790775
3069907
3135529
3120783
3357038
3112862
2654487
2852979
2685524
2841210
3170877
3106527
2823787
2845811
2649776
2982359
2756009
2654958
3010620
2897219
2755778
2780790
2964967
2791637
2808960
2757332
2858463
2771838
3034388
2953568
3027462
2856778
2776319
3316727
3097394
3114196
3238664
3071059
3044544
3014749
2788759
3335304
3184310
2899063
2951964
3635588
3070127
3335234
2936827
2819306
2933258
3005226
3190595
2936366
3118367
3101544
3103489
3036985
3556231
3014870
3280468
3204760
3069696
2796138
3516693
3011972
2842091
2803807
3100341
2958450
2804008
2849140
2916927
2906491
2625815
3003602
2880116
2828247
2975002
2822022
2438512
2641635
2756049
2671128
2497839
3207407
2948967
3475742
3290663
2904557
2794584
2808047
2532645
3025416
3224410
3147599
3412916
3252328
2770234
3620019
3019782
2545597
3228550
2757552
2801651
2974620
3129705
3128401
3176440
3731095
2886161
2878151
3169693
3219918
3049115
2851074
3187758
3069616
2841039
2807155
3072814
2958270
2642287
3568091
2586368
2585466
3061525
3168400
2659960
2872357
2964595
3479892
3679456
2800990
2805531
3609964
2997658
2786895
3020374
2870051
2930571
2592814
2546119
2788830
3497716
2828217
2796208
2655620
2530610
2871966
2745542
2442521
2600153
2789873
2465338
2613887
2810313
2679850
3262042
3235647
3036835
2825160
2841360
3221863
3435522
3323094
3483752
2767467
2766735
3105996
2853740
2958010
2814433
3042428
3434700
3786131
3350372
3326703
3539169
2824689
3651658
3109524
3012073
3419513
3491612
2761362
2629876
2714726
2648823
2363436
2486801
2817451
2820859
2794715
2486581
2492326
2696301
2659529
2574358
2789753
2577647
2495633
2919664
2739698
2628553
2808378
2623430
2878642
3625462
2753793
2640121
2687989
2844096
2614016
2965737
2921878
2849830
2490229
3141573
2986509
2700771
3128822
3390760
3307183
2935523
2629023
2933528
2896747
3092100
3318581
3284297
2724370
3002529
3893415
3229561
3087549
2826372
3135327
3602003
2879784
3028683
2887263
2820557
3362070
3306411
3023891
3164690
3016292
2798864
2660631
3325398
2855975
2481969
2944966
2771346
3112701
3035530
2590949
2708580
3073444
2922039
3139277
3024062
3081865
3473376
2934720
3179707
3115799
2945778
3022619
3237781
3167768
3023882
2890711
2481768
2699507
2817700
3283645
3115368
3043730
3014628
3400203
3353478
2646205
2751737
3274553
2902922
3068612
2591339
2719968
2676762
2798132
3220719
3012042
2988123
2911213
2714615
2935814
2574618
2778603
3238353
2481146
2736589
2463002
2950640
3105865
2510630
2742955
2613305
2952725
2681473
2851585
2588633
3433075
2936405
2898511
3107108
2945848
2728750
2882581
3295744
2853810
3114506
3514327
2889669
2711718
3138566
2904756
2818272
2594387
2790563
3268738
2820367
2939713
3103208
2714896
2588092
2797891
2514759
2742414
2674065
3242674
2605836
2554448
2519582
2599380
2606367
2994399
2882501
2680551
2480074
3137603
2779907
2706726
2745191
3522025
3356917
2885208
2826623
3013195
2804387
2551531
2705052
2805540
3073504
3106656
2882351
2570137
2791305
3396855
3191817
3099879
3125884
2976704
3136751
2745812
2455454
2861459
3765248
2689584
2737351
2819685
2730946
2639680
2707317
2499402
2685313
2785390
3365056
3152099
3343012
3067139
3416685
3223897
3048653
3144751
3767514
3173883
3078035
2924696
2951191
3366491
2996744
3241821
3042357
2883865
3274001
3090396
3627808
2998108
2925798
2957226
2992283
3184249
3339203
3038257
3468834
2674516
2807366
2752058
2557345
2383715
2933889
3267445
2630046
3007631
2663258
2543882
3297680
3427371
3322923
3235255
3255315
2955131
3445656
2755527
2888296
3607698
2868186
3211587
3571448
3458288
3101243
3080120
3117673
3105203
2909799
3337117
3236449
3132500
3044773
2694285
2756820
3271695
2985978
2766053
2725061
2902301
2835324
2974950
3858559
3166424
2959803
3420695
3094116
2781972
2893108
2813480
3170074
3310562
2850001
2621043
2532023
2795475
3117433
3292317
3546686
3590164
2928486
2857750
2714926
2513397
2690766
2919152
2676511
3094406
3422378
3005876
3219225
2632472
2974779
2657513
3523980
3049034
2847454
2907453
2852416
2588392
3265080
3054006
2709453
2855705
2676310
3061915
3086306
2841279
2849309
3099789
2959161
2579229
2796728
2893028
2768860
3225511
2864246
2681132
3442929
2643418
2811926
2642377
3761729
2820748
2771466
2854151
2897738
3472753
2859594
3071830
3695375
2949086
3417667
3199086
3031881
2867814
2700290
2344158
2589224
3184760
3318050
2702696
3204268
3051921
2927442
3255916
3481213
2633394
3586294
3406669
2902340
2887312
3124751
2931632
2919872
2894279
2863303
3088050
2726293
2943481
2849369
2629824
2604521
3059108
2644761
2670465
2603910
2931783
3104620
3360935
3214182
3214212
3470788
3276606
2923933
3402328
2947772
3062957
3217510
3124730
2781300
2975962
2937938
3285088
3123878
3542525
2913788
3100330
3333547
3354459
3121051
2984272
2984863
3622232
2717321
2854281
2995921
2911643
3091458
2702424
2644541
3044391
2791756
2670164
3116219
2757581
2556844
2741411
2962468
2996994
3053774
3156900
2772056
3148309
2915653
2834602
3030437
2727737
2986007
3793507
3152870
3230362
2713091
3232688
2681062
2833499
2840656
2689813
3111387
3013404
3460252
3201832
3653650
2712719
2973185
2838882
2512955
2967190
3046296
2802061
2885348
2813038
2605634
2939291
2832677
3030166
2867744
3147206
3348314
3051369
3171897
3251274
3180539
2960904
2646826
3152960
2861738
3224196
2887934
2798582
2678154
2565775
2937627
2496614
2744779
2803133
2805008
3525975
3220728
2914239
2729802
3086957
3039198
2485407
2655729
2848556
2780006
4179243
3236257
3285178
2984403
3055219
3143116
3184298
3025104
3299052
2834391
2776147
3316095
3387421
3072642
2938639
3122695
3329979
3670222
2855203
2718544
3573421
3213510
3022507
3057584
3161421
3039569
2707427
2649624
3140630
3380353
3028021
2834492
2777931
2841518
3040872
2811704
2911161
2975772
3024933
2910470
2812386
2727977
2674796
2875272
2685613
2670977
2955230
2755966
3361727
2700229
2641765
2986989
3464622
2899022
2555209
2864135
3204658
2783525
3078114
3178533
2938889
3224658
2928765
2736288
3379892
3502516
3226482
2602075
3150454
2929326
2976673
2810371
2698394
2808236
3067889
3200007
2855744
3142314
2649844
3219866
4024208
2896345
2749772
3312876
3407861
2911291
3228427
3049133
2763655
3517874
3614514
3244918
3509533
2896134
2809921
2754413
2942790
3080762
3002137
2635629
2693061
2887403
2679738
2518940
2652952
2909197
3551868
3377195
2776537
3006036
3379893
2878340
3523629
3268928
2846371
3439570
2668470
2955712
2944193
3121854
2785931
3062286
3079037
2875212
2804597
2760588
3176208
2696269
2881999
3600950
2933347
3637891
3076320
2898159
3234262
3225230
2938318
2737461
3152910
2756348
2517265
2774533
2642686
3624218
3245148
2876385
3379000
3030978
3573873
2982799
3032332
3401025
3296697
3270601
3450828
2687748
3764284
2940344
2873228
3325889
3149832
3088250
3540650
2774372
3067849
3072000
2888245
3289338
4269446
3035359
3596700
2640932
2857258
3255675
3311263
4374015
3194814
2912274
3566876
2846421
3542856
3554054
2963832
3188277
2924725
2630085
3301368
3080340
2762793
2933256
3063799
2975731
3513253
3306120
3116079
2890791
2789290
2896876
3226603
3305547
2945887
3117201
3037112
2751024
3152809
2998727
2901587
3137982
2903051
3392282
3264436
2993896
2937355
2910298
2962799
3508420
3425154
2720669
3468160
3252156
3053964
3089332
3111668
2729290
3001183
2805580
3396212
3485844
3095216
2782953
2585354
2978728
2927661
2675838
2636992
2935511
2705962
2497004
2685702
2576010
2789971
3262852
2502237
2493696
2834040
2767956
2639799
2845047
2506167
2867152
2613534
2405217
2596140
2656640
2602416
3013795
2916584
2820065
3077974
2723796
2712779
2657743
2659287
3066064
3572779
2816456
3155215
3088760
3166012
2873708
2549946
3346739
3040240
2803855
3000091
2899101
2960653
3109622
3095056
3487578
3058294
2660499
3062996
2993043
2579459
3045754
2994778
2763084
2823994
2882469
3135817
3026897
3031108
2989224
3334659
2822731
3271052
3765607
3102745
2724839
3301748
2925947
3763211
2934047
2767294
2970898
3557522
3529111
2658715
2781399
2826100
3283122
2605874
2622445
3816293
3333547
3142934
2961064
2813308
3291202
2872485
3381195
2981064
3329005
3137150
3041223
2937676
3308014
2614035
2805749
3208587
3299813
3209900
2901527
3476972
3623855
3297467
3140007
3061322
3217559
3670411
3313697
3026004
2993284
3214251
3630963
2990467
3089292
3272665
3000232
3643484
3115597
3333075
3036571
3562895
3552478
3370117
3125541
3167856
2471482
2772226
3232807
2993344
3361666
2820064
2557013
2672429
2947731
2842530
3054205
2903341
2716297
3353646
3010537
2648460
2915130
2554788
3173109
2573263
2838040
2781850
3158513
3134093
2533425
2546899
2950488
2971761
2655948
2742493
2619538
2816767
2624320
2772256
3137431
3161260
3280034
3196136
2854711
2648149
3179536
3099757
3628317
3409845
3130744
3271893
2940443
3076140
3382076
3328293
3350248
3120218
2976682
3032160
3591797
3440060
3501212
3014496
3091116
3730420
2823253
2911781
3035739
3527938
3095256
2828987
3427008
3526915
3196978
2777559
2956132
3093943
2658645
3021123
2720017
3360924
3508921
2718233
2999609
3482967
3018948
2875883
2800456
2820616
3226020
3273317
2633513
2473788
2982256
2972803
2646064
2879582
2538788
3579094
3173971
2566858
2524874
2760166
2885005
2639818
2720829
2642334
2799243
3157711
2629823
2771905
3091537
3351962
2546447
2941606
2456113
2599318
2583209
2785269
2966116
2552522
2646425
2823965
2531831
2815654
2659989
3022707
2813879
2751735
2950858
3514214
3227955
3016541
3324244
2873437
2804245
2819985
2797318
2656831
3057433
3175906
2969535
2591559
2835854
3176317
3113352
3396563
3014557
2813980
3338870
3912481
2823564
3433284
3123056
3130243
3005705
2969906
2769069
2962097
2904353
3037162
3587296
2767544
2724859
3504099
2964673
2754733
3151966
3189740
2702984
2990698
2984572
2985746
3213489
2705181
3053393
3817355
3091607
3454506
3023638
2830028
3014025
2907290
3080540
3261778
2956321
2601112
2672829
2581754
2717972
3228696
2551559
2536803
2827112
3105401
2785308
2751905
2957945
3003478
2759323
2895781
2600009
2906197
2616289
3012892
2892624
2816445
2716678
2856434
2861777
2684378
2754702
2803362
2666193
2631577
2674173
2785579
2891862
2910017
2743885
2898138
2743434
3167505
3214631
2895029
2864002
2827332
2633412
3305025
3007969
2675947
2397548
2900143
3105010
3013172
2837377
3026144
2665301
2882088
2662985
2868383
2745609
3040140
2740427
3672936
2880564
2750140
3121490
2911189
2955920
2738352
2903802
3291291
2927099
3056921
4366655
3051737
3748974
2474108
2527800
2820475
2915500
2745279
2678855
2568070
2700819
2885867
2969895
2820505
2801268
3154653
2887301
2904172
2976612
2934628
2829167
2941274
2644850
2518617
3217989
2916392
2776706
2738793
2755223
2844254
2630354
2806390
2590305
2550426
2870078
2870439
2786582
2931199
2698293
3008561
3540348
2978016
3259042
3361545
3200205
2781518
3428161
3031056
3329926
2977233
2910518
3837775
3004892
2926548
3143956
3083496
2889697
3422506
2904914
3101430
3332493
2924042
2994486
3264375
3241628
3165039
2714282
2884393
3337947
2922067
2865607
2956131
3102854
3271411
3528288
3096819
3477903
3339090
3070204
3466325
3242710
3401694
3239122
3234922
3279021
3592527
2903801
2897546
3198983
3110413
3643874
2647487
2723334
3060790
3014445
2712086
2569653
2563629
2912763
3129340
3097130
2543108
3936248
2968150
2881867
3189880
2956061
3264595
3049974
2704548
3503777
3612897
2856213
2804235
3227032
3049291
2808786
3072449
3194963
3152287
2903491
2778521
3312323
3073792
2980170
3547406
2934227
3073462
3106473
3175514
3260114
2886799
3148027
3542824
3168357
2795473
3634040
3036410
2682744
2971891
3144758
3282770
3098785
2951770
3208176
2826650
2736948
3098323
2591548
2545966
2776446
3621429
3066224
2982185
3094854
2682404
2889265
3245627
3013834
3324353
3114223
2801428
2982476
3013593
2619086
2974416
3489421
3481522
3506264
2831893
3209469
3416922
3083015
3294369
2962968
3261627
3398747
2695325
3198913
3074765
2548301
3141089
3185239
2916422
3055848
2876564
2780095
2761339
3261818
2801377
2871792
2744066
2678774
3172437
3076459
2916152
2937335
3178773
3207945
2729690
2500102
3151625
2561705
3355991
3357435
3194060
3500218
2825909
3110413
2843643
2661221
2791854
3027909
2670644
2940563
2967620
2672589
2927630
2757779
3318278
3199444
2825076
3204606
3017874
2768235
2806621
2562256
2627286
2746542
2886168
2577504
2602646
2631146
2825097
2854309
3146582
3235022
2792607
3044961
2898438
3526123
3018756
2880954
2615697
2878729
2947971
3176947
3378778
3051768
2632821
2839231
2839241
2670944
2418289
3153329
2813106
2690002
2872694
2637902
2619356
3073080
2666403
2671044
2809557
2831913
2955669
3191243
3025432
3009161
3595694
3505471
3315139
2865686
2684899
2754080
2671867
2642995
3092548
2778079
2796294
2958316
3101510
3101500
2928983
3326187
3406215
3034053
2751935
3322437
3374566
2996390
3156096
3406676
3290749
3198741
3491716
2832073
2911670
3244705
2800896
2649651
3362065
3481271
3341153
3001332
3398365
3423397
2820154
3108166
3463186
2798650
3039758
2956922
3261657
3227332
3097570
3227863
3182079
3303299
3334767
3347790
3052880
3193609
2893104
2682863
3076438
3277035
2756716
2734010
2664558
2931790
2726722
2689540
2977543
3364411
3420590
3102202
2788385
2896914
3171814
3114211
2734902
2999547
2539629
2755954
2643125
2542295
2760396
3029111
3018675
3401272
3300663
2717059
2541273
2746622
3155113
2791553
3476699
3280383
3009172
3080067
2517955
2564591
3410215
3096558
3260434
3264454
2985142
3320963
3361072
2666713
2686372
3097851
2935840
2768335
2913585
3211934
2766952
3500328
2942888
2766851
3053340
3226871
3044198
2824283
2953403
2776595
3417462
3357765
2603076
3015167
3309445
2963087
2662002
2798068
3110813
3005412
2741509
2869355
3077892
3112748
2924912
3180195
3148086
3667101
3240104
3177769
4122879
3073651
2602896
2929053
3196817
2787713
3188175
3643823
3113149
3342357
3554833
2856935
3266288
2897234
2668418
2894498
2894768
3000901
3106693
2923689
3277626
3571003
2926858
2842299
2751824
2986105
2671205
2977122
3019518
2953323
2626113
2912853
2768014
3349765
2945785
2921264
2654743
2621561
2723875
2473234
2786750
2799111
3256143
3216936
2699986
2640308
2891861
3192877
3302207
3041200
2786129
2947689
2759153
2943840
3290127
3044640
3069872
2775483
2987197
2893505
2879069
3143154
3652695
2882729
3274780
3125700
3095205
2921053
3273917
3195693
3350046
2878167
2997152
2663064
2625291
2851170
3031417
2936382
3304483
2922366
3216665
3231111
3261296
3201628
3116688
3006655
3008269
3069922
3031227
3042163
3938824
3508378
2683054
2951719
3588957
3003748
3309686
3032088
2860393
2842308
2947729
2892352
3293496
3396842
3249246
2774219
2825857
2664959
3483225
3127043
3107605
2874769
3261296
2729940
2641340
2869525
2660839
3158231
2883901
3335079
3042043
2937323
3278799
2950386
2859832
3295821
3026986
3292263
3128808
2970716
2869586
2857887
3073100
3899647
2979839
2785999
2967879
2822198
3109200
2935780
2534045
2822730
3479275
2643055
2822690
2781708
2876132
2615807
2912111
3207953
2846107
3407799
3126723
2688608
2557232
2846378
2776977
2783653
3473792
3288744
2516922
2602976
3059486
3684744
2870438
3505260
3009572
2734290
4072304
3303821
2996049
2890378
3682539
3493040
3421853
3102563
2937996
3187042
3562802
3263721
3290227
3764982
3278327
3845973
3512758
3222569
3008359
3192445
3223331
3120987
3460829
3819106
2874076
2455560
2666372
2501353
2832884
2622954
3580345
3063756
3017391
2726381
2853044
3242037
2784946
2734771
2632117
3020158
2620208
2566194
2794138
3955554
2902908
2807742
3153709
3385212
3903986
3080648
3476779
3315329
4081395
3914202
2913224
3046132
2942576
3276743
3996485
3074271
2901965
3276863
3615612
2883289
3859406
3421982
3410745
3436208
3017651
3416820
2895760
3055134
2812183
2824283
2938576
3063204
2572500
2677680
2643846
3551393
3331008
3410654
3261716
2756706
3197597
2912141
3029331
2678231
3190680
2717067
2908572
2621281
3079595
2953012
2864252
3490964
3419025
2718400
3035115
3130080
3222780
2676197
2728445
3011125
2657691
3133890
3819056
2879249
2936330
2798991
3238478
3880417
3023536
3023777
2882507
2949323
3354065
3276091
2748996
3108667
2996840
3377372
2677871
2982204
3185959
3196103
3035416
3217537
2998454
3006805
3798495
3403386
3187311
3437351
3334256
3570250
3065971
3021742
2933744
2733217
3099774
2860593
3918953
3015566
2717378
3308461
3210950
3032429
3220033
3438684
3296241
2550665
2945092
3331729
2578916
2895740
3224494
3084528
2915338
3291761
3617657
3487986
3154240
3003517
2836694
2818559
2950846
3111754
2508842
2594694
2962505
3080397
3028439
2728576
2687454
2607055
3253014
2936540
4028103
2939198
2513233
3056027
3186129
2683204
2867870
2739082
2668457
3419317
3074452
2804463
2609230
2840032
2706792
3397342
2571066
3590089
3279339
3473089
3589467
3284883
3433862
3978080
3156185
2781918
3187753
3674929
3402735
3257616
3503054
3567794
3472779
3298958
3464779
3269446
3337083
3527123
3155694
2797707
3055846
3155854
3393783
2846608
3320372
3236855
2970414
2894667
2468963
2562595
2650723
2843962
3264864
2995788
2764826
3018203
2734651
3166861
2991928
2817677
2677951
3424519
3487475
2890847
2700807
2469475
2720345
2793767
3055977
2992199
2673310
3046694
3102471
2973652
2603737
2699283
3278027
3403306
3361663
2868232
3779167
3290518
3341644
3082884
2890797
2699083
3078061
3015877
2699314
3247842
3190039
3694829
3299018
2875289
2882868
2749938
3030052
2995356
3116105
2901253
2759212
2574875
3062142
3268092
3461721
2977823
2881364
3085369
3422835
3061971
2728225
2916431
3199021
3388760
3407607
2594043
2780314
2889715
2925945
3125599
3079545
3073721
2879630
3038474
3300582
2621962
2815692
3020780
3342857
3258729
2798850
2743363
2513213
2735283
2681149
3618801
2665870
3032137
3469431
3103484
3153378
2786670
2660317
2751964
2732886
3570641
2893204
2695795
3296342
3374977
3169428
2892121
3228845
2944210
2687244
3107504
3577739
3296111
2525743
2609431
2611615
3325392
3025821
2533853
2734329
2817005
2513071
3789622
2904731
3309343
2737116
2739612
2981030
3635921
2916059
2711523
3073078
3388809
3740310
2995767
2978153
3186429
3336210
3497890
3207119
2955046
3117608
2866045
3163051
2627024
2886597
3242528
2781196
2676245
3075093
2679734
2710822
2873013
2735322
2759993
2739142
4021827
3479915
3063344
3250567
3197506
2914636
2906656
2478386
2518966
3549007
3406122
3139723
2629109
2815450
2704285
2626653
3333533
3066823
3122972
2505323
3069208
3110420
3633085
3172144
3357783
2808664
2642232
3725834
2920360
2647805
2772714
2658291
3569267
2943618
2893955
2945242
3059414
3031886
3032869
2605621
3018994
2781867
3132686
3999712
2716485
2942394
2897805
2813405
2674181
3186699
3221154
3139222
3567532
4307183
2855921
3170800
2958685
2864191
3368018
2992007
2713277
3712933
3427395
3322616
2622823
2760204
2840613
2571476
2924109
3005149
2992609
2532469
3058582
2720315
3554751
3467585
2746149
3165557
2866867
2657138
3287690
2797716
2852893
2825996
3011996
3300080
2680536
3083183
2818909
3193947
3167391
3639250
2898475
3021009
3336270
3528646
3018884
3261494
3201786
3366334
3755889
2864953
2919699
3133417
3229104
4219286
2727532
2670281
2586875
2664947
3074381
3409611
3063254
2893614
3321503
3029681
4249461
3120776
3185897
3055965
3182579
3147332
3183692
2934174
3239650
3043585
3418032
3000007
2789465
3143312
3101599
2885223
3002854
2553411
2439229
3461409
2978795
3335036
2912250
3073900
2861635
2662201
3002593
3585317
3236232
3311017
2862576
4182876
2965822
2892090
2765768
2957863
2747371
2946835
2821826
3051966
2771873
2618141
2665910
2594984
3065609
2853123
3050472
3074772
3227851
3091023
3008428
3464357
3257595
2893333
3101418
3020026
3270166
3222418
3139583
2775281
2593511
2760324
3241074
3029710
3849811
3142850
3236101
2934635
2752263
2778378
2909272
2589822
2847460
3126681
3230518
3138811
2542024
3067895
2729838
2956890
3106491
3046251
2687232
2762218
3180624
3345342
2843048
2886456
3002935
3050432
3034072
3333383
2927337
3299899
2926695
3487424
3537779
3049309
2822948
3370694
3118280
3084496
2797295
3132626
3040878
3160364
3587231
3478532
3285183
3300180
3174669
3060106
3488286
2600718
2633640
3120686
3086501
3962170
3273234
3201296
2808002
2745748
2702521
3302406
3142861
3444709
3527203
3372980
2748334
3342846
2879559
2837636
2748565
2868352
2764734
2798779
3547533
3796269
3117338
3084126
3194860
3074201
3569467
3557898
3357041
3419646
3057721
3334505
3122441
3796108
3070953
2964259
2889353
3030412
2554735
2497373
2923639
2786398
3404429
2987316
3238107
2982935
2718531
2946254
3002564
2946535
2529753
2910366
2738801
3591070
2690511
2758188
2897583
2823048
2917372
2854606
2554122
2665428
2665238
2596949
2795119
3688451
2920781
2990984
2890726
2799200
3045950
3388569
3625946
3260822
3502280
3649284
3006713
3081298
3126069
3577897
3470721
3334415
2768152
2698660
2848401
3403325
3393229
2909352
2937261
3218959
3208964
3141045
2550182
3196022
3081218
3877589
2941321
3225806
3660121
2955546
3298696
2685718
2670330
2428672
2689077
3457018
2989319
2745005
3237364
3038272
2925542
3132504
2555706
2688796
3054341
2776904
3765551
3068316
3001370
3314395
3157426
3622427
3416819
3462181
3514430
3855614
3555802
3395857
2842938
3284621
2678932
2969060
3094952
2755491
3045178
3116385
3841429
2824752
2724454
3009189
2896691
2747451
2959486
2990874
2618973
2590624
2705517
3119052
4359903
3222547
3110700
3331467
3224743
2890726
3100545
2540609
3094079
2895467
2469534
2755902
2603495
3911473
2641008
2784362
2826678
2680195
3092595
3257223
3480355
2789375
2684475
2424552
2711352
3057709
3731949
3383215
3168624
2742208
3266386
3758183
3076786
3190548
2875999
2904821
5363447
2799480
3367296
3018733
2883608
2952218
3092566
2553000
2649088
2984418
2836913
3854983
2639944
2644155
2720284
2760904
2797164
2900881
3070782
2729617
3157546
3340841
3405270
2963646
3347727
3195591
2659063
2780884
3064045
2434316
2643243
2562083
2878305
3082942
3377180
3469629
3116524
2932018
2752654
3407706
2778087
2987575
2980588
2975436
3327257
2596267
2693678
2789224
2623183
3017470
2729357
3194187
2756364
3345852
5047695
3422833
2687643
2896811
2640165
2759171
3131612
3234838
2455850
2977430
3258947
2723622
3002913
2510445
2718169
2915738
2869894
3108274
3168805
2530173
2584157
3094651
2767060
3313373
2581009
2451489
2747421
2680406
2781916
2749656
2758659
2705397
2895428
2811871
3701854
3799094
3025148
3233194
3519994
3449028
3687167
3465468
2848351
2936790
2989039
3057127
2833805
3511693
3464156
3114530
3053710
3340910
3132183
3656762
3148384
5200183
2853494
3271197
2829043
2915818
3179531
3273794
2810618
2903367
2857724
3221254
3313924
3172263
2988608
3812207
3479664
3490741
2922053
3213645
3129126
4063409
2767952
3417369
3425921
2912580
3154981
3448637
3147833
3401250
3662406
3562058
2994653
3086550
2868210
3785100
3233124
2583626
2857694
3082270
3699728
2777676
3496555
3678245
3199100
2879428
2970935
2590282
2622272
2612537
2813414
3420608
3552535
2902374
3163671
3280440
3395595
3062682
2790247
2632486
3274064
3282947
3828307
3343477
3378263
3066511
3356408
3191891
3348710
3123011
3399255
3971481
3058782
2972979
3425760
2826837
2731572
3076736
2734870
2748083
3799766
3215881
3714966
2452631
3008718
2680455
3242626
3330643
3291046
2721055
2845614
3561225
3378713
3490359
2802858
2890856
3096134
3004847
2832150
2919346
2904440
2743210
2819509
3389149
3996623
3587079
3369280
3066039
3739776
3298725
3181555
3002532
3036446
3282645
3227679
3208070
3898710
3152382
3428817
3220671
2595163
2664635
2751762
3138007
3422101
2954724
2985670
2770247
3358613
3526048
3177485
2751761
2902694
3027623
3531942
3387444
2832340
2749025
2691362
2783710
2826877
3339476
2629489
3579661
3301903
3911612
2962192
2981600
2792182
3064595
3315045
3216902
2706930
2902996
3181344
4060911
3477297
3813710
2997901
3329642
3886149
2986352
3179059
3522528
3486680
2925751
3096765
2721286
2586763
3192362
3088595
2999935
2516840
2840381
3341220
3811875
3786492
2987594
2626882
2751551
2853944
3089597
2919967
3423815
3415033
2925782
2920158
3473899
3150999
2924539
2681296
2836119
3518148
3334012
2669598
2458165
2870054
4354579
3029037
3263899
2947175
2959626
3791655
3297311
2684615
2615233
2994241
3428877
2729005
2552317
3032987
3385500
3234105
3538288
3392136
3239749
3319065
4020722
3184081
3024938
3199429
3143701
3240040
3272601
2859648
2590833
2557180
2949060
3395234
2733606
2985641
2983384
2720714
3518399
2522985
3257011
2953580
3743717
3313792
3057659
2866806
3190307
3064636
3518208
3202748
2702910
2888018
3109186
3211389
3134137
2985349
3317772
2805694
2771049
3442772
3215940
2908499
3576924
3834962
3427824
3393629
3475162
3360688
3239318
2902976
3199249
3313141
3483944
3162648
3290304
3138719
3042229
3935912
2980838
3214607
2769996
3374272
3498038
3203268
3294624
2957861
3142749
3185174
3474119
3019955
3271478
2815138
4159596
2721476
3283317
3239188
3171219
3617284
2978382
3108875
3183600
2592767
4162392
3162959
3601564
2971625
2782076
2855839
2963195
3461668
2871167
3325030
3443302
3468615
3048225
3435734
3093036
3336529
3320038
2747020
2793495
3095762
2902414
3625384
2747360
2895898
2661989
2978523
3094389
2782026
3542618
2905432
3617875
3402893
3023704
3288099
3306885
3008306
3248531
3373099
3269363
3187820
3565485
4104901
3324389
2987806
2881733
3147992
2937812
2516258
2798607
2855628
3264751
3557685
2785845
2814737
2721306
2676244
3161927
3239418
3248130
3156302
2916278
3251849
3516804
3138358
3374142
3180883
2914473
3092284
2910444
2511266
2937040
3444335
3711105
3322113
3147982
3839915
3414050
3285262
3285643
3414131
3344899
3426581
3639288
3016867
3303717
3250616
2796612
3514770
3299376
3107100
3334293
3319506
3368056
2748804
2769836
2928910
2886936
2767420
3209916
3037749
2864791
2846656
2961841
3236150
2820020
2742388
2848741
2828209
3273140
3155760
3059091
2542161
2846635
2775168
2757745
3077687
2450535
2839407
3146166
3022891
3417068
2989920
2973790
3051562
2570562
4269156
3096122
3123751
2905802
2876038
4470814
3486549
2777113
2861542
2719892
2992225
3000556
2902975
2677035
2529099
2796862
2693085
2851557
2703741
2826555
2769073
3907180
2710909
2766587
2861572
2941470
2911917
3059392
3132102
2953750
2711209
3426730
3066609
2937460
3038901
3164282
3799905
3127852
2854365
2801373
2764953
3483341
3414631
3153325
3455803
3152693
2858846
2876670
2734087
3235728
3415092
3613253
2445242
3107781
2851046
2566121
2794156
3615257
2731340
3041588
3308809
3459532
2528447
3125676
3336468
3219829
3855352
3062780
3229794
2955084
3579509
3513896
2806616
2787379
2605889
3045116
2912559
2799158
2621017
3115932
3165113
3182296
2594722
3072675
3130689
2987634
2985529
3083130
3172472
3398461
3201403
3264269
3238535
3161605
2966241
2743730
2718598
2901210
2924548
2573971
2634711
2963214
2967264
4230319
3113235
3180031
2763930
2876790
3041527
3098328
2868028
3513766
3321320
3172050
3218065
3743856
2960406
3027663
3660078
2829493
3614386
3400146
3549766
3415864
3125566
3293341
2802626
2932548
2671752
2766096
2962572
3275186
3096925
2873713
2482003
2932678
2689697
2892880
3155550
3032235
3168512
3099200
3109195
2697255
2889261
2794356
3468003
3703666
2720162
2884429
3018902
3295737
3055904
3277581
3035212
2770718
2655041
2877271
2844620
3216682
2956026
3337951
3133445
3235287
3047051
3573906
3194035
2751089
2938553
3430320
3197454
3445979
2747901
2934453
3062369
3065868
2645788
2824380
3462560
2909240
2994842
3570156
2791248
3524714
3328127
2859186
3160602
3368487
2984356
3266805
3467211
2786878
3124573
2745205
3448565
3046701
3121045
2991804
3686684
2720884
2808891
2692413
2961119
3478289
2866655
3067843
2671853
2966121
2837683
2716964
3064114
2646811
2628946
3561905
3323616
3346543
2772732
3256319
2974522
2685095
3154077
2561820
2893591
2937992
2830235
3067552
2519465
2880840
3247357
3118749
2850074
2892468
2572216
2436260
2733686
2709355
3625293
3065206
3458730
3000516
3496574
3677441
3124412
3284358
3054459
3473436
2581218
2825684
3287677
2781835
2821313
3409549
2667732
2784752
2949430
2656885
3498037
2936858
2512167
3471432
3250565
3154949
2910804
2511306
2789644
3382341
3325350
4341966
3143520
3389710
3341510
3025207
2990271
3469898
2429112
2787138
2778617
2546483
3896624
2791889
2857341
2738738
2669547
2917090
2695321
3081958
2608787
3137726
2771269
3034440
3479392
2913180
2937149
2687982
3639568
3694062
3265421
2978040
3232229
3157244
3208110
2640946
3063251
3283928
3259628
2871677
3312047
2807819
3835523
3438660
3290664
3132732
2989047
3273972
3224651
2956396
2610851
2652324
2998230
3083962
4138080
2885220
3317068
2924206
2801021
2841291
2980015
2926623
2808631
2492939
3050299
4301214
2951524
3450138
3027131
3348857
3219517
3161875
2972586
3163118
2880268
2998761
3941624
3035712
3420635
3139429
2783107
2867445
2741885
2652675
2863296
4037502
3591648
2488989
2877672
2798565
2692172
2649637
3072223
2862033
2518964
2710227
3136452
4050454
3250895
3172251
2711600
3064052
3149635
2751800
3061115
2612795
3197172
4765874
3285711
3664037
3464253
3160592
3100593
2881992
2791097
2818906
3584902
4161108
3009067
2732833
2936486
2883275
2821081
3283857
3298964
2970391
3016545
3602917
2826133
3090879
3453907
2969448
3724036
3351443
3367653
3137995
3246012
2790475
3860112
2738186
3201913
2948356
3189173
3472704
2879195
3357699
2951825
3520413
3463551
3265181
3984260
2908989
2987643
3526747
2611592
2614349
2854143
2829442
3589412
2590862
3169253
2931385
2864829
2777223
2916357
2749304
3195678
2768220
3092273
2671732
2509871
2660194
2811578
2801713
2888808
2896849
2617377
2486904
2425723
3346692
3637873
2826695
2684553
2604866
2631111
2946582
2935264
2861561
2571513
3079781
2808681
3792195
3109616
2761594
3121064
3228269
3151439
3287234
2655982
3903419
2918281
2906402
3831763
3050820
3028725
2715160
2956737
3461867
3305049
2822515
2797263
2837201
2766546
2895074
4102612
2775679
3246956
3077125
3205352
3575879
3175989
3142647
3108613
3271576
3759143
2833703
3205492
2945449
3087170
2991363
2797553
2822325
3334382
3455441
3706202
3690753
3347665
3337970
3218585
3550005
3171539
3039622
3086298
3803964
3515861
2985609
3163098
3383503
3276559
3030148
2751749
2810846
2905219
3422710
2877571
2876659
3007112
3239477
3329891
2660684
3042539
2892960
3161373
3507259
2931985
2958320
2670248
2841331
3116051
3207969
3198596
3135470
2867696
2807026
2808039
2919023
2764681
3582415
3008054
2918281
3125936
3234885
3178095
2758116
3137715
3036314
2727590
2889961
3394931
2725726
3059271
2908989
3111159
2954962
2910021
2688975
3051652
3198435
2611343
3043652
2712082
3799593
2925670
3143068
2940737
2955454
3081215
3531740
3449927
2848850
3106277
3746813
3272719
3019503
2905931
3119158
2929850
2967824
3254534
3832895
2838495
2855446
2640925
2571103
3024415
2780331
2743490
2679330
2881440
2637768
2810225
3153604
2682849
2789814
2798365
2645226
3044514
3459952
2769955
2641046
2936577
2863376
2913991
3034810
3224870
3163800
3076955
2912838
2811577
2486553
2509129
3291615
2898062
2878544
2514753
2838634
3046109
2629116
2948066
2748632
2628114
2691491
2822485
3212350
2985829
2760271
2957599
2817482
3044134
3014871
2668534
2894151
3620449
4519593
3245822
2550802
3290722
3413486
2891435
2972616
2961849
2744331
2794575
2793843
3097885
3105284
3639516
2932206
3198264
3491811
3274092
3177312
3070748
3097856
3238804
3605261
2814514
2878583
2930301
2904618
3011552
3135479
2590009
2757773
2849701
2398575
2780841
2915805
3187718
3005667
2923684
2619341
2603152
2663932
3535518
3321889
3335814
3013316
3008214
2969679
2858232
2554430
3095309
2888477
3007722
2577829
2466955
3473595
3404364
3021185
3150966
3181342
3127268
3159989
2788891
3530406
3262613
3129253
3056573
3373497
2637696
2808549
2494032
3114246
3211977
2788219
2956446
2781683
2968525
2696984
3347543
2850143
3368936
4134821
3658352
3254082
3184079
3118647
3107540
3389748
3336075
2841020
2835818
2594630
3429516
2931795
2721885
2909739
2793592
3327604
3089445
2837952
2802264
3016935
4042142
3166415
2932978
3208158
2979523
2816409
3040262
2796770
2473230
3002249
3047020
2836509
2899365
3698231
3195908
3095791
3656417
3187447
3194314
3388604
3571397
2865992
2937379
3095670
2803578
3276598
2839406
2704743
2807297
2865631
3062799
2644564
3208589
3308346
3042488
3472172
3190986
2834063
3231988
3839571
3376675
3148631
3538987
2839637
3564380
3427481
2796299
2644815
2909991
3815782
2973468
2977277
3245391
3203186
2961528
3034469
3058177
2980745
2881851
3022038
3301109
3107379
2723339
3103569
3111148
3383081
3145644
3208499
3627576
3127528
3143127
3236689
2764721
3208890
3169733
2611462
3035341
2947875
3066929
2614679
3106607
2910462
3193823
3631977
2887615
2768971
3361017
2676833
3549984
3543508
2818213
3125684
3147980
3421466
2963864
2777603
2825933
3251626
3081224
2695299
3123579
2921740
2656523
2898192
2545609
2737083
2891034
2576656
2858934
3444473
3494798
3088132
2946962
3139719
2860087
2886232
2657365
2965879
3279164
2639892
3514547
3082547
2939263
2957999
3045686
2873410
2694948
2793282
3070117
2575974
2639080
2636744
2933288
3190525
2819457
3260307
3137013
3158766
2761272
2717143
2833381
2554832
2710427
2802725
2617777
2679110
2901760
4096055
3703263
2820901
2909339
3082798
3244819
2776551
2909349
2926692
3428444
3184680
2590671
3147378
3085776
3124722
3341960
2700502
2492377
2541819
2641407
3054237
2861461
3295795
3129764
2947905
2945498
2770826
3276027
2547564
2464107
2637948
3028153
3428895
2733203
2924476
2670758
2803487
2866944
2937779
2508537
2645085
2762065
2389433
2804449
2765473
3001106
2943544
2647682
2772019
2635752
2999772
2587492
2953178
3232749
3704847
3076312
3495940
2944857
3097755
3552340
2730407
3039020
3027551
3247926
2644494
3097615
3671384
3286682
3702752
3067069
3184971
3310130
2922591
2774114
3008054
2897660
2816028
3418168
3191968
3179918
3093785
2950971
2797662
3356695
3370279
3428754
3520881
3127428
4039415
3895939
2730707
3178725
3070928
3079189
3591195
3405797
3684997
3376394
3148831
3251756
3067720
3696807
3220247
2896176
2993045
3547899
3830307
3000614
2771969
3030699
2827566
3067450
3541773
2643100
2580585
2548616
2649405
3656496
3210473
2970459
3175688
3126556
3341959
2588224
2988865
2951432
2930811
2947312
2969878
2671741
2682096
2713233
3248768
2599692
2704080
2640352
2817330
3412282
3448792
3243976
2911975
2954631
3151227
2579091
2912125
3010088
3177091
2673505
2868026
2758004
2812208
2660372
3099298
2718045
2686787
2929708
3547046
2608384
2795246
2619973
3046698
3339212
2996183
2823065
2625566
3492421
3556960
3202383
3079660
3273690
3154304
3388032
2802223
3408774
3358560
2853200
2529519
2753302
3097062
3787821
3509753
3491158
3036363
3053776
3200649
3216248
3357658
3004243
3228307
3802488
3019992
2810965
2617517
2919784
2920005
3520059
2928856
2921920
2748099
2730236
2848327
2999772
3181361
3033405
2631461
2726155
2726486
2600735
3236047
2695699
2945327
3162926
3703303
2983061
3288577
3615756
3472842
3196609
2910572
3639244
3387842
2970921
3155357
3194323
3147988
3162925
2854593
2849199
2617115
2965006
3218885
2754395
2867956
2637896
2820879
2677856
2525860
2903945
2992885
3954815
3409054
3216578
2863395
2883885
3249170
2661746
2703338
2799075
2800058
3112231
2918060
2859655
2929939
3033997
2923082
3224759
2711840
2683730
2735138
4104786
3411360
3541652
3763922
3757597
2966610
2784208
4099954
3341026
2925679
2981096
3160710
3081755
2856237
2672442
2948014
2693374
3322530
2753142
2985316
2618188
2666768
2603321
2828779
2514151
2912857
2823767
3390359
2865379
2573036
2674507
2755978
2916476
3304646
2913899
2629927
2632985
2617797
3024614
2595903
2588204
2848829
2977316
2790104
2776079
2691218
2409281
2551272
2865530
3246212
2942681
2917458
2935764
3254873
3544469
2628965
2695690
3138094
2828718
2790986
3294030
2977347
3434608
3128180
2959202
3026308
3241299
3331903
3791791
2779206
3026428
2671350
2988825
3451409
2632804
2914090
2899274
2945217
3084421
2899163
2983201
3664567
2824809
2965617
2654778
2657736
3068593
3680045
3023751
3051631
2664593
2913468
2799948
3062357
2490332
2999491
3156028
3025315
3641941
2651290
2898702
2977116
3494275
3392243
3016092
2576275
2800709
3493202
3844983
3925843
3526556
3445365
3296004
3523508
3097985
3256959
3540339
3018408
3050968
3095860
2991391
3048843
2960545
2896055
2834002
3640828
3173963
3430678
2892075
3142245
2808338
3401706
3325117
2974690
3610924
3070988
3008704
3111438
2960354
2894291
2790023
3285048
2911815
3111298
2940085
3074377
2813681
3170113
3243926
2722064
3262431
2958870
3081212
2942249
3234763
2851885
3313147
2964314
3004142
3886696
2994258
2851635
2715498
2947342
3226452
2725132
3013335
2751838
2590518
2976273
2977005
3280175
2951983
3194773
3803680
2911533
2924174
2803716
2834853
2871533
2874000
2645776
2544796
2681855
3156128
3122806
2852758
2927783
3255534
3278140
2964153
2492978
2857078
2609656
2890722
3369025
3133211
3379400
3522915
3146394
3551897
3212327
2714004
2924154
2968564
2628413
3148279
3018919
3008102
3331803
2980444
2937046
2982358
3707402
3110495
3374819
2797541
2997536
3810888
2664603
2665193
2910009
2961617
3793585
3958573
4003264
3309748
3188548
3752854
3000442
3483418
3290080
4011976
3140420
3951276
2983361
2970449
2769803
3084832
4039945
3004784
2737643
2984042
3051248
3268245
2627971
2972514
2890331
3276295
3488821
3464831
2829169
2681243
2847244
4109065
2925106
2990579
3063339
2728791
2687549
2940655
2535874
3059228
3860911
3280385
3149732
2952535
3189741
2964744
2900475
2711639
2633214
2928234
3587205
2684211
2757131
2601997
2598288
3185070
3171225
2881228
3469975
3553551
2949116
3266331
3063710
3426076
3679102
2824157
2783998
3373356
3342429
2602648
2784368
2685835
3087628
3285598
2779847
2823625
3689176
3077333
2806082
3394137
3273759
3331051
3639754
3064491
2765462
3089012
3474356
2698997
2780228
2713864
2594268
2945307
2770033
3045815
2666286
2851785
3248296
2835405
2597055
2636934
3081844
3027188
2964414
2445329
3096220
2612413
2850071
2570279
2695509
2664793
2486281
2608684
3271283
3040362
2772980
2607801
2513839
3072050
3360614
2525959
2721804
2649505
2631119
2657725
2609937
3387680
2604022
2671820
3081464
3122094
2634518
2989526
2911834
2874351
2773933
2705894
3322921
3073163
3290761
2458231
2973246
2749322
3214593
3167045
2719488
2933117
2724370
3062366
2489619
3167777
2869399
2575251
3170744
3280235
2540495
2714254
2853870
2986379
2739317
2915583
2828427
2598348
2653635
2929227
2686236
2444638
2943763
3455539
2991471
2707097
2647380
2795816
2566980
3193380
2536425
2717774
3287333
3568759
2779887
2986689
3209400
2867153
2665524
2981526
2412589
2605867
2688832
2665805
2457580
2705894
2730776
2674577
2695669
3116450
2897568
2856748
2964163
3210463
3671583
2805852
3305407
3026707
2697744
2589376
3417445
2913608
2582559
2873268
3014498
2898731
3638482
3058146
2731818
2903273
2870542
2455575
2902441
2766304
2889499
3369014
3535065
3190633
2948063
2992764
3132069
2759757
2857058
3161421
4631318
2970329
4234055
3567907
3314500
3754137
3571295
4041087
3223425
3407399
3613810
3671202
3011009
3443930
3178143
3248968
3311533
2832057
2671549
3559366
2948525
3218663
2763858
2802242
3123087
2936635
3550373
2627561
3050216
3121622
3308474
3725005
2716369
2990277
2405300
2537788
2421369
2738504
2783275
2643289
2946199
2980122
3370117
3352012
3427378
3483959
3563325
3343150
2956473
3463006
3381385
2930760
2713533
3342037
2979420
3083126
3534834
3175325
3019088
3557881
3653698
3055618
3325716
3100038
2775535
3537671
3048020
3163685
3674991
3074516
3192548
3144960
2705041
3175575
2498060
2872506
3392753
3469031
3552418
2603029
3152919
3171977
2897848
3263041
3007800
3263052
2890471
3028602
3085773
2697653
3020933
2794794
3031870
3007340
2531603
2632341
2886751
3702138
3105442
3158573
2953707
3363420
3345405
3037403
3225860
3350589
3318228
3222752
2902460
3211344
4199178
3048020
3007951
3018136
2927441
2594197
2936554
2819194
2995330
3310148
2725231
2521578
3061062
3215614
2981756
3192889
3118384
3195736
3424030
2960914
3215343
3226782
3058195
2676120
2763276
2731116
2842331
3216647
3144970
3494324
3530102
3182402
3016672
2761191
3021755
2872395
3031860
3106966
2802533
2600162
2907011
3827177
2963370
2992271
2921607
2830031
3568066
2817380
2462642
2913978
2827745
2934459
2863353
2972543
2731206
2795976
2663108
4025658
3047248
3463408
3219404
2749852
2587280
3602732
2889858
2934158
3488350
2651429
2464637
2626748
3457965
2710796
3177279
3125983
3254000
2627079
3009936
2445309
2533227
2758975
3146213
3540238
3571545
3198633
2793952
3205028
2950158
2732469
2883262
3119637
2683829
2526661
2569596
2818742
2738383
3081162
2971571
2653855
2591982
2550940
2498630
2456857
2856305
2506951
2816397
2685153
3869833
2486251
2741341
2755346
3406887
2902420
3156157
2889618
3190943
3359030
2642136
2476366
2905738
2798142
2870731
3262942
2966087
2931251
2808728
3051970
2907402
2783506
3174082
2996613
3437303
3429985
3058386
2953265
3514914
3138343
2874891
2956103
3181320
3855728
2645976
3470354
2856415
2994678
3026507
2789110
2639930
3109632
2912745
3012060
3076991
3206592
3319743
2836857
2980512
2938469
2869768
4278714
3143787
3336664
2657444
2647178
3061082
3145170
2630558
2640061
2964664
2883413
2549085
2699086
2553727
2817089
2789079
2739738
2664942
2771235
3129451
2873578
3308043
2584363
2441930
2454180
3145260
2625786
2633374
2983751
3803067
2806432
2973445
2657584
2798893
2752579
3018416
3007058
3125693
3597168
3264396
2734073
2992453
2868245
2756829
3096530
3135686
2636592
2950559
3167736
2842481
2970909
3567224
3312755
3128239
2946679
3042246
4106779
2886591
3179395
3111016
3426095
3036742
2884996
3108349
3256997
3571285
2692119
2981996
2947541
2886290
2967000
3060460
2569296
2817921
3467638
3267583
3349405
3185299
3073403
3727430
3019118
3224707
3466284
2988192
2804809
2856697
2658085
2602157
2990106
2846711
2599540
3262309
3531707
3263552
2467664
2827193
2631589
2989675
3079357
3142633
3249488
3147154
3233228
2886369
2855603
2922418
3434094
3261988
2824686
2709111
3047588
3313275
2790752
2988251
3117440
2984401
3227423
2579771
2670916
2832908
3503175
2647248
2991881
2813048
2662887
3078785
2793871
2736308
2548624
2733270
2877558
2956794
2888515
3038185
2784688
3114674
2646656
2704369
2631830
3411950
3543905
2785660
2941606
2908043
2671849
3074695
3087738
2693863
3259653
2894359
2987820
3303441
2751195
2833168
2781380
3082434
2929276
2570167
2750313
2644080
2735637
2614868
2790242
2696479
2784096
2844466
2754744
2401089
2487051
3041583
3365865
2461939
2879112
3207764
2947570
3047638
2963540
3128859
3332623
3495777
3033914
3131244
3244876
2785921
3120409
3214110
2551562
2816546
2948423
2933545
2509808
2844987
2799154
3505220
3484378
3220516
3151575
3306399
2893778
2542869
3305245
3350257
3033624
2907602
2461388
2596813
2849027
3278950
2557666
2750383
3118695
2938558
3054625
3002276
2503572
3194462
3554652
3158142
3579082
3229347
3181088
3373354
3186241
3244586
3280103
3726016
2942398
3481782
3040059
3510152
3572757
2840797
3360763
3289286
3254209
2856706
2732639
3220415
3012952
3313366
2714274
2992051
3343049
3013424
3016221
2838140
3163745
3494894
2730865
2685492
2877498
3186081
2757550
3141320
2716088
3059999
2803986
3390286
3157870
3167936
3086264
2715266
2853238
3258760
3210100
3565038
3251834
2888294
2895372
3735450
2962798
3219423
3024450
3169539
3115756
3171906
3500068
2957676
3061262
2807805
2940915
2726464
2996502
2845488
2713362
2603510
2569195
2664972
3911004
3022807
3441552
3485813
3296243
3177730
2540174
3091817
3092068
2759245
3272064
3000842
3075417
3225608
2959631
3013403
2830842
4553814
2914439
3318979
2898198
3408501
3478524
2970468
2598327
2658125
2806291
3178713
2652079
2694083
2923992
2727186
2560974
2783043
3038265
2729582
2720368
3872759
2934970
3355269
2841909
2909166
2964563
3205298
2520093
2639268
3747359
3173800
3142694
2712890
3197960
3488709
3228907
3251964
3112128
3592165
2713692
2939590
3093091
2958528
3066234
2883914
2697522
2790823
3279803
2645684
2484446
2719316
2672020
2705983
3137982
2809580
2650566
2711597
3270108
2940514
2844506
2878119
2942779
3009885
3441122
2769600
3067427
2686836
3149230
3799678
3401664
2954458
3402596
3344161
3143796
3035658
2931681
3421543
3572316
2774522
3278640
3147766
2951280
2929286
2705723
2590076
3119496
4102637
2587901
3234260
3329214
2946428
3087216
2911080
2861057
2694244
3096329
3266379
2661183
2806542
2562308
2737291
3010637
2981435
2657644
3557539
3901711
3314669
3222580
2736799
2821097
3149891
2737401
2447003
2769831
3384431
3422475
3660173
2825468
3094333
3266730
3360561
2618185
2569164
3526843
3322317
3027558
2981635
3190982
3127996
2825127
2683207
3018976
3423117
2869948
2796897
3279060
2728749
2978376
2871311
2527451
3404460
3541017
2892193
2461999
2697562
2866269
2688098
2999850
3239242
2762191
2591830
3071927
3398194
3110312
3562791
3171664
3147203
3735278
2734673
2874098
4001467
3116307
3107836
3354366
3200315
3246339
3279932
3032620
3041111
3018415
3249988
3316171
2524754
3065091
2678395
3044961
3905429
2978396
2910388
3181108
3345665
3012772
3075095
3480518
3104107
3678227
3053933
2799874
3526631
3653636
3498683
2916192
3089592
3043006
3609989
3122032
3030906
2836456
3347479
3623341
2978897
3111786
2720839
2748387
2645493
3152998
2605123
2804085
3322227
4682862
2692960
3259611
3611672
3613216
3161419
3780550
3075667
2952923
2977975
3452910
3205047
3127585
3027518
2884735
3484187
3481089
2800877
3265577
3100779
3303881
2928212
3002436
2709892
3023217
3282559
3427587
3228344
3325905
4341207
2801218
3058955
3418815
3510121
3191934
3036018
2799935
3129590
3047196
3114262
3038134
2856344
2795424
3354667
2946186
2811664
3420860
2822200
3477420
3146202
3487997
2790853
3314237
2980602
3530783
3424881
3069422
2821859
3170501
3025192
3287109
3230249
2770452
2826020
3268474
2706093
2835723
3137289
3729093
3087867
3119154
3013733
2462220
2713672
2954738
2652811
2515491
2569205
2741500
3057482
2776627
2360067
3056208
3187473
2844204
3502352
3760912
2724488
3138622
3298598
2898468
2528092
3204746
2962036
3762436
3106393
2603309
2544884
2847683
3428339
3204365
2738182
2946838
3151344
2802922
2746513
2698565
2426221
3011338
2828425
3281666
3317205
2853447
3062775
3119655
3120708
2980582
2725370
3537238
3662328
2812216
2824887
2760457
2876414
3147766
3249156
2882800
2621795
2769610
3172596
3184877
3978770
4129794
3130553
3627521
2935019
3146662
4119579
3361313
3195763
3053422
2869838
2715025
2950107
3227242
2651428
2785710
3448538
2874229
3043808
3177429
2971710
3172286
3246027
3015408
2685883
2792697
2974797
2494860
2968673
2868033
3011689
3095556
2703205
3236214
2915551
3445431
3163384
3296653
3040550
2970667
2831132
2677462
2805458
3098714
3544556
3292363
3131144
2959890
2963088
3027488
2793940
2582256
3124839
3179875
2851071
2639749
2757781
2994707
3062926
3358687
2666846
2844926
2603519
3712843
2787554
2789920
2690615
2744257
3335559
3188025
2858671
2768216
3069972
2970737
2809048
2883983
2822480
2839362
2847282
2659237
2790622
2879672
2858971
2732679
2823824
2909937
2990145
2855251
2642526
2568433
2593624
2775604
3485851
2544784
2750774
2610105
3116348
2851503
3052460
2560974
2582036
2872284
3327930
3485390
3628314
3028530
3251903
3073722
2778400
2504774
2537776
3075847
3512106
3289104
3108839
3072538
3165127
2998866
2977112
3327710
3914089
3002746
3174501
3198239
2949996
2940843
3111345
3373904
3230309
3626338
3438944
2820886
3258127
3147664
2734402
2777529
3138300
2762672
2785659
2821317
3009452
3448227
3381081
3356340
2907571
3134943
2706603
2771884
2713330
2960451
3484848
3439807
3944245
3244363
2947540
2786270
3870261
2661562
2591860
2683055
3981125
3378114
3321104
3547513
3363067
3490151
2951378
2732237
2819843
3343709
3180676
2836304
2995318
3072859
2808927
3027767
2848244
2800736
2973253
3059176
2590035
2732658
2653542
2947339
2858479
2981033
2467983
2688740
2933745
3056518
2483832
2803403
2969574
2957113
2991368
2626525
2520974
2897115
3505750
3232193
3475395
3295199
3031297
3555322
3327810
3124156
3354996
2971087
3528456
2417167
3003577
2668970
2893055
3038043
3272684
3452999
3231250
3925257
2926036
3190029
3064318
2656660
2818901
2623929
2852324
3084387
3643811
2904051
3219392
2783755
3098893
3061862
2796566
2775915
3367688
4110956
2694133
2921535
3196074
2812455
2805308
2649462
2452535
2904152
2930026
3969797
2913455
2880805
2812154
3388409
2722292
2568161
3138752
3419817
3066254
2816866
2819282
2736678
3202591
3218780
2913916
2898589
4000914
2946106
3428007
3209427
3097189
3148436
2817979
2655386
2709510
2837357
2866339
3557077
2957665
2636069
2746592
3127113
2628490
2477247
2599398
2695907
3262759
2750893
2970085
3003417
2655197
2976401
2929785
2875982
2820596
2789438
2970055
2653822
2881075
2887691
2754421
4140249
4221620
3941337
2953815
3714476
3948264
3103284
3186380
2999177
3114994
2941976
3009583
2875601
2615277
2698814
3283520
2954045
2618496
3034875
2718492
2841837
2807613
2903280
2656920
2742262
2743856
2829096
2708999
2682755
2589995
2497646
2812546
2918387
2607558
2847732
3132617
3337123
2675115
2816705
2699114
3240193
3115294
2796526
2620431
2855843
3130301
2800555
2986446
3381823
3260172
3186149
2996200
2789528
2702584
2952833
3588264
3242629
3348520
3399968
2952833
2993252
2850770
3130061
2620019
2811412
4081082
3156486
2942897
2835332
3341514
3726957
3144797
2894258
2813758
3243151
2943780
2842059
3033742
3455214
3348260
3069391
2661903
2504944
2546848
2937936
3371147
2519872
3068779
2877135
2463713
2635748
2739134
2641392
2985072
2997603
2526628
2651938
2761359
2788897
2828545
2690383
2713140
2570577
2935900
2911681
3018676
2567610
2725149
3009082
3063486
2843261
2879922
2695767
2872404
4044181
2829527
3259410
2892603
2868003
2872243
2953665
2616029
2666765
2932512
3126723
2681271
2745319
2743926
2779834
2879641
2860996
4154655
3249576
3400339
4106405
3194901
3571643
3087937
2866479
3690236
2979448
3377211
3779957
3003948
3098031
2873014
2866538
2999868
2849386
2772195
2660198
2797738
2953364
2602966
2646915
2685050
2920772
2837777
3470923
3173648
3110883
3079515
3408899
2709360
2822971
2682654
3090011
2739514
2986996
2571549
3044739
3117208
3444428
2985232
3589587
3329734
3081390
3293394
2676519
3240132
3341122
3243812
2896342
3130531
3165206
3081880
3095936
3073440
2879160
3035777
3631359
2733048
3124787
2762862
2984470
2866889
2948230
3234699
3223100
3506020
3465580
3413471
3012129
3093550
2995908
3106903
3093219
3827394
3063585
2578776
2709601
2800144
3001481
2670453
2688498
2714963
2800425
3168425
4679802
3230368
3253154
3289174
3492727
2935760
2657071
3108998
2689882
2832625
2695877
3030754
2828303
2592551
2912000
3575782
2984340
2580551
2720397
2858499
2736467
2501235
2843070
2693520
2732557
2854679
2722492
2505866
2601463
3511784
3805069
2621904
2797668
2714853
2821998
2740878
3247561
3037241
3262126
3729291
4118183
3152095
3020650
3413150
4010988
3079836
3223832
3443776
3204534
3134861
3100476
3032188
3021020
2714101
3309223
4053764
2765909
2556932
2676087
3508095
3029401
3162530
3234298
2943188
3602859
2870388
3178470
3128055
3480546
2871901
2918677
3086192
2929344
2892904
2701741
2798751
2989673
3651880
2708788
2943639
3291659
3138791
2971408
2978926
3465519
3304842
3343417
3517578
3450683
3446633
3125519
3253605
3227591
3153168
3342325
2962545
2535780
2905775
2913043
2593172
2727835
2828153
3079555
3438242
3142059
2910978
2881366
2836293
2944531
3415866
2859400
2663757
2820464
3124176
2856193
2675065
2710292
3092648
2807733
2978405
2927469
2590766
2961814
3623991
2997141
3276031
3022925
3050002
2988480
3079515
2667386
2728165
3153738
3995009
3127103
3010063
2964300
2855401
2717269
2936712
2653672
2571619
2482298
2927830
3044258
2722693
2662705
2722291
2639747
2843090
3407055
2604882
2844965
3909687
2708838
2655286
3011457
2875300
2724787
2772055
2611659
2483792
2693410
3117098
4173079
3130792
2868663
2888282
3113249
3249706
2748978
2729810
3646187
2788976
2763573
3177768
3109690
3384088
3144215
3158490
3249184
3565547
3147153
3352801
3478071
3127554
3624532
2712136
2612289
2895430
3247250
3443776
3184825
2640329
3359196
3082232
2778170
2601664
2820444
3000520
3513017
3024308
2731865
2710483
2711525
2898026
2761950
2741760
2810330
4384362
2782040
2956040
3047867
3040929
3135243
2739433
2788595
2623608
2779543
3367688
2589985
2871962
2957122
4500699
3453800
3955340
3038503
3417802
3914530
3463745
3680190
3054193
3126300
3230288
2795823
2712939
3342946
3462020
2783654
2843702
3085109
2880062
3020409
2859832
2496634
2678754
2581333
3005883
2830479
2634053
2801227
3218679
3016499
2742411
2797116
3024418
3438452
3020218
3365260
3289634
3193696
3479213
2822188
3219621
3564313
3348850
3226849
3161978
2947047
2929273
2834549
2877575
3289143
3578067
2899710
3350073
3152365
2739343
3511332
3314926
3100366
3520123
3348850
2679024
3241906
3220343
3544083
3339277
2954004
3138550
2869044
3729492
2560291
3111233
2997772
3123764
3439434
2982334
2708978
2698994
3443705
2621602
3286997
2854789
2679756
2778320
2903219
2640829
3073098
2836473
2965583
3345953
3372408
3082251
3469027
3298977
3625164
3590197
3704359
3650486
3483944
2857766
2670031
3168544
2653541
2542085
2754371
3067966
2589673
3004940
2975708
3099744
2659335
2675465
2913163
2721700
2816273
3173627
3021341
2966495
4403598
3169567
2921634
3353902
2965603
2929042
3035015
3178088
2841887
2970786
3265354
2972961
2574245
3032368
3178650
2686192
2688006
2977542
3145147
2629441
2758741
2821797
2991116
2487050
2668969
2989982
3233775
3498079
3131222
3056387
3116065
3629654
2834809
2962756
3193155
3303348
3212223
3043786
2446289
2873094
3121027
3101619
3370213
2806940
2731634
2775332
2831772
2721729
3100636
3066302
3278386
2631897
2491209
3001060
3067685
3220573
2835370
2673690
2488262
2611367
2623256
2868101
2609041
2685259
2681971
2771342
2912451
2902516
2657390
2708728
2617412
3048979
2530467
2804364
2904682
2987075
3183992
3047605
2666904
2757388
3438622
2611317
2932892
3657644
3178018
3145889
2849947
2741448
3039094
3096857
3229405
3548434
3055154
3229184
3265184
2833977
4136738
3768378
2871099
3035165
2948751
2927177
3300511
3124135
2559429
2947357
3275870
2652920
2628689
2762911
2717920
3283008
3287669
2831030
2810770
3043324
3229775
2537584
3063124
2656489
2752596
2783262
2644990
3071695
2522657
2524843
2982835
3134630
2693951
3006905
3036347
3105217
2903138
3469238
2894527
2864081
3804527
2988579
3332239
2633512
2846979
2958505
2977703
2881895
2829005
3068948
2893966
2714442
3310816
3229335
3078081
3021010
2647035
2778250
2698863
2997191
2451953
2917313
2605973
2801307
2865465
2752245
2590705
2755272
2672819
2836865
2746932
2687485
2568952
2635877
2833636
2542626
2963186
2643506
2562737
2671836
2492151
2715003
3015075
2367975
2765669
2707033
2877905
2742350
2852974
2757368
2596911
2999587
3220854
2700307
2778079
2946596
3223641
2922917
2807542
2711805
2632579
2939027
3174189
3548754
2838488
2518888
2611397
2987647
2884272
2561032
2921393
3087334
3186850
2869114
2545504
3147522
3069841
3250738
3215901
2751753
3088657
2939388
2796605
2638975
2991166
2697961
3167723
3452466
3479543
3072508
2826258
2948490
2736406
3011887
3251780
3379064
3514169
3103013
3320079
3263850
3352559
3499974
3310144
3105298
2915268
3615248
3229315
2902887
3010644
3235329
3055455
3479142
2926506
3597975
3040437
2892191
3385781
2974324
3233455
2637621
2735132
2573954
2540100
2792685
2895388
2970705
2996679
3516535
3054943
3097037
2967787
2702521
2594855
2765507
2986383
2596339
2715664
2922606
3100917
2798349
2900090
3431734
2934786
3371074
3019475
3026833
3104475
2783201
3197665
2670412
3034702
2725999
2807481
3103192
4677083
3118419
2966865
3466039
3001882
2813115
2796735
2754200
2878927
2831039
3077820
3092486
2925543
2721108
4330456
2611747
3354654
2745067
3020708
2912130
3065088
2649461
3013751
2808774
3313201
3395134
4070895
3075845
3412727
3939179
3063354
3286185
2751363
3508394
3039233
2809215
2951327
3217224
3403595
2625681
2956409
3437599
2693690
3342273
2808994
2916099
2828172
3195290
3029731
3374413
2840002
2931217
2821245
3040898
2801837
2774921
3021269
2486597
2928832
3491261
2680828
3235860
2496111
2642453
2564320
3400607
3610035
3434943
2687745
2653149
2768084
3553014
3664259
3203571
3315888
3442571
3126611
3323136
3048737
3160273
2511339
2597141
2901193
4271420
2687003
2741748
3302906
2848572
3047394
3014402
2746249
2469495
2814589
3287388
2748997
3356258
2580209
3426592
3572593
3359657
3550829
2757558
2700376
3265954
3136986
3397600
3517336
2991756
3479442
3203480
3395595
3591680
2968760
2791131
3022993
3301191
2954043
3550718
3298285
3368057
2934495
2829676
2674653
2513434
2435612
2700457
2586114
3457779
3150870
3309292
2835571
2781387
2822208
2820734
3137366
2953723
3067634
2994183
3596452
2655876
2448063
2889424
2677830
3038523
2945422
2713078
3094742
2438559
2706602
2615396
2850929
3253253
2841144
2599587
2895990
2602203
2749066
2592069
2940029
2797597
2652328
2611677
2688286
3381179
3285653
2784996
3115904
2849084
2802148
2913663
3499382
2626574
2507970
3127983
3284531
4088649
3004378
2936450
3158037
2725548
3406341
2837937
2909032
2734822
2827701
3346053
3570017
2743352
2687193
3108916
2910937
3079494
2794579
3011706
2534757
2855690
2824012
3663236
2751513
3067715
2838107
2930535
3060536
3147882
2532432
2927508
3045058
3654867
3508063
2669370
3093879
2713358
2754721
3575921
2581182
2856272
3226547
2757998
2990132
2578225
2625762
3233524
2955367
2711123
2854618
3009401
2362551
3028598
3032848
2851179
3211500
2941212
2481285
2627646
2745929
2492071
2980790
3004037
2713469
2901764
3006934
3418321
2640177
2697388
2662863
2655365
3860404
3204894
2877454
2714100
2502026
2839310
2833746
3061037
3262977
2510698
3036537
2586294
3263358
2820202
3131843
2643275
2965101
3345381
2825125
3476225
3277192
3556944
3555350
3245604
3310946
3193274
2941412
2697509
2418700
2846337
2822368
3819373
2713278
2877865
2849144
3216151
2753227
3243248
3036869
2597752
2700707
2770068
2554315
3156865
2788885
3017740
3192412
2998473
2910606
2795070
2543257
2909353
2677218
2634233
3637181
2900450
3525235
2832993
3300579
3199069
3058160
3257062
3156313
3089347
2515669
2721177
3238727
3209184
3347135
3859321
3205113
3400246
2886606
2862315
2783391
2778178
2998132
2912881
2954153
3149937
3101267
3426431
2518646
3223249
2925172
3282374
3222777
2793746
2705899
3262886
2891077
3300028
2790448
3565745
2995344
3064035
2667515
2725508
2919708
2898977
2759672
2514847
2584359
2463510
3122019
2648898
3335455
3198086
4018855
2735563
2954193
2882857
3150990
3266866
2889594
2853936
2517504
2789947
3018783
4410433
3430701
3111171
4068799
3223128
2828522
3488955
3128133
3985272
3141486
2673459
3612681
3481948
3511591
3369781
2545062
3237694
3002804
2912048
3164393
2966383
3301872
3119512
3374562
3281632
3554176
2903999
2733427
2669058
2606825
3172031
3112815
3073137
2539698
2779240
3003264
3037119
4997083
3428275
3134027
2849374
2752103
2397928
2985440
2994293
3388176
3224241
2962904
2660267
2649440
3417108
2781256
2787451
3004478
2626393
2722671
2733327
3198768
2528160
2582665
2707614
2700095
2612729
2671354
3607639
3296489
3367184
3075063
2889152
3529926
4462020
2754078
2553813
2890225
3253243
3957874
2721277
3079724
2837564
3162107
2990022
3613162
2685118
3181355
3608791
3513917
3689851
2926986
3130159
2839900
2759743
2755732
4290266
2842367
2882315
2717317
3761809
2836572
2730660
2912108
3070571
2705809
3277632
2597682
2519989
3052105
2966915
3738452
3013890
3329069
3622395
3573554
2885042
3576301
2618172
2810749
3016267
2750820
3265061
2886084
2899177
3208402
2973531
2841294
3014773
2568690
2561332
2881904
2738611
3704989
3036707
3050180
3370673
3674343
2997069
2862316
3525124
2901653
3303838
2928199
3647006
2811470
3337651
3002222
2963597
3037810
2885523
2955626
3224902
2848462
3551470
3156694
2634352
2878275
3164303
3085558
2720455
2841745
2570936
2927868
2755401
3068425
3134198
2730420
3009881
2891448
2650592
3373098
3580471
3347114
3222115
2663325
3141295
2754129
4256252
2822668
3209544
2770950
3120675
3023414
3096885
3649051
3272681
3487973
3727134
3043885
2779281
2832383
2916981
3333220
3264730
3124564
2992578
3253112
3065579
3605875
4414583
3054631
3550929
3395414
3306394
2952880
2999575
3181706
3587900
3034732
3718713
3219850
3164253
3515411
3466329
3158128
3256882
2769607
2647144
2997781
3202247
2723112
3873376
2659956
2825565
3530819
3324689
3393018
3362844
3324880
2632899
2919438
3060356
4101750
2789787
2650332
3157075
2983406
3058371
3029690
3058291
2812162
2917592
2858857
3771934
2966484
2692005
2728235
3243328
2975977
3363576
3011715
2796894
2604820
3210115
3087733
3447853
2953060
2671844
3082449
2770638
2797405
4012699
2851649
2806167
2750238
2730820
4153337
3333049
3320057
3302133
2835920
3098770
3136323
2884460
3031664
2747080
3542988
2927596
2871368
2719322
2908730
2932459
2744304
2925552
2575858
2898836
2816893
2844181
3583117
2607455
2739492
2417065
2751021
2899196
3296358
2759662
2690261
2709918
2671072
3080955
3598575
2905371
2715402
2975786
3125947
3718371
3259858
2724986
3091792
3335304
3481766
3457737
3387283
3044837
2955927
2858787
3277011
3085567
3269913
3289381
2938944
4657563
2446057
3233222
2630012
2856130
3140814
3182407
2690090
2986132
2538976
3292329
3479822
2903237
2582313
2841022
3083402
2614924
3037268
3304869
3751593
2926845
3067923
3518297
2684055
3089176
2862967
3076595
2784363
2788684
2523448
2703723
2870004
2706360
3362432
2936428
2662742
3052446
3255778
3929894
3169144
2628798
2597381
2857203
4927871
3077828
2684516
2697348
3155781
3193524
3512482
2930374
2897482
3215659
3515911
2992607
2536961
3095331
3130608
2812793
3164001
3548923
3077097
3028957
2882014
3466449
2927045
2790718
3096114
3194006
3094289
3038892
3263437
3325451
3036075
4189045
2904820
2664016
2945762
2821104
2813033
3034130
2754329
2559397
3248340
2720715
3737368
2936329
2787581
2826817
3269872
2907707
2783009
3205434
3129887
2636006
2712254
3098550
3016236
2501554
2793686
2540390
2627094
2811109
2963024
2721657
3134027
3666524
4490480
3265522
3111471
3053699
3327866
3356476
3695385
3244440
3023995
3423863
3377639
3089838
2841805
2823329
2908911
2904109
3038240
2797856
2843589
3313501
3239818
2658972
2653128
3380356
3494047
3154819
2514386
2473294
3460293
2935967
4003597
3063172
2603586
2941471
2648898
3048326
2950804
3372486
2543307
2669018
2691483
2724845
3176923
2823349
3057137
2798017
3000738
2651374
3507150
3449757
2986141
2855258
3195239
3704267
3019013
2773094
2916790
3084906
2961581
4651689
2679423
2459981
2896139
3668779
3697770
2835429
2727502
2506916
2845504
2995705
3136042
3034380
3033137
2836843
3046019
3630003
2939125
2822898
3063683
2809766
2989690
2852842
2936419
2529182
2548039
3006732
2511648
3993482
3430430
3793958
3082900
2570243
2840251
2752444
3089768
3033549
2832282
3169264
3300509
3064074
3555128
2965080
2739321
2919237
3134979
2610372
2588990
3129487
2900008
3371554
2901112
2496000
3067874
2675072
2718670
3746942
2817123
2499469
2688736
3936521
3580570
2732785
3658614
3631607
3696587
3646383
3106780
3377850
3508563
3963177
3587848
3118549
3526788
3064235
3135290
2966272
3233192
2746880
2854556
3204963
3111612
3441537
3134247
3046130
3133616
2789345
3281241
3419272
3616991
3199249
4014935
3407122
3338311
3011102
2919275
3789927
3447671
3062771
3559849
3606394
2927045
3242826
3243236
3253742
2556309
2915125
2878665
2565682
2385767
2723913
3078128
3845525
2897231
2900570
2743240
3642102
3050109
2897782
2891928
2429746
2618342
2878084
3775462
2894604
3239488
3102749
3158417
3817446
3280018
3026411
2777786
3334882
3546476
3044175
2772673
2569711
2722098
2680525
2725697
2551056
2698319
2695151
2936408
3265832
2517783
2723471
2917913
2940598
4568351
2769907
3253411
2924338
3553513
2589931
3387352
2933530
3304287
3635927
3328658
2812522
3274403
4187350
2823529
2872720
3549383
3193904
3119240
3079642
2969079
2848220
3411412
3059051
3396816
3197854
3291095
3607376
3010220
3521815
2879176
2938944
3070369
3964338
3133084
2813464
3338692
3138939
2978422
3231468
3115130
2495598
2636507
2526294
3578927
3957241
3092483
2867597
2865051
2885082
2869582
3205012
2865072
2771510
2963394
4316780
3194606
3154306
3399021
2862776
3017629
3067853
3096313
2493533
2830736
2522093
3092323
3919057
3496252
3103852
3234274
4070270
3328828
3518216
2646341
2729456
3075020
3319404
3378942
2754679
2979916
2694039
3542496
2942061
2715422
3154246
3141174
3340727
3007473
3468703
3145394
3283807
2725687
2554584
2581882
3015373
2724013
3498758
4201285
4137587
2924448
2804451
2891908
3603166
3273030
3617992
2727001
2679202
3007223
3944740
3102809
2893933
3148963
3609211
3086057
3449837
3121636
3539880
3018221
3345068
3457165
3026731
2892710
2756573
2840430
3219938
3202386
2850997
3183108
3213794
3600540
3270965
3097135
2605821
3626975
3245642
3380766
2916428
2641058
3086468
2742388
3673510
3778399
2684074
2895807
2849092
2612287
2634271
3440042
2756593
2704325
2785244
2912228
3057247
3912089
2566795
3024676
2967375
3474508
3520973
3171058
3306783
3101155
2744724
3090909
3745367
3617171
3621101
3217463
3668217
3757076
3182306
3006862
3101476
3915999
2913892
3110539
3121295
2973460
3008647
3038510
2613770
2837915
2743541
2810507
3481696
2669037
2935566
2732755
2740133
2996286
3160773
2549521
2631585
2729958
3246735
3560671
3485014
3406099
3259677
3141605
3033067
2832882
2659824
2848431
3098619
3538526
3701619
2887326
3857745
2988076
2946814
3580409
3075822
2922684
2779340
2734408
2781325
3454679
3344797
3209853
3637571
2960177
2748012
2847739
2843118
2991233
3182355
3381378
3496512
2870364
3391984
2972437
4181696
4408577
3132111
2697587
2718800
2885071
3359273
3216741
3195619
3377207
2974001
2776403
2790267
3193223
3107822
3386641
3161164
3791581
3574936
2935606
2899256
3599527
3182155
3068876
3281561
3671866
3152843
2658702
2870195
2904820
3008105
3383492
3127399
2835919
2820190
2689096
3817766
3478727
3124452
3060184
2785735
3580690
3200109
3073006
3038850
3920860
3284838
3380164
3397206
3131990
3618643
3038429
2774557
3120392
3163930
3412995
3745988
2649889
2818726
2943585
3162336
2933039
2790106
2492430
2511488
2964747
3733818
3253040
3096473
3062750
3386941
3462568
3120272
2747079
3152311
4645100
2948468
2858735
3162356
3070740
2966301
3105425
3352877
3306282
4135621
2817052
2571927
2912338
2846545
2715210
3033488
2610672
2585941
2411771
2921961
3166536
2601389
2427670
2952818
3248228
2975223
3215417
2836069
2670239
2427971
3045838
3328837
3496812
2793855
3147910
2897631
3258172
3616397
2810345
2689898
2727421
2970511
3557121
3647996
3206374
2919185
3624638
3308677
2729486
2663563
2791489
3414910
3075652
3000175
2658802
2797253
2645648
2812731
2927475
2643373
2880209
2969349
3940289
3195638
3390209
3044525
2920328
3063502
2751230
2525411
2933700
2938011
3390139
2882134
3151860
2810767
2742248
2942623
3003313
2727731
2833834
3112532
4427522
2973158
3459781
2943635
2774547
3378449
3790378
3134868
2676916
3019322
3588900
3054609
2978802
2997408
3402379
3278984
2952918
3320847
3213262
3754209
2963254
2927355
2824191
3365778
3569131
3244669
2881041
2676335
3085295
3498748
3348325
3001529
2945821
2984617
2941460
3025477
3198455
3134186
3912088
3006881
2997257
3203638
3329489
3687293
3352767
3054720
2879677
3091110
3871118
3385588
3429155
3045327
3215858
2827568
2684745
2863086
3253681
3513543
2707892
3060303
2845804
2804752
3050510
2977479
2790757
2974601
2979925
3693629
3142046
3300347
3020305
2785033
3176240
2783720
2522986
2846956
3071862
3679283
2891396
3190716
3417336
3439450
3009197
2605940
3141353
3108974
3337208
2992767
2833583
2958502
2740433
3529363
2996726
2779619
2696274
2888278
3713147
3611225
3147659
3361308
3591587
3054419
2750709
2873341
4537785
3077386
3211207
3433105
3289319
3158928
3031923
3347082
3222615
3810799
2600587
3148672
2666781
3010440
2909811
3775862
2832471
3157664
3001879
2879156
2786216
2953920
2861211
2799650
2766838
2741776
2565792
2519256
2405265
2716945
3097456
2908899
2836901
2979073
3916811
2849542
2880910
3388776
2980506
3448362
3672948
3103500
2611203
2966451
3009778
2609690
2954812
3106668
3191117
3454247
2725466
3402079
2768643
3059431
2642721
2680615
2627955
2828531
2598182
2719241
2765896
3788724
2486856
3170065
2839498
2702389
2827127
2875276
2591134
2779259
3275074
4526718
3120051
3231496
3089677
3189593
3011914
2561491
2811539
3071762
3104062
2950993
3451841
3230344
3379723
3216509
2998611
2834997
2967555
2557230
3085636
3272287
3323595
3475790
2606772
2693526
2745885
2743389
2637147
2841733
2532298
2710379
2598722
2889822
3444592
2818846
2597489
2540007
2530914
2518724
3177473
3220609
3340445
3195327
2700323
3220218
3407140
3014620
3161493
2993478
2532699
2829151
2823056
2621279
2606421
2809112
2581750
3146176
2809894
2921219
2702258
3098277
3347683
3757186
3253620
2485432
2435539
2634219
2566021
2783739
2633579
4033758
3092231
3629550
2657878
2718718
2774988
2650711
3159548
2962341
3023211
2735300
2583444
2684705
3027392
3265190
2875777
2659563
3033777
2913550
2760151
2893421
2393385
2453474
2379220
2337156
2475748
2490656
2541010
2700333
2314169
2498434
3325489
2751089
2901330
2964236
2857732
2678348
3085996
2792953
2701536
3281008
3116662
3108332
3432272
2717265
2718468
2929400
2534033
2871977
2869681
3386669
2735110
2663713
2543065
2685898
2348053
2938291
3068132
3086136
3099660
3029898
3142045
3207155
3160380
2693877
2990872
2664805
2711140
3461113
3836842
4233192
3087150
3438017
3493564
3395591
3247044
2956205
3003753
2838525
2653889
2692153
2984565
3486766
2857020
2620315
3276878
2938091
2725676
2618019
2827718
2763941
2837843
2568167
3481163
3235586
2927825
3051932
3270763
3173132
2709516
3780894
3345257
3608106
3095961
3227346
3249751
3315052
3194464
3380605
3614844
2931254
2752984
2790346
3145143
3406489
2829954
3082889
2991122
3493714
3250062
3583486
2577670
2585560
2813383
4388786
2716775
2549851
3143890
2787770
2891085
2754918
2892407
2817352
2669587
2865692
3103921
2904388
3421856
3176911
3279044
2959032
2850344
2729556
2861181
2789143
2711802
2886112
4609311
2628766
2967253
3008074
3593460
3209822
2440632
2630331
2846916
3995985
2884389
2954281
3393075
3353557
3230253
3119840
2538784
2772461
2904517
2606100
2999483
3469124
2448040
3108573
2632586
2750648
2823949
2912157
2513411
2575605
3001608
3225692
4267847
2685767
3327242
2866083
2820731
2661828
2566162
2564799
2515747
2853963
2668254
3977139
2615013
2534283
2785273
3078197
3366941
3226273
2921601
3065566
2699621
2938502
3094958
3045346
2402377
2767970
2925429
2824761
2680865
3010610
2916527
2477974
2667232
2358990
3006791
2679702
3036915
3000957
2946161
2719571
2806786
2989829
3336004
2854123
2601709
2731731
2806926
3142797
2779800
2631343
3063932
3109805
3582103
3127419
3408282
3030159
3307012
3501894
3981339
3097766
2761234
2637247
3031101
2692213
2829432
2676013
2913811
2705857
2703431
2509041
2996696
3005167
2607123
3202604
3083089
2887937
3071541
3034640
2533521
3226073
3154475
3415461
2934371
2938892
2771800
2640074
2780922
2984937
3090458
3961580
3808492
2826565
3196890
2638120
2830865
3138255
3161613
3087390
2718629
2561971
2694789
2852851
2702449
3181262
2845161
2899857
2643653
2783558
3095941
3743471
3063551
2940237
3377677
3923666
3195617
3172440
3487969
3276828
3811689
2862805
3105254
3394258
3589540
2787679
2655582
3494656
3152761
3063811
2921629
2891705
2612836
2785153
3010680
3224358
3200709
3325197
3066898
2788701
3181241
3433895
2693677
4114267
3992486
2996395
2667642
3057656
2662149
3007862
3307804
3251474
2766696
2837923
3685527
3454837
2773704
3696505
3672094
3000445
3171958
2877922
2731079
2817402
3280336
4044705
2640696
3299704
2805071
2860679
3278000
2962129
2993357
3144481
3460893
3761054
2554121
2833081
2696904
2994109
3237500
3308646
2912266
2592346
3086929
3506966
3184619
3503076
3269760
2825482
2962090
2889500
2529692
2653657
2602030
2838114
3716754
3179587
2680784
3573961
3107770
3038769
3109474
3207596
3074097
3679944
2710909
2934913
2851025
2905620
2881862
2895846
2665788
3130556
2792130
2638500
2700323
2654149
2770406
3953720
2785623
2834574
3273058
2503997
3214343
2696133
2765143
2725144
2656695
2455568
2743840
3456612
3164049
2896698
2882353
2575434
2790475
2673547
2696844
2633267
2483367
2706658
2729595
3968717
3266471
2918662
3175427
3215826
2908648
2893971
2925248
2904267
3114616
2861611
3181031
4118918
2863305
2876408
3472300
2716282
3939826
3219115
3133924
2811076
2719631
2737304
3264306
3642771
2428070
2727089
3150856
2796701
2879486
2972736
3116191
2643562
2928506
3023070
3533973
2982821
2875105
3370118
3249791
3048774
2688163
2704924
2888298
3025807
3033125
2627342
2631293
2601980
2946571
3000675
2871526
3478195
3468211
3153352
3215656
3105665
2773043
2590170
2679061
2947393
3820321
2774626
2900598
3197992
2805633
2655021
3301569
2950902
2631052
3077325
2880929
3134115
3729857
2539295
2747831
2868087
2655622
3258753
2974851
3217420
2745414
2863786
2723229
3044163
3243585
2674038
2655421
2635001
2576156
2605719
2917630
2953930
2559144
2441985
3348785
3181842
3098336
2707711
2951443
2626420
2685005
2627473
2873651
3018108
2720973
3092552
2908888
3554323
2828359
3319673
2877560
2792831
2945790
3193401
2699992
2936215
3227856
3647934
2659913
3202122
3180529
2708483
3118065
3381316
3122998
2692213
2838364
3064813
3553431
2493111
2971232
3157803
2850815
3287474
2891144
2671111
2776070
3015542
4573522
2670860
2697907
2993247
2788551
2615143
3128872
2919384
2716483
2635463
2419339
2396141
2731740
3380784
2797363
3200309
3271945
2635442
2745685
2870744
3102176
2548868
3712795
4655214
3020996
3026830
3057044
2934361
3512029
2885040
3140240
2906652
3149633
3202975
3726488
2654299
2781233
2762416
2722829
3288396
2998099
3001948
2698338
3083530
3318620
3469755
3003191
2761474
3174394
3098226
3484059
3352675
3466987
3173131
3008344
3852329
3228317
3370399
2786095
3546995
2854043
2852930
2980525
2933299
2923294
2696774
3042859
3692043
3739029
2855506
3385575
3055951
3103729
3142214
3495287
3069304
2956274
2763809
3728393
3261750
3388383
3110095
3671582
3285869
3386488
2936405
2735148
3074286
3215575
3024222
2785624
3134966
2837111
2706838
2951212
2848779
2602250
3242301
3681326
4021296
3057124
2675301
2911374
3366659
3027671
3211085
3024032
3271584
3100571
3043430
2718046
2696383
2794365
3703030
2946902
3234372
3310330
3142345
3324093
2835977
2680493
2589238
2414235
2837953
3650009
2951142
2638781
2873580
3228678
2786716
3075439
2716673
2672684
3108521
3382568
3226152
4209652
2745083
2598992
2973788
2681526
2904978
2986489
2818444
2742497
2523706
2934952
3170835
2848208
2540728
3062016
2866653
3045184
2603523
2775879
2826344
2455387
2441182
2619513
3501622
2976535
2992194
3023742
2747639
2851536
2824279
2820640
3342539
3318640
3254581
3343120
2591142
3105213
3279844
3326890
3638761
2812860
2798224
3122806
2797994
4028915
3441323
3267072
3640244
3128660
3483889
2958480
2917810
3161091
3857601
3195034
3068712
2981006
3236267
3478355
3958682
2772110
2807357
3364082
3647854
3338038
3144079
2978800
2963784
2939162
3019310
2671982
2620124
3162845
3622541
2721875
3438376
3291683
2921198
2926792
3126305
2875726
2775799
4226052
3675471
3174173
3213661
3365095
3044954
3138355
2907244
2697786
2858132
3034708
3613519
2463728
2772660
2874272
3378969
3466676
3358208
2966760
2568987
2546292
3269569
3560678
2620536
2925098
3074246
2896557
3396111
3198172
2673536
2942420
2908577
4650681
2781052
2996554
2659140
2895254
2981618
3725114
3567685
3269128
4167999
2713816
2620676
3102837
3016343
2647452
2760090
2645998
2349155
2471998
2895736
3210904
3092983
2600014
2963171
3351230
2849992
3199535
2936115
3384091
3183255
2932696
3175206
2697455
2924195
3247525
3183997
3180198
2759609
2536016
3195727
3662490
3180288
2719309
2771227
3379681
3226221
3189400
3064271
2774386
2865300
3178835
2689526
2650760
2685706
3130936
3001115
3260436
3272306
3330369
3173422
3324785
3238061
3488209
2943012
3021767
3440922
4116181
2754045
2998520
2913539
3117814
3263544
3256848
3250221
3083750
3286320
3389625
3022479
3109122
3052433
2785543
2686097
2483696
2677506
2705976
2842804
2931804
2792710
3012703
3117453
2708162
2710407
3050237
3101794
2722968
2782956
2452810
2603212
2787237
3146374
3128821
3083038
2888888
3122365
3447629
2509612
2547805
2558632
2699079
2906221
3004595
3218172
2870834
2591042
3065264
2805893
2656624
2657978
2538904
2940556
3096672
3468691
3996796
3160970
2860468
3041234
3375461
3442837
3219725
3117713
2674138
2752812
3217701
2778025
2730246
2599743
2663671
2781914
3342819
3364293
2850633
3456350
3021606
3087829
3225830
2828860
2548105
2891083
3236837
3864038
2649175
3056371
3281177
2821993
2686447
2754926
2550912
3845281
2993005
2671280
2701726
2726957
3043219
3258420
2942319
3316203
2837511
2752531
2990659
3412611
3739338
3560928
2609528
2624785
2726126
3046697
3537099
3113343
2879264
2821030
3059699
2548947
2573638
2602530
2439377
3410166
2886291
3355831
3285969
3372563
3289397
3259764
2885900
2361405
2681395
2737905
2819416
3190974
3096470
3282671
2947382
2880306
3635613
4070687
2763407
3071027
2614539
2557529
2793542
2661616
2675591
2532477
3035520
3249458
3131197
2528046
2489762
3074266
3126775
2781773
3056050
2906501
3069143
3001837
3109312
3159416
3067278
3005094
3269578
3307442
2898191
2796640
2757693
3325676
3676924
2966549
2725694
2491235
2448860
2543184
2926591
3058727
3508038
2992924
2462203
2597067
2490734
2404902
2743238
2514172
2464448
2446163
2391258
2590841
3357184
2560175
2791196
2501791
2691340
2782615
2721705
2504318
2778906
2718427
2872236
3014267
2750576
2755458
2503606
2501691
3094115
3273648
3348604
2795778
2557408
2727869
2665596
2738255
3248075
2909418
2576586
3007942
3015410
3395229
3411669
2815967
2618750
2937918
3256907
2581207
2893088
3031791
3405785
4094496
3280936
3726678
3158504
3153542
2866843
3197460
2652313
2882161
3375098
3140650
3162574
3156840
2458885
2779908
2847646
3547425
2979060
3256104
3050928
2944716
3010137
2849370
2723008
2808510
3031319
3255904
3392663
3181029
3141972
2837390
3571865
3149101
2743569
2860988
3879716
3722818
3738908
3757574
3703570
2849420
2692172
3125342
3595744
3020804
3405765
3119107
3305266
2946159
2636895
2788199
2545800
2592134
2759929
2477873
2965286
2917469
3289257
2868828
3594030
3083949
3008774
2921308
3153582
2683440
2696331
2875364
2562782
2940826
3498705
3444079
2984433
3030698
3803878
4446496
3304133
2607352
2848067
3148278
2833470
2663881
2859435
3068190
3391038
2864979
2937628
3515856
2901920
2630629
2770926
2619331
2995892
2979872
2964143
2754867
2900667
2789572
2551855
2542471
3576115
4109394
2502894
2480268
2823866
2486684
2542111
2540487
3063459
3044142
2434735
2584956
3246611
2899955
3138094
2482734
2864358
2892567
3204457
2840599
2611993
2881510
2670649
2737233
2816519
2758866
3168167
3452250
3080120
2606710
3091830
2688943
2870773
3231634
2805021
2944716
3303633
3331000
4476520
3022267
2758977
3293227
2831315
2848908
3211294
2759819
3076632
3042197
3014297
3221800
2500809
2869319
2914691
3076201
2880557
2755317
2855395
2870191
2636214
2679049
3406567
3453162
2926531
2651020
3012042
2680272
2623562
2817671
3253117
2537058
3350468
3346929
3422978
2674849
2742787
3009616
2989938
2896988
3031831
2835977
2627823
2570190
3222432
3909028
3079769
2918170
3258310
3814393
3136428
3437572
2874672
2807506
3126655
3452049
2733443
2979500
2996402
2772850
3034006
3474534
3173060
2726566
2990568
2567704
3398165
4547966
3340573
3341415
2792419
2577698
2610359
2776490
2721313
2846603
2812368
3137691
2982979
3313556
3125682
3165901
3124600
3041093
3005124
3199865
3053023
3018237
3811597
3610610
3261297
2860857
2532145
2769402
2777000
2652764
2862672
2983732
2894401
3092039
2746866
3245959
3382076
2852216
2654778
2797902
2871705
2872296
2972995
2775748
2854342
2962790
3485802
2640223
2962198
2725904
2999370
3076922
3147325
3017485
3162633
2831665
3040842
3073865
2985947
2673505
2842001
2931512
2890150
2987962
3198051
2591041
2615622
2676071
3615984
3028221
2418626
2727378
2862281
2860257
2747247
2782925
2999340
2614710
2648062
2903092
3344593
3068500
2726967
2795136
2755558
2624013
2517720
2957997
3197760
3002508
3117712
2856136
3187695
3183746
3174984
3381394
2816789
3463717
2828257
2926981
2659671
2750455
2604694
3048792
2604284
3041194
3546362
2539013
2382476
2439677
2455476
2867194
3000643
2768691
2563152
2860738
3376311
3061363
3091969
3408050
3007189
2847114
2530391
2586510
2732651
2790243
3648944
3026497
2991180
3270079
3292876
3101232
3033003
3096360
2868657
2411858
2647120
2526652
2557849
2314157
2650017
2279081
2612905
2721454
2337024
2344502
2544336
2563744
2375158
2645966
2329515
2508026
2799988
2569779
2609577
2572365
2493230
2579853
2630077
3146363
2891403
2748720
2909588
2531494
2705364
2906010
2793862
2590730
2529720
3298118
3425803
3093613
2497159
2573448
2517229
2418605
3045845
2994338
2624414
2490834
2475376
2749733
2713964
2417653
3426866
2779958
2498362
2415217
2403458
4011912
2626729
3523264
3229147
2876516
2618119
2576415
2423467
2330006
2296514
2291181
2506482
2618259
2951933
2399889
2548136
2552536
2502202
2367148
2488668
2473662
2891223
2511916
2523465
2693845
3536858
2584896
2756821
2812839
2807877
2476177
2972043
2746927
2739708
2487214
2572846
2498312
2938479
3418115
2989906
2695258
2616846
2521750
2817832
2696662
2604976
2516628
2605858
2542521
2631581
2385524
2331139
2610791
2581738
2433442
2450574
2487616
2586330
2555493
2693264
2370546
2464008
2592715
2933006
2752931
2544236
2602009
2417462
2473190
2380250
2519023
2479626
2970980
2841359
2470995
2424189
2390024
2558621
2708361
2482313
2605106
2580917
2570911
2494042
2953426
2597206
2534171
2559985
2527935
2616444
2804549
2594720
2699268
2534432
2829651
3623282
2639661
2552416
2557117
2951953
3219003
2589798
2628102
2752119
2933808
2577076
2941126
2537740
2554832
2672412
2627190
3079378
2505691
2721714
2621126
3456560
3291311
2701524
2943061
2909749
4108339
3089041
2782836
3440068
3272235
2553338
2691189
3123918
2635281
2774815
2973837
3010437
3270009
3289807
3510313
3217108
3150002
2975812
3567153
2825761
2986418
3449472
2756761
2689465
2896446
2971040
3363510
2662217
2811886
2938749
3265918
2904184
3423969
3101181
3113512
3977435
3515274
2754204
3372271
3309445
2829580
2852968
2877969
3010016
2896345
2813540
3240575
2724932
2888345
2690878
2642017
3542020
3232766
3089071
2997595
3398946
3291902
3402385
2496818
3121221
2676482
2996192
3164938
2704070
4342507
2546991
2849920
3598420
2905618
2777421
2748029
2864917
2743086
2975250
2644342
2925207
2927261
4273938
2840167
2463465
2823796
2720781
2588785
2717574
3277697
2578129
2678186
2756078
3978829
2595221
2636483
2727859
2782073
2937997
2882009
2641105
2529008
2542160
2822072
3255211
3253848
3253016
2733072
3148669
2848807
2833058
3037624
2721062
2732861
2646809
2840016
3243944
3054415
2480287
2454704
2710847
2516848
3231784
2778624
2645455
2331781
2879884
2936143
3634920
3536015
3413282
3039398
2804518
3021053
2798844
2677203
2574780
3040351
3288243
3464218
2614108
2953637
2950549
3358397
3011008
3695829
2885398
2771256
2858291
3318307
2894951
2896726
3597056
3162653
3053764
2753603
2651530
2902490
2877027
3338257
2888235
2966288
3632333
3094825
3557198
2974748
3094846
3561498
3342497
2820958
2959521
2708731
2702516
2674447
3168086
2591772
2856256
3234199
3743407
2984282
3123686
3301616
3441422
2862782
2621215
3112139
2566811
3047498
3377935
2701203
3093983
2720441
2778795
3564686
3118975
2665264
2755427
2953456
3557649
3025484
3021835
2927382
2857730
3160477
3108550
3498562
3770314
3245357
2817139
2902410
2924404
3178101
2724329
3951902
2768088
2822162
3050045
3378246
3347740
3114193
3255242
2986067
3362436
2906169
3097482
3077202
3537128
3070064
2555593
2844196
3217598
2769692
3483545
2844055
2816418
3040471
3533368
3068881
3078585
3501761
3119486
3065292
3427558
3020933
2724210
2848156
3318999
3643932
3103567
2957767
2933066
2948825
3517108
3176116
2756329
3355279
3655480
3053072
3357524
2736961
2896295
3301987
3180106
2792288
2968743
2762895
2684471
3209579
2789752
2998658
2819605
2484618
2708380
2839746
2603401
2596795
3245477
3543553
2927362
3099046
3075066
3199895
2795727
2970919
3212596
2929055
2504507
2653125
2849038
2916014
3244626
2504196
2410726
3083327
2942720
2867063
3461611
2984061
2578209
2968233
3299801
4683390
3043158
2577086
2976773
2908234
3453321
3440740
2875895
3101041
3164698
3864697
2794453
2743377
3115456
2709684
2833560
3351378
3339179
2862642
2678086
2829961
3209880
2839204
2529609
3033284
2820367
3156097
3252334
2925287
3125822
3020652
3107126
2966718
3358577
3586370
2972523
3619852
3126212
3329876
3055398
2946970
3666417
3498352
2834111
3343639
2803405
3028041
3153911
3485109
2752329
2989836
3010066
2927552
3284204
4194191
2591191
2735969
2849920
3014757
2989345
2758154
2695939
2700331
2731287
3077913
3249186
2615992
2576705
2800868
3110955
2933256
2895412
2709804
2669645
3240906
3980322
2858661
2877488
3023609
3262609
3058455
3098614
2740279
2685684
2466382
2434774
3215292
3689534
2851313
2852837
3759717
3085121
3072079
3271652
3063026
2836045
2948493
3738786
3427707
2719548
2599100
3158873
3184587
2915332
3788137
3098704
2861549
2778243
3144568
3555813
2875303
3607621
3131946
3170351
3050224
2981715
2707809
2732219
2703859
3167003
2761892
2800959
2565386
3430052
3401973
2754835
2925707
3045783
2704380
2761301
3196737
3365573
2999529
3017143
2828176
3269336
3550621
3544506
2735267
2786202
2708600
2809299
4085452
3142613
3161068
3032490
3226530
3468207
3193939
3145550
2957305
2978508
3330737
2972793
2475164
2597717
3381804
3024341
3141319
2949686
2736079
2753872
3493910
3501840
3352441
2923391
3491605
3020311
3290880
3145590
2956373
2552014
2567121
3166953
3349283
3976674
2609456
2903372
3120318
2889828
3005885
3809250
2784097
2598088
2899162
2801710
3174752
3707719
3537127
2972653
2950839
2828527
2960744
2984091
2868657
2772037
2819945
3055617
3128498
2880937
2575131
3229046
2708500
3512798
3351719
3251040
3018948
3241177
3820347
3125330
2723358
3527925
3306297
3289204
2965746
3315881
2630297
2783124
2917436
3384751
2997965
2767616
2609756
3139515
3130122
2759827
3177148
2980933
2912184
3599472
4075537
2884785
2559031
3349133
3065102
2967971
2973755
2828367
2498121
2686416
2770223
3239792
2817519
2507965
2831504
2893176
2823836
2771456
3187063
2491454
2718535
2896244
3699588
2832416
3236916
3543964
3826481
3515273
3126483
2805731
2657996
2825720
3244614
2762444
3020721
3143455
3347750
2859433
2762795
2603190
2476928
2958448
3259021
3907953
3091877
4114834
3178442
3248905
2968773
3389353
3322988
2989856
2888977
3564876
3052300
2770093
2963640
2825559
2684521
2865779
2832917
2665263
2745792
3207183
4249006
3044941
2820988
2964092
2608293
2699588
2901326
2905798
2597586
2893016
3431737
3895843
2821500
2970919
3728179
3016301
2864746
3025774
2616684
2986437
3360582
3510351
2803926
2870731
2877899
2941547
3001484
2988753
2969084
3038405
3274899
3127757
3086925
3039158
2704210
2596163
2884234
2881247
3357304
3130042
2818994
2801290
2746043
3151484
2739537
2401963
3113361
3054816
2729693
2950599
2956473
2483505
2611180
3207713
3263622
3475675
2618458
3147424
2971029
2850812
3204766
3212506
3092910
2868516
3206300
3017814
3136798
2538060
2544506
3425211
2960393
2685303
2951651
2969575
2658056
2849458
3603531
3461932
2919061
3464457
2659208
3061662
2787716
2968242
3123636
2839664
2751266
2941095
3027328
3203082
3513660
2818903
2888034
3031208
2793099
2767616
2968684
2535382
2564474
2531834
3073512
3612011
2866640
2555903
2856305
2920634
2976983
3768638
2880996
2596945
2571291
2611761
3149459
3195563
2633455
2932423
2579812
2980070
2978186
2824917
3003238
2522099
2863112
2588453
3178290
3644422
2887191
2727757
2603652
3110964
2702285
3508566
3379116
2838440
2675007
2655770
3724940
3220074
3513559
3198019
3057422
2761652
3145670
2533969
2503243
2616453
2829218
3430693
3350596
2956002
3273195
3325253
3451585
3389311
3328060
2853990
3116407
2933746
3561477
2620423
3246378
2948402
2812897
2808015
3208505
3036230
2710926
2813178
3622658
3542931
3088419
3135334
2729752
3061100
3172546
2918379
2760589
2880294
2997975
3329153
2517869
2679769
2829037
3252052
2991509
2882179
2875342
2767917
2423486
2736028
3222228
2589877
2503093
3336992
3597586
2740188
2795845
2911903
2596213
2975700
3353313
3880825
2929336
3239982
3081812
2860124
3116288
2598077
2798693
2902920
3124036
3629174
2648572
3436808
3356550
3310828
3290638
2770945
2836546
2708259
3064499
3221968
3409992
2870580
3195653
2807304
2790092
3019769
3513027
2730535
2932032
3414994
3637053
3025102
2704650
3415757
3262278
3240494
2994215
2695708
2559642
2919461
3226740
2937215
2517809
2888715
2725101
2893818
2984141
2685934
2871863
2686045
2657213
2999077
4019869
2883202
3383277
3453981
3196816
2858039
2871012
3355588
3176907
3557416
2671720
2814682
2912945
2707878
3391728
2916434
3179533
2749441
3071988
2863182
3670777
2672741
3307960
2869427
2648542
3096067
2810061
2514350
2733341
2794292
2773180
2664071
2466683
2890800
2789189
2781901
2978698
2795966
2692310
3658406
3073231
3252383
2594529
2371417
3027839
2709963
2799484
2900284
2736239
2461750
3023849
3071176
2609365
2636302
2936162
2829699
2580294
3200976
2756639
2682486
2798843
3053191
3107947
3139034
2922578
2586709
2557848
2588494
3450302
2605937
2436799
2771285
3158852
3352421
2643369
2564043
2940874
2675078
3042765
3294227
2668681
2632101
2476156
2848145
3080178
2719266
2549197
3255752
2887121
3148978
3178291
2969174
2771145
2550470
3267059
3498942
2593867
2901587
3140597
2961876
3087195
3262829
2671589
2946097
2832226
2901196
2647590
2553046
2608483
3009252
2687698
2760208
2774463
2491664
2626347
2680059
2998617
3120157
2525859
2886730
2883132
2648662
2793079
3526591
2803284
2526090
2735286
2831474
3099947
2660812
2571922
2479334
2681674
2779846
2655569
2968092
3015267
2732288
2918610
2948382
3317134
2430744
2791375
2633715
3156627
2929235
3055627
2527012
2779435
2662516
3240926
2742053
2732709
2783485
2533638
4086694
2692320
2451836
2920163
3056259
2814051
2880966
3258077
2847884
2698255
2735627
3706625
3316231
2777410
3040811
3063337
2660211
3355307
3166662
2910198
3279901
3692711
2702475
2551954
3359347
2827273
3339489
2970768
3364630
2928884
2674655
2906578
3760758
3001594
2736990
2755425
3032841
3018686
3696389
2696329
2687728
2675598
3319609
2902368
2666075
3180465
2864635
2845909
2881838
2629224
2996772
3144106
2908142
3008801
2678556
3136968
3036971
3285154
3117148
3222218
2607340
2929425
3194360
3189307
2552815
3793790
3139855
3229055
3033933
2605886
2870940
2850460
3005342
2941195
2585927
2845047
3127013
2944322
2762874
3626638
2843212
3595621
3676020
3658104
2986155
2497328
2977665
2760368
2946828
3431967
3346104
3147704
2996491
3201056
3003478
3349333
3006997
2958938
2778202
4098252
3017142
2669915
2896093
2969895
3355127
3015397
2782382
3070504
3048058
3175132
3414403
3084037
2480115
2731607
3693212
3302446
2860895
2988882
3179362
2683458
3446913
2833157
2538229
2659298
3506410
3449439
2721562
2767746
2877166
2858049
2865106
3262026
3370695
2861718
2949665
4321363
2966817
3436758
3404930
3261014
3047727
3423194
3218078
3026284
3580122
2699066
3069380
3462461
3635338
3312772
3354295
2668611
3190250
2813258
4098192
2817098
2955600
3063155
2784036
2723607
2974987
2789298
2995157
2913054
2873105
3648592
2625835
2722785
2862960
2713051
2706344
3000962
2570799
2484596
2540223
3254858
3201176
2601846
3164976
2933024
3047988
2980671
3172857
2600493
2796156
2855072
3197497
3340299
2582909
3059256
2871101
2835974
2917756
3013082
3610658
2600152
3407857
3340961
2587791
2440748
3295268
2795574
3473058
2998285
2921074
3314206
3224053
3604523
2672089
3453710
2909506
2704319
2582067
2536395
2683407
2554318
2639289
3162381
3006886
3202289
2897126
2565055
2660431
3618788
3551993
2601285
2827163
2768447
2678034
2872244
3087295
2946016
2964251
2751265
2632963
2733501
2703477
2635820
2744549
2643238
2606107
2606618
2623761
2900554
2967559
2785610
2818281
3001944
3354525
3122622
2513689
2888103
3291479
2985353
2544866
3132206
2966497
2676179
2966897
2518119
3100789
2760117
2573005
2491193
2677704
3003398
3032480
2666957
2610597
2676601
2798622
2744769
2622628
2751155
3805048
2682435
3557848
3332471
2930407
2771024
2669142
2939781
2868886
2468066
2594729
2824165
2871392
3905235
3310216
2843954
2643649
2736117
3029643
3159734
2682796
2599109
2668341
2700810
2660150
2799835
3279750
2749520
2532073
2381301
2717352
2705372
2527973
2976652
3408529
3090543
2601285
2469449
3148837
3240964
2868534
2582999
2338937
2425681
2571801
2933886
2514881
2653453
2548133
2524736
2520194
2938327
2727095
2999688
2612002
2533477
2838611
2954668
2934348
2743034
2828536
3351658
2773239
2997052
3259089
2886589
2450301
2729812
4607179
3007759
3119966
3411295
3098643
3112908
3248433
3026745
3186931
2919941
3169708
3647418
3418624
3021573
2713812
3829357
2960552
3066133
2704870
3448607
2918057
2548083
2844826
3071756
3075195
2822110
2423084
2431093
2671518
2525065
3006835
3139413
2692570
2514470
2774993
3407625
2530208
3180826
3611640
2905114
3249033
2770873
2924061
3036820
3070995
3248282
3225846
2968872
3148947
3143413
3027417
2680069
2511583
2964772
2658034
2776828
3095635
3258207
3156957
2791123
2657132
3011196
2646124
3046814
3405841
3374594
2804917
3090302
3187853
2743696
3189166
2819513
2574949
2441199
2598257
2568724
2562409
3072638
3260993
3094553
3318696
3123223
2433209
2386213
2676249
2686916
2574378
2496205
2641484
2567822
2779374
3481147
3417891
2905326
2879000
2713070
3102442
2872374
2476817
2749440
2906317
3058824
2778642
2538058
2555972
2527402
2765440
2755295
2975187
3905906
3436256
2715717
3154059
3176565
2780557
2649233
3369351
3057491
2658355
3466771
3099866
2868755
2960321
3108186
2826320
3070172
2549947
2732478
2551812
2594347
3171322
3164946
3143653
2647318
2776257
2630807
2580012
3386413
3356660
3045030
2880524
2959880
2680410
2979408
2771284
3355677
2967138
2404739
2409701
2664721
3061661
2826039
2541878
2399466
2671588
3140256
3155052
3885806
2796155
2457308
2570228
2557787
2814090
2559932
2482731
2774021
2434763
2436898
2501999
2403837
2602618
2743034
3282616
2460596
2475283
2644080
2659057
2528134
2452186
2401661
2476395
2613564
2567170
2544784
2381862
2497979
2539912
2347287
2384829
2435866
2508124
2446171
2517728
2456697
2452055
2661332
2612242
2744488
2443444
2541797
2684941
2788627
2648330
2484065
2580884
2595430
2764929
2431304
2628762
2608271
2663918
2555380
2446993
2594668
2966747
2777890
2667017
2444787
2747806
2602136
2726363
2603489
2339177
2371777
2497498
2568362
2657092
2773690
3475463
2729791
2416528
2726954
2788486
2951570
3691166
3114191
2615941
2404157
2547452
2400839
2775996
2436177
2464155
2418944
2405811
2699186
2571981
2417149
2592423
3150902
3345151
3217426
2476275
2679297
2830982
2491523
3154140
2604122
2412879
2543291
2647438
2421871
2420789
2540875
2474952
2575771
2519021
2521798
2477890
2347608
2381491
2612211
2777821
2859431
2677502
3257134
2753199
2591480
2603239
2421169
3150981
2452406
2619921
2861998
2554870
2675929
2745200
2440056
2559030
2563872
2488626
2501508
2598177
2495192
2565125
2417400
2505588
2389090
2568403
2978145
2460066
2540694
2361863
2509126
2460687
2490009
2401712
2386654
2865537
2597355
2655107
2617715
2534490
2546860
2600242
2597224
2741862
3073550
4465247
2989653
2909997
2707156
2460126
2448577
2537868
2387667
2758492
2426151
2476395
2825287
3362204
2567400
2802922
2622036
2937514
3284672
2682775
2428708
2475674
2572373
2847833
2626797
3011076
3954746
3590898
3087936
3358835
3436086
3122973
2943389
3136556
3330095
3004460
2863462
2724469
2862038
2803273
2841007
2427646
2704479
2399135
2559261
2874719
2667638
3615971
2573386
2837046
2568293
2654135
2899852
2493909
2405150
2660080
2355377
2554479
2567982
2443394
2441529
2649593
2520515
2669212
2576724
2674295
2385361
2511563
2558889
2650986
2566868
2454231
2509648
2475493
2552142
3162039
2450852
2336359
2400558
2335417
2333232
2355547
2485598
2563832
2604050
2419645
2415034
2555060
2490480
2588012
2615769
2939408
3019987
3904733
2800416
2907690
2448226
2538970
2620822
2907520
2538830
2748909
2609554
2575019
2625304
2599880
2549516
2545706
2741150
2497267
2750051
2821207
2829297
2520023
2479783
2546849
2645724
2360770
2404227
2867632
3323146
2467914
2459623
2791704
2486891
2473197
2557274
2457428
2859351
2429199
2723465
2404368
2295749
2475293
2548533
2364980
2812575
2442120
2569364
2369050
2695146
2466180
2407053
2401781
2384609
2505898
3513095
3180855
2590667
2726363
3432766
2773128
2409861
2623329
2510359
2636521
2566809
2528825
2764176
3294686
3486419
2859110
3867591
3149788
3612572
3480936
2652801
2727716
2724689
2783434
3184614
2846740
3102100
2667859
3255950
3481488
2914297
2641503
2912161
3544914
3031215
3179472
3118862
2715977
2658445
2677221
2897676
2635679
2443725
2551160
2719726
2739665
2602878
2497327
2907409
3266556
2785720
3220192
2906979
2740448
3152154
2495824
2562748
2440757
2874228
2682094
2596592
2827061
2594587
2733450
3077831
3040057
2708649
3584120
2898096
2643509
2583750
2660580
2535421
2565847
2754592
2817809
2612121
2802681
3225715
2842800
2536434
2578829
2779895
2741831
2840083
2544212
2611098
2600412
2352971
2417690
2604552
2813378
2792958
2638425
2578658
2936591
2895781
2606356
2854620
2619960
2950607
3063004
3434010
3078122
3281343
4259829
3567269
3141869
2882989
2578468
2718132
3287388
3429088
2653603
3274005
3226838
2715426
3045481
2925124
3415124
2818039
3066684
3309071
3340238
3262546
3112526
3053049
2543220
2767394
3257955
2917735
4492724
3135082
2555811
2495181
3399174
3539551
3220844
2921404
3119263
3277012
3229695
2708989
2653593
2621073
2504875
2575440
2688148
3607639
2969784
2872152
3463744
2976791
2943950
3164224
3143854
2975187
2835422
3207641
2991557
2649743
2882789
3043596
3632821
2753470
3215821
3226919
3120837
2860454
2558298
3459894
2787714
3314756
3310034
2814490
3039766
3067696
2932251
3106933
2665793
2598126
3445107
3174118
2858650
2710915
3281253
2803012
2434803
3221265
3695867
3013110
3207150
3005542
2840935
2376168
2819653
3252392
3598035
2605615
2771835
3170560
3285083
2676870
3444085
3659426
3201426
3199120
3214177
3918817
2915039
3104637
3116677
2857106
3234227
2679176
3111834
2523342
2754542
3397841
3445579
3797007
3313132
3114601
2945013
2983538
2354575
2542399
2409169
2383195
2579810
2528955
2520895
2676539
2455904
3198047
2840124
2532243
2563941
2536122
3275288
3301884
3083324
2847342
2940060
3261745
2681562
2702153
2958045
2708910
2793899
2780205
2656912
2532383
2832114
2654385
2819563
2955609
2760898
2696950
2887040
2622125
2544974
2883632
2803713
2599790
2439424
3117489
3102341
2478059
2461248
2552152
2417631
2438041
2593334
2539862
2876052
2537907
2494209
2551711
2361161
2626736
2689121
2408828
2586337
2929042
2830870
2629343
2651778
2608542
2569505
2980199
3056558
2815061
2786902
2724117
2611519
2676008
3423052
3067013
3121458
3001943
3800274
2667005
2577144
2746753
2797738
3040057
3237935
2647247
2563419
2594787
2740818
2654315
2703826
2978515
2596241
2469097
2650705
2620250
3549575
2607007
2819422
3146690
3457879
3064798
2696729
3402272
3290104
2685101
3279047
2589615
2471503
2847672
3181125
2758342
2811111
2830689
2790209
2560342
2916772
3579809
3020489
2676429
2525426
2793066
2884663
2888332
2960801
2901725
2518910
2634816
2553095
2726172
3015586
2607338
2859501
2795744
3110581
3048788
2930958
3123553
2931789
2535841
2771433
3128165
3328429
2618707
2698804
2985933
2654314
2560984
2834580
2973462
2390593
2534799
2769879
3520213
2635388
2820214
2959107
3059364
2802279
3133808
2897445
2607479
2581996
2642485
3575469
2692118
2657372
2664891
2993201
2476315
2745139
2714653
3043075
3003015
2985031
3750201
2587259
2728678
3169597
2656921
3044869
3015426
2781789
2705992
3096306
3713870
2596622
2689371
3475793
2805207
2901545
2505407
2791212
2526167
2461929
2437419
2380107
2470521
2393260
2405039
2397550
2601343
2522559
2546438
2481789
2319488
2588271
2348339
2343858
2654745
2472495
2565876
2586627
2553515
2291849
2698283
2498800
2477908
2580803
2619017
2363827
2468977
2875681
3866017
2991096
2874809
2963969
3990182
2947598
2502520
2710844
2569184
2858769
3340749
2441158
2806459
3493657
3494789
2940661
2880112
2631969
3015326
2946817
3473938
3068588
3297643
3091333
3635096
3317983
2651908
2757650
2592852
2660450
3200914
3090271
3647146
2655618
2646024
3734993
2888793
2574627
2877947
2644360
2516223
2644901
2843080
2537606
2448907
2743655
2842228
3538758
2636089
2684910
2858579
2716017
3026513
3238466
2580181
2666454
2941784
4038893
3453758
3327517
3265764
3477868
3199701
3107213
2751354
3086592
4078521
3025631
2975548
2653292
2895119
3197155
2891640
3385329
2754823
2737249
2892232
3315818
3005331
3046713
2554367
2880172
2899790
3382001
3214447
2624080
3205596
3364217
2704769
3028167
2945263
2667647
2621192
2509436
2633714
2780235
2721110
2793077
3090822
2847110
3133548
2933644
2829297
2853135
2452957
2686434
2579199
2875972
2537496
2373441
2585775
2930035
3017892
2846750
3058853
3083865
2962635
2733780
2850178
2911158
2644721
2720969
2538428
2671175
2737600
3060176
3253163
2652650
2532974
2586787
2941053
2572242
2703455
3564471
2666765
2489277
2556032
2573334
2811693
3848493
2776496
3333251
3086101
3219479
2957272
2723064
2916923
2934145
3169105
3724065
2613774
2521797
2823021
2727214
2953323
2736016
2756115
2653322
2675206
2904703
3071244
3164645
2561305
3151191
3200804
2816716
2887169
3523571
2719746
2644059
3033931
3560713
3044287
2951448
3018544
2857216
2895620
3250235
3058943
3061640
3285933
2921664
2605102
2416718
3152133
2744497
2793407
2826720
2944250
3675575
3539389
4214746
3526637
2976780
3372898
2779634
2897253
3048778
2861235
2905213
3019034
3188904
3422320
2958976
3256190
2976038
2795653
2819492
2702704
3185375
2954876
3382673
3705980
2976790
3219530
3148494
3271267
3448204
2731344
2851802
3120084
3369961
2945794
3259759
2960099
2925824
2646995
3159872
3073639
2517997
3474649
3440605
3644198
3198417
3022313
2817667
3248661
3422640
2822288
2761608
2713511
3399143
3252261
2968129
2685190
2639838
3617613
3165837
2793136
3231468
3019816
3822348
3227660
2806770
2985843
2948270
3048607
3177256
3090862
2991787
3051415
3209775
3704958
3003235
3116556
3078882
3108897
2634054
3027395
3035996
3148815
2631628
2868202
3137797
2614445
2642455
2730221
3261523
2623558
2884412
2742822
2544693
2724707
2492625
2633994
3123362
3089047
2447352
3081769
3173556
2692829
2825016
2932050
2924942
3163691
3770771
2956590
2645572
2962796
3034292
2793176
3074290
3111663
2587259
2757188
2815693
2851410
3097117
3219469
2967898
2966755
2860363
2876252
2716688
2721500
2940390
3494648
2560152
2636400
2687345
2511902
2768455
2796544
2533936
2496012
3081138
3079955
2882628
2704157
2952871
2955909
2702122
2863079
3332648
2615899
2684959
2500535
2773779
3239378
3053038
2715043
2612841
3428616
2855260
3165196
3107793
2764376
3410211
3107994
3412706
2647958
2522568
2619548
3065168
3049891
2981893
3264630
2883510
2768596
2970094
3586746
3116284
2870388
2831822
2860643
3370132
2970073
2501336
2893875
3589763
3584230
2746121
2995356
2922787
2705610
2935327
2820925
2488084
2836092
3013049
3456725
3098822
2761238
3209224
3185987
3117869
3655155
2745208
2904010
2919489
3146268
2740917
2964650
2643918
2719143
2966574
2921995
2544021
2812384
2832043
3717629
2681802
3791933
3770541
2729198
2916130
2721109
2703045
2596731
2992188
2904963
2904602
2984399
2751424
2571750
2894497
3437828
3729528
2859350
2651667
2860282
3215791
2817106
2724787
2657511
2657181
2638755
2870989
2888462
3338704
2467532
2992850
3262907
3613953
3330333
3612129
3813175
3145788
2889565
2814700
3504062
3579768
2962805
2646615
2710152
2567790
2935087
3214507
3372497
2896883
3205926
3516062
3367034
3020638
3324990
3372416
2833025
3038714
3755543
3009150
3113548
2834619
3353530
2811392
3217825
2966515
3168654
2797007
3390902
2775633
2701821
3028699
2615508
3059383
2694403
4106900
3099834
2899679
2798850
2760486
2667286
2758882
2905243
3759131
2899689
3346283
3272440
3035646
2722763
2848062
2934315
2568231
2829075
3233394
3431162
2859420
2988158
3120735
3289031
3065760
3290144
2674654
2582076
3386141
3471502
2803071
3095814
2869385
2926777
3261162
2975316
2595418
2538398
3135702
3396476
2828995
3034602
2940530
3203088
2988338
3210456
2897915
2626004
2869334
2825486
3142949
2645080
2601393
2849746
2967286
2900741
3633742
3413016
2628960
3107372
2987296
2875840
2872742
3309130
2887048
2998694
4024787
2807702
2632440
2588721
3360908
3442329
2812374
2507421
3022864
3103222
2998072
2945974
2961141
2484555
2567720
2758681
3269171
3112775
3110028
2933663
2863410
3132203
3092595
2914195
2456455
2410792
2506409
2349531
3356808
2782941
3283908
3335746
2722211
3004398
2892492
2674824
2809768
2871790
3023545
3328438
2437648
2720887
2756586
2639807
3809064
3543650
2803131
3181606
3544100
3493285
2952279
3295647
3240321
2909794
3024206
2778790
2661591
2819451
2696878
3278725
2815592
3141206
2807472
2707796
2820423
2930525
2455102
3438419
2801537
3283406
2441047
2816333
3193434
3310012
3975646
3340026
3263116
3026422
3517434
2840693
3080495
2936771
3194858
2857686
3136404
3079984
2745899
2976740
3061288
2715765
3079965
2990734
2817647
3063273
2828132
2633332
2736647
3043905
3314403
2820885
3874135
2631136
2973271
2858036
2891950
3428996
3053729
3667966
3433909
2804975
3048236
2858247
3032828
2881926
2696167
2556562
2973682
3487961
3332789
2489205
3055253
2983356
3018833
3555088
3307045
3018693
2769066
3379644
3229002
3210556
2772876
2998804
2723615
2653371
2917222
3203931
3288539
2989050
3591918
2921513
3458208
2775131
2898877
3371344
3266635
2670293
2843470
4100303
2697039
2656409
3223930
3124114
3088956
3620018
3113166
2851019
3085177
3340447
2925483
2874688
2586987
2863901
2812824
2544172
2673631
2975787
3378732
3207509
3159460
3154649
2604921
2759574
2610605
3675364
3729428
3393258
3156774
3364758
3282825
2511701
2660990
2808785
2535891
2826087
2834649
3185355
2924881
2588601
3026292
3655325
2878628
2912491
2702974
3045018
3373870
2878848
2751734
2502418
3174177
3802799
2613433
2552381
3138078
2964790
2874647
2764957
2813998
2403805
2715054
2952770
3456926
2974474
2784745
3474048
3154368
3203901
3049529
3947206
4021168
3512131
3062641
3568150
3127241
2927889
3077027
3303025
3058141
2919589
3114981
2828944
3130118
3080426
2660589
2818549
2869314
2832644
2603137
2744958
3021079
3287166
2598656
2647447
2999576
3237443
2892681
2987727
2653772
2721019
2800885
3391563
2723695
2625142
2831761
3283296
3097047
2756155
2658795
2498769
2975115
2884673
2951096
2759885
2835912
2919789
3357630
3091092
3464825
2737789
2861886
4484642
3095683
2864563
3092345
2844143
3222466
2923859
2670183
2603999
2728627
3348567
2978253
3079854
2629974
2953532
3143572
3529905
3190909
3012167
2987807
3420996
2918616
2571439
3128314
2739053
2901273
3570044
2818058
2799712
3299917
3699725
3369920
3416635
3179429
3281762
3353990
2883319
3354712
2878056
3891307
2740736
2679545
3163069
3526747
3095061
3530607
2966394
3098971
3168473
3423933
2861003
2923448
2752525
3227688
3525904
2923808
2563549
2794099
2903959
3584871
2917713
3524772
3345600
3320067
3549964
2956679
2855770
3183209
3606895
3042191
3144303
3056285
3095361
3455290
3504602
3095983
3805786
3376436
3113767
2841705
3030431
2922295
3143009
3301380
2857975
2763794
2867479
3495189
2881754
2732416
3221945
3352126
2920269
2959065
2579679
2769397
2548131
2694453
2755653
3644879
2987355
3073298
3099733
2991094
2799581
2825737
3063262
2800143
2730361
3304558
3090028
2852241
2753328
2923197
2825656
4111100
2960499
2477065
2740345
3506136
3762659
2663696
2574727
2803050
3322342
3152694
2801075
3066209
3067011
3381628
3047513
2986463
3240139
3395112
2942816
3109296
3121386
2830207
2709870
2938755
3137265
3292478
3269973
3026683
3467119
3032486
3352657
2801035
2771603
3317140
2861845
2753478
2924731
2667426
3373719
3687063
2967717
3318713
3211117
3234034
2980298
2893764
2688467
3029629
2937141
2768595
2613362
3064676
2825415
3030632
3284539
3019475
2446119
3528611
3790488
3554546
3180242
3251307
3229493
4336816
3143761
2776344
3224571
2766500
2484093
2446250
2372898
3264720
3062841
3097327
3133376
3465025
2892210
3227498
3227658
2823671
2874195
3297450
3282584
2969741
2767051
2559589
2865605
2518487
2524954
2570145
2628559
2503150
2687295
2500082
2803291
2884512
3033559
2662253
2568842
2532522
2640629
2516542
2445778
2617472
2784104
3248289
3082219
2505846
2589814
2559870
2848081
2753578
2709238
2478990
2527039
2559128
2441107
2360147
2486559
2399023
2612791
2429979
2684207
2372618
3134649
2989821
2451552
2468074
2622825
2446169
2453296
2613301
2396487
2412145
2582255
2345641
2524322
2704106
2574236
2969381
2479351
2500794
3450048
3472814
2789156
2848743
3673690
2902947
3072566
3041178
3621871
3679764
2657060
2591047
3042301
3464643
3298444
3005951
2777116
3680907
3247959
2961030
3385919
3022081
3168522
2625492
2923066
3546957
2871790
2684638
2585393
2683937
2926124
3072656
3384225
2687445
2745498
2886777
2791793
2849796
2722260
2485375
2879869
3019605
2899609
2868261
2862367
2459201
2648509
3064185
3347605
2904461
2520642
2916841
2667125
3195720
2718120
2633040
2735694
2452164
2846868
3378200
3589371
2796554
2674482
3031574
2906476
2933683
3354522
3069137
2716536
2660307
2822698
3295326
3132834
2715955
2886617
2732335
3198526
3332838
2861785
2754300
2711544
3043403
3763621
2899748
3332768
3041839
3159700
2723754
3250425
2844232
3042742
3431381
3677890
2872492
3323967
3048857
2991495
3032416
3032797
3157204
2679305
2691244
2945040
3294835
3118228
3264449
2965802
2711474
3309160
2986714
2685129
2894104
3920247
3709558
2744365
3010723
2855529
2819971
3322873
2714200
2741628
3017620
2783020
3169765
2714180
2544812
2893042
2673249
2791180
2929552
2671225
2754931
3076024
3391703
3783360
3019955
2778439
2701419
2540341
2879839
2936319
3223899
2833535
2690222
2833906
3273681
3134608
3127681
2852763
3229282
2908149
2899067
2760004
2562135
2660016
2995535
3109035
2631556
3014432
2762029
2886074
2760003
3148101
2733759
2472464
2511460
2875058
3451812
2694742
2468564
3001921
3035303
2845344
3210336
2888080
2995956
2779331
3255387
3050972
2654904
2943557
2804112
2588179
2616028
2466399
2643947
2657441
2892240
2813997
3465114
2702631
2665320
2953320
2845123
3300749
3232861
3102349
2980146
3290382
3007935
2754600
3032295
2558476
3102418
2739843
3786507
2870848
3113636
3230916
2763742
2660387
2889804
2972478
3226285
3145355
3362310
2705729
2604089
2776053
3499519
2911497
3212722
2841755
2675214
2952188
2930936
2680908
2542907
2710882
3284568
3204351
2472905
2568280
2553905
3239588
3472182
3594794
2947586
2807451
4033046
2623967
2867077
3264689
2770750
3501082
3460783
2962103
2730972
2845705
2604700
3526114
3227838
2891398
2862637
2722972
2577904
3469405
3156092
3240259
3114730
3405958
3891367
2913543
2742470
3271446
2849765
3113797
3371473
3367253
2810428
2630935
2958423
3303987
3224019
2842186
3086771
2945652
3298824
3288057
3003434
2437066
2695114
2702591
2951175
2847419
2453516
2623897
2642513
3052696
3143861
2750240
2624479
2806488
2921662
3356465
2879388
2678834
2736084
2781868
3070450
3155500
3078851
3038171
3060976
3396785
2667556
2677018
3058030
2862326
2621401
2862807
2818939
2445206
2828131
3227638
3318241
2667445
2376807
3461084
2727032
2905773
3036967
3962031
3124142
3493906
3403281
2978803
2921874
3260469
3562375
3313309
2759562
2884892
3147510
3338211
2675415
2571639
3188331
2608399
2970172
2415684
2584741
2591908
2463792
2537374
2575629
2755943
2514989
2327205
2529986
2445878
2412516
2555629
2377349
2457907
2569142
2538918
2923838
2706622
2433107
2527309
2562045
2482448
2704787
2430320
2432445
2569764
2734000
2477847
3282052
2428255
2449878
2658874
2605362
2699685
2603467
2622304
2610344
2641662
2617902
3599686
3134077
2625722
2479771
2534286
2452324
2378502
2285472
2745297
2617662
3142388
4302021
3450188
8986184
4692273
3533924
2761908
3527719
3663785
3010352
2823791
3016978
3374220
3293641
3308979
2972157
3337961
2829926
3111572
3614844
2931587
2809767
2706070
3235046
2779882
2673279
2939336
2907597
2872582
2711835
2840772
2741828
2573894
2631245
2706782
3214205
3009760
3173905
3529193
3195228
3125416
2647917
2763222
2920269
3551387
3059432
3415752
3112484
2955997
3165555
2926143
2937140
2793727
2701819
3455540
3200651
3337359
2989610
2919778
2715122
3086879
2696857
2912971
3053317
3243367
3077467
3452352
2840582
2927176
2812593
2694081
2734260
3174366
3271285
3146818
2445657
2846106
3141685
3288437
2908088
3005690
3173824
3378971
3764442
3270744
2798046
2704947
2849784
2950222
2706802
2954924
2833856
2724515
3080895
3039814
3245792
2490729
2667685
2617251
2886556
2879207
2606173
2571528
2596149
3103661
3259065
2665771
2447211
2927316
2780494
2717288
2690201
2887057
2548702
2800453
2967034
3203066
2744193
2567939
3205753
3079762
2573874
3096604
3478758
2743953
3225652
3380906
3582955
2769877
2725578
2611176
3531918
3230895
3320818
2581202
2595868
2536933
2782990
3220800
2635716
2531760
2612709
3088072
2840602
3007013
3043242
2853464
2813746
2714260
2497956
2877122
3453655
2911657
2702441
2924720
2629371
2929160
3007594
2882245
3088233
2991635
2697238
3074660
2759662
2984066
2847299
2564410
3096685
3084203
2694873
2477235
2694521
2853864
2768423
3205222
2981329
3026561
3483680
3036395
2832913
2716756
3352917
3302151
3275225
2922895
3388726
3041868
3296818
3096283
3152372
2969610
2872420
2845605
2528702
2904520
2734159
3115440
2825335
2906545
3169293
2784623
2726921
3744844
2807691
2929913
3058059
3084675
2655335
2611336
3080584
2930995
3037047
3318301
3234334
2941651
3503097
3558413
3151800
3169213
3000236
3197343
2815711
2783561
2812763
2948789
3230233
3485123
3216720
2880902
2747833
2965530
3222324
2802598
2838025
2937220
2689289
2703484
2845715
2768223
3576227
3232890
3750779
3153234
3105125
3530335
3154096
2685960
2997179
3455700
2772724
3000867
2828662
2996397
2967906
3959423
3124974
2929491
3350652
3588558
3082740
3439039
2860331
2776795
2888921
3270022
2874034
3340998
3213512
3164371
2846707
3145074
3095310
3166236
2903307
3086650
2602454
2832292
2820823
3718087
2604589
3426037
3057598
2783872
3449936
3535057
3106027
3014110
4365656
2741096
2881242
2859519
3287636
3410418
3274302
3377187
2676186
2687093
3512691
3525172
3040866
3248289
3241221
3405667
3429496
3128292
3148212
3011754
3893050
3151680
2861744
2745397
3050099
2548180
3243466
2829084
2516231
3367243
3546484
3059723
2856060
3161163
2959986
2858606
2838327
3010200
2926595
2774108
2742039
3153414
3196972
3478838
3031734
2636549
3074639
3025518
3073617
2702361
2822487
3570384
3414378
2523088
3165354
2932930
2723263
2917953
2703474
2448323
2931736
2881122
3010882
2750600
2748194
2946814
2791842
2575779
2929822
2990371
2858847
2522276
2678582
3083953
2640318
2470719
3337419
2853263
2551068
3148903
3168582
2811470
2664487
2992597
3525612
3809754
2654874
2985380
3154537
3457896
3007835
2919587
2686100
2903297
3064625
3607094
2782669
3057217
2793055
2757637
3155309
2780734
2893402
2913342
3036195
3225963
2982541
2686521
2796994
2574304
2849584
2945781
2886615
2668818
2838978
3258092
3136091
2728334
2939315
2898996
3442888
3186827
3219888
2970072
3069135
3009909
3067461
3734798
3001238
2745988
3056836
3073276
3072344
2991284
2667655
2589762
2612779
2804653
4075851
2978372
3275305
3256869
2820642
2791210
3127079
2761827
2642152
2607667
2796903
4250110
3058399
3160962
2698421
3003433
2947415
2949962
2701619
2727602
2848350
3055623
2754008
2861303
2984046
2707292
2718360
2698851
2631655
2716806
2944458
4073395
3515698
2808281
3451108
2882255
2775020
2893221
2940548
2587788
3123059
3223487
3047282
2861453
3255746
3038290
3676003
3528228
2925240
2786367
2847288
3583436
2660497
2849975
3082208
3815117
3214614
3046280
2914835
2947345
3137083
2875538
2827238
2646261
2659464
2538205
2799299
3077727
2830286
2551418
2817665
2745036
2729187
2947806
2553684
2492161
2407072
2606604
2427001
3112453
2507510
2435161
2423933
3046189
3360505
2824642
2560239
3254022
3211287
2723212
2784994
3239547
2822206
3757455
2856000
2883798
2612850
2833584
2606554
2530597
2420083
2909171
2608298
3765855
2535147
2627365
2494046
3077838
3136632
2884420
2489494
2941941
2815980
2628838
2457245
2384025
2507038
2428645
2581583
2914343
2674551
3700534
2634914
2358441
2879918
2660537
2564109
2661349
2488904
2491249
2364496
2562495
2583426
2576469
3529913
2943977
2768484
3278683
3097054
3139970
3524670
3205592
2891366
2780764
2845243
2899407
2540080
3127891
2919506
2989489
2565302
2536791
2586264
2593933
3075592
3329298
3833192
3476952
3065125
3020986
2683223
2869302
2900970
2744033
3483368
2538135
2894213
3359091
2569572
2928067
2898284
2702210
2732926
2887678
3047893
2792323
2535258
2600028
2724365
2728545
3206143
2615105
2818216
2695183
2583878
2800252
3038730
2937220
2572219
3175688
3415751
3491909
3208550
2591938
3536540
3064474
2775491
2718380
2903186
2652617
2528170
2635976
2714430
2613090
3354671
2663354
2867960
3041066
3019183
2557072
2990592
2536411
2746870
2593402
3255045
3411331
2925120
2812132
3147950
2848652
2730480
2832161
3253140
2698681
3370840
3285741
3663252
3439189
3285720
3196781
3079522
3137033
2959084
2899076
2796041
3233361
3449735
2669369
3369737
3869331
3845672
3741947
3299715
2876049
3794527
4135227
2625009
2860862
2790779
2797545
3196581
3073958
3190114
3023733
3260949
3257691
3009418
2952928
4157943
2870616
2535639
2533263
2583016
2778388
2680877
2615466
2529945
2649209
2707373
2511570
2768905
3314762
2903026
2913321
2469385
2521885
2547217
2594244
2735121
2772814
3035693
3747751
2773807
2595477
2678161
2526396
2686972
2815419
2682131
2550455
2596278
2359344
2729557
3311183
2690862
2856992
2700446
2878044
2580539
2610002
2431983
2429808
2716365
3661708
2424775
2469305
2559137
2320839
2652217
2613471
2402711
2636949
2621340
2560189
2500852
2614072
2715312
2756714
2641259
2405557
2573141
2616438
2910954
2711522
2681689
2509884
2522636
3121374
2685378
2543969
2885001
2662622
3447359
2867688
2580640
2698250
2581913
2399843
2480271
2865883
2568029
2952958
2766588
2777606
2850255
2440063
2569813
2396114
2588750
2709357
2370420
2730951
2457295
2377538
2484913
2800623
2480773
2438960
2634442
2535910
2848731
2383583
3336374
3086628
2728645
2670000
2528100
2389417
2480823
2442358
2780603
2594984
2598092
2554906
2768864
2737767
2667694
2650542
3059993
2670040
2718560
3247265
3185282
2922854
2557302
2450498
2613340
2639014
2519519
2760283
2602193
2549182
2943816
3055903
3013207
3156982
3275094
2878415
2512982
2534525
2497063
2552169
3052174
3381336
3571104
2739031
2721697
2721206
2612147
2700375
2586053
3216719
3864448
3082017
3114227
3327563
3213431
3446406
2641279
2910413
2675193
2788954
2722790
2506436
2514076
2438980
2629761
3024495
3493352
2852380
2791279
2978531
2731121
2733657
2511940
2906313
3419239
2895145
3231796
2679333
2680235
2786057
3103119
2931706
2376636
2674251
2710951
2524521
2652927
2529313
3315242
3080222
3090228
3214454
2746219
2514085
2929942
2569983
2511789
2532331
2422599
2506947
2539639
2444924
2471640
2438649
2479971
2493194
3055752
2932658
2759511
2695874
2596058
3537912
2539227
2456213
2631104
3228419
3554413
2809274
2504782
2851107
3377526
3192028
3243977
3082318
2717266
2740524
2865773
2804542
3029317
2517424
2817344
3006952
2745476
3104733
2729387
2647575
2643003
2668496
2926814
2817413
2830145
2800111
2760693
2351634
2392305
2421306
2895176
2836181
2714610
2744113
2725828
2835880
2656186
2507880
2685880
2601431
3312205
2485635
2398561
2501003
2539909
2539638
2683794
2394430
2547388
2840210
2826356
2709809
3017087
3325578
2686140
2767090
2866535
2718800
2888489
2884119
2452624
2650752
2481976
2711512
2943255
2423582
2590173
2604890
2396695
2679664
2566705
2831258
2649238
2868129
3159598
2578594
2717858
3129333
3412873
2535698
2617010
3059040
3722418
3129033
2884299
2780994
2870375
2622533
2683303
2740374
3199487
3529361
2567187
2553232
2853563
3073937
2705748
2688195
2734991
2997067
3132551
2743210
3410507
4053575
2773365
3008355
2945179
2855258
2731782
3750075
3065436
2617220
2807800
3682459
3080503
2805495
2807499
2985238
2600158
3328475
2776664
2600358
2889452
2863839
2935565
2441716
2694200
2846757
2705618
2949480
4090707
3015864
2685909
3091490
4102626
3829993
3214564
3306200
3222784
3506284
3145795
2547197
2895847
3076363
3437274
2865492
2872270
2983003
2862686
2751160
3500781
3281118
3016134
2789555
3991773
3157433
3321598
3078578
3558322
3381857
3253200
2836962
2635054
2751611
3680484
3712924
3141193
2712464
3356174
2992787
3074258
3602281
2905131
3135209
3117885
3325528
3428853
3063201
3347422
3190023
2892198
3119810
3909088
2755150
3306821
3448110
3319643
2973790
2551377
2642673
2624858
3224087
3208579
2488020
2678731
2454949
3669837
2723281
2542475
2382761
3975412
2787239
2688355
2592678
2502646
2513313
2609119
2758238
2434859
2429166
2693818
3545229
4022217
3036474
2789304
2672716
2554425
2727802
2839398
2916207
2623435
2854746
2821113
2865412
2525193
2731662
2640056
3233130
3208829
2633018
2597020
2563076
2646061
2763260
3381145
3044493
2676165
2487178
3450877
3114266
2958011
2656245
2818506
3078438
2887226
2695021
3148661
2723592
2494857
2601460
3037898
3311603
3138044
3144530
3348213
2709297
2548089
2809053
3288707
2748984
2706730
3274612
3325267
2735201
2710349
3279894
2622903
3294300
3592216
3390969
2592277
2645289
3111800
2557371
2613841
2524400
2383131
2623895
2416343
2872338
3423148
3031451
2890363
2999763
2857864
2879978
3034459
3407099
2773104
2573801
2439591
3074288
3061285
2638070
2677949
2976687
3077285
2992877
2829534
2803439
2577882
2779229
2528089
2664807
2891587
2766919
2996485
2734549
2693678
3002510
3394699
3325287
2843648
2730930
2627895
3439368
3324706
2618834
2713357
2739341
2689087
2559587
2722018
2839047
2836350
3096944
2749336
3175257
3057246
2847017
2644927
3045536
3783367
2861712
2630192
2772613
2869703
3627152
3207466
2587166
2686781
2694520
2671173
2739201
2995212
2881672
2615395
2775570
2835959
2759350
3062399
2751430
2871477
3118145
3160049
3020866
2947926
3390157
2781244
3073154
2813313
3336795
3313347
3149774
2956046
3079150
2554595
3071009
2645991
3143698
2741947
3090107
2633710
2638773
2840060
2901591
2865883
2561843
2703713
2892268
2770769
2663293
2839528
2840991
2621721
2742789
2652456
3447409
2744694
2664416
3731820
2462257
2503950
2601731
2388394
2595164
2386901
2686440
3069295
2432855
2523789
2489103
2331945
2402088
2442167
2314322
2469104
2594754
2376355
2440342
2419401
2702390
2879035
2528500
2471941
2436343
2457445
2504220
3081675
2490085
2712746
2943254
3003854
2588709
2714179
2657469
2711863
2527418
2600128
2696786
2395522
2412645
2460422
2494656
2670160
2686500
3834523
2717617
2526055
2696324
2766117
2817834
2658551
2703583
2530586
3047591
2815639
2872088
3162866
2629800
3116551
3375250
3314180
3089074
2793624
2801735
2767581
2988706
3576547
2548540
2909481
3289960
2780072
2940497
2883908
2622953
2879035
3054288
3311132
2806487
2922603
2942010
2831749
2678671
2699432
2840731
3108893
3079781
2777264
3037466
2549823
2462117
2669989
2550574
2593200
3770125
2763069
2742398
2457235
2654922
2700104
2543046
2372827
2499358
2447601
2792702
2671553
2607194
2536190
2565341
3255665
2673007
2674100
2686460
2501294
2736223
2792202
2575927
2509493
3189332
2634492
2572950
2888138
2526646
2614001
3369786
3527035
3023362
2736825
3067300
3067752
2933019
2809143
2688696
3000696
2883878
2897762
2880880
2634432
2628106
3129835
3057847
2662131
2767761
3022349
2732353
2552901
2604037
2747230
3029276
2703913
2893260
2711341
2411892
2361759
2427461
2746949
2706620
3257690
3441583
2739581
2582012
2774868
2456913
2468943
2526425
2614301
2703091
2802246
2528741
2540008
2796843
2487208
2531066
2376254
2367452
2798787
2540850
2395913
2657779
2698219
2480351
2865040
3182303
3351672
3092261
2683131
2889019
2816271
2862374
2569080
2365527
2733837
2659734
2476431
2663874
2565963
2623885
2533682
2762026
2814997
2853552
2753175
2717045
2715762
2450518
2721326
2903405
2887044
2791970
4038737
2681557
2640888
3050168
2727742
2669177
2611825
2822044
3203536
2559738
2884198
2473294
2439942
2429676
2613340
3302881
2612818
2608126
2736894
2473384
2690611
3263133
2855828
2493905
3190815
2884579
3209471
3189100
2786306
2560830
2918372
2720765
2581741
2837954
2813152
2705427
2765676
2541733
3504148
3563965
2836530
2801865
2785334
2976757
2680645
2978630
2937269
2528290
2511217
2963744
3764580
2553341
3286862
3285188
3118967
2821012
2974802
2493072
2730498
3951803
3598351
2534094
3028013
2831699
3011833
3316114
2695833
2642040
2534666
2841683
3173150
2621720
2813494
2967323
2477985
2748623
2717557
3878020
2598132
3064553
3617558
3806725
3029898
3066708
2750939
2741756
3319843
3166284
2546123
2748122
2904728
3682268
3970529
3002099
3743108
3236457
2821944
2516440
2548990
2488442
3226503
3416932
2622472
2962702
2653589
3224137
2593471
2730980
2682279
3282662
3590511
3110807
3274030
2822085
2807699
3221160
3247906
2759480
2568158
2712344
2811759
2771650
2710519
3371070
3120631
3115339
2914593
3345446
2990280
2523979
2544881
2679954
2902212
3355691
3142445
3446836
3225800
2696344
2532530
2658341
2882033
2810135
3020163
2850605
2862765
2552890
3006791
2716063
2854184
3054338
3486163
2684675
2484341
2910171
2942321
2908107
2902954
3000214
2673167
2623183
2831719
4174563
3053936
2846104
3037316
2829714
2844830
3198814
2821463
2956346
2836971
2675051
2720273
3751267
3283824
3602189
3111017
3190354
3164099
3376282
3102266
3169010
3016564
3079801
3160430
2899035
3611773
2892438
2680956
2936406
2620416
2736704
3363962
2808110
3160630
2406709
2573491
2502506
2773465
2795639
2879275
2814105
2543908
2584799
2902122
3409585
2493013
2694058
2524801
2996585
2692034
2933560
2842766
2644948
3052513
2995834
3205651
2556970
3073335
2610733
2735691
2612026
2651393
2738428
2652937
3416471
3738997
3179606
2717216
3706598
3082156
2957248
2778467
2717566
2559195
2804080
3890942
3323812
2744934
2731501
2685608
2674400
2872539
3765813
2977989
2533012
3148710
3502062
3023020
2832290
3195527
3085725
2834796
3089154
2952285
2534274
3368994
3512198
3332354
2591977
3062277
2880157
2837933
2756292
2675543
2881842
2648265
2834014
3481071
2961398
2589571
3023561
3058648
2708214
3159738
2750959
2453626
2736353
2667703
3630730
2749606
2645218
3122245
2885831
3113733
2981888
2754286
2655021
2820019
2853672
3276867
3209380
3442184
3298400
3128670
3500398
3013156
2653538
2989537
3987409
3160419
3363861
3418165
3183005
3485642
3295713
2644065
2956004
3314669
3865760
3312675
2738568
2799528
3075359
2890934
2993527
3104792
3238561
3125232
3166835
3638258
3141042
3186082
3256015
3221189
3423689
3543725
2645669
3414937
4784867
3494654
3168950
3251774
3417022
3043761
3106957
2629228
2816691
3397434
2865251
2783760
3079570
2939033
2693838
2856228
2755379
3127959
3437864
3425754
3159016
3132099
3332203
2854564
2773534
3027491
3064392
3282130
3466555
3472138
2661678
2891195
2763400
2895084
2934040
2878764
2517743
2750137
2788922
3675721
2785254
3017857
3017526
2730598
2691031
2738629
2776171
2573521
2575656
3235785
3104591
3258922
2736813
2590242
2517031
3755769
3074146
2855116
2805153
3180168
3253158
2861812
3526853
2786656
2878273
2874825
3331481
3286299
3041525
2663653
2782637
2997377
3171847
2921088
2442086
2789463
3030739
3186985
3135196
2875836
2930020
3013386
3209620
3297838
3023241
3304254
2913259
2831116
2949920
2737125
2800621
3209952
3284124
3531615
3136149
2840168
2612497
2639323
2847407
3159096
2721366
2862123
3021706
3327581
2967744
2936888
2961629
3121593
3151406
2957468
2756261
2640125
3095529
3398868
3049275
3072122
3904425
3131999
2959053
3076642
3256546
2860820
3387991
3028133
2526755
2748282
2556609
2674570
3006319
2890192
2648105
2911254
2479108
3031290
2676896
3455337
3183276
3028213
3191596
3773953
3396181
2623504
2574844
2795088
3260907
2461624
2737195
2903756
3195275
2916177
3225700
2658521
2586894
2600317
2881551
2907936
3210021
3162745
3661526
3190754
3213911
3549158
2742017
2779018
2846124
3691980
3182344
3127808
3089995
3256707
3282681
3207325
3059620
3167507
2944887
2934461
3267293
3171907
3316705
3192197
2932938
3264055
3371740
3579633
3723600
3802092
3120851
2965699
2687212
3513219
2917058
3251133
2990189
2772722
2788691
3242852
2808179
2879586
2977096
2916066
3060172
3344012
2767128
2792080
3048032
3572155
2752523
3176299
2721255
3112461
2988615
3078797
2570233
2989478
2923785
3924143
2591225
2907324
2791969
2915133
2867586
3204116
3167076
2833332
2987042
2934181
4693563
3701133
4267471
3387329
2971172
3579373
2771990
3028393
3001978
3317076
2934241
3290921
3101413
2685758
3165993
2776150
2495388
2927584
3124279
3101624
2478496
2737646
2757736
2760893
3679971
3548116
2832389
2769194
3840707
2899425
3325056
2856289
3243364
2963543
3282821
2581099
2631503
2758457
3491466
3292896
3344142
3039049
3032994
3996442
3375139
2631945
3388321
4807404
2970711
2803759
3007401
2691742
2873872
2965368
2938982
2582161
2698378
2782486
3586219
2532790
2728433
3140660
3523193
2955122
2870663
2951302
2715681
4572954
3235935
3217138
3147688
2822084
3268335
2945358
2667993
2813824
3199365
3899492
2888056
3097464
2840429
3652633
2878583
3778554
2980946
2677407
2944977
3587041
3419137
3011261
3285958
3068803
2896367
2931152
2687321
3505350
3221911
2877410
2800290
2948275
2751580
2773754
2757394
3115318
2793724
2581290
3536928
4259761
3269759
3062236
3012253
3353305
3356723
2833712
2771078
2747550
2792029
3841048
3121292
2814054
2886753
3302619
3473061
2864568
2474756
2918131
2831988
3854912
3262641
3246401
3291202
3178313
3584335
2905199
2608868
2619614
2848349
3153171
2627845
2877129
2779458
3114465
3789742
3056121
3053404
2904768
3128840
3451537
2808951
2911274
2954119
3335501
3277768
3090035
2803137
3013115
3143978
3500959
2743760
3089694
2752632
2892718
2840048
3287141
2593599
2693196
2835757
2739810
3557138
3111288
3585437
2971292
2990830
2938622
3012283
2621839
2913268
3010318
3356362
2613840
3299743
2898372
2601239
2883435
3019631
2732734
2642080
2705676
3053936
3037565
2669117
2718679
3420841
3183195
2790145
2731691
2890172
2738528
3218432
3018929
2411711
2923885
2907575
2614512
2905670
3010088
2569210
2596628
2647864
2875306
2940857
2646631
2812811
3097012
2670910
3251824
3075339
2489052
2641828
2853080
3028894
2673707
2501272
3552296
3197199
3121944
3000093
2656877
2698047
2405947
3009135
3163737
2898352
2759570
3023411
2937017
2875505
3768439
2958661
2658951
2962802
3173952
2901751
2696825
3274279
3007551
3164088
2914051
2691481
2639975
2951212
2951212
2951463
2565921
2960224
2728704
2849531
2815818
2917088
2691101
3094887
2951724
2936165
3628715
2636676
2929087
2628235
2599054
2962981
2901519
2820279
2845551
2743480
3319371
2539417
2518906
3005075
3020954
2752281
2742166
2574493
2795758
2676885
3156408
2711170
2802706
3362959
3095248
2615805
2974450
2874123
2742367
2524450
3139116
3487125
3033225
2896227
2635112
2851716
2682780
3191345
2653258
2837722
2875877
2841953
2754898
2773162
2882613
2851186
3131066
3207786
2944466
2653418
2540399
3254190
3909217
3021747
2973357
2752492
2642580
2888106
3053244
2742868
2524519
2811859
2742528
4041092
2889791
3022729
2581520
3139517
3232056
2927744
2445715
2805302
3159958
3209119
2656756
2639413
2697757
2812239
3026128
2955573
2622632
2638431
2862915
2558273
3662397
2825151
2687131
2554905
2931935
2919294
2969317
2500440
2836128
2836670
3287032
2898161
2818465
3159045
2984765
2848910
2889851
3118205
2895184
2939233
2784812
2793203
3482283
2571386
3486182
3081995
2704714
3234883
3057595
2547877
3258160
3047961
3632985
3073895
2975452
3385063
3184548
3137913
3148078
2784381
3414375
3729101
2936837
3108621
3023431
3469481
3219233
2899414
2792510
3112510
2873199
3593577
3112971
2809322
3450454
3249689
3204808
3312764
2905218
2812109
3084802
3537960
3361605
3030578
3262911
2844328
2915684
2892237
3430735
3092321
3046737
3066346
2683632
3125713
2606141
3922599
3238200
2932375
2884969
2889780
2457534
3092981
3573888
3240837
2681015
2767187
2497032
2614722
2537902
2607403
2512771
2693787
2672524
3198321
3015741
3236666
3161942
3013335
2717916
2850443
2620085
2476310
3324854
3921025
2916025
3192798
2883094
2670790
3020984
2656494
3387769
3672602
3401462
2778265
2494455
3401392
3150914
3187465
3093543
3011541
2580498
3050948
3656643
3101623
2797312
3275402
3056261
2833491
2870012
2610081
2878362
2945358
3441432
3655910
2967261
3183074
2936536
2947002
3468569
3062427
3101583
3525910
3820076
2830063
3382095
2929648
3116500
3719036
3186332
2949699
3051079
3425081
3329104
2612365
2671772
2786686
2611213
2843637
3484167
3301306
2945367
2931604
2957077
3065825
2674980
2756001
2910993
2719911
2956545
3044312
2508259
2798004
3105101
3672662
2614752
2978339
3422485
3332483
3290168
2796791
2571666
2638029
2926631
3173701
3073844
3122404
3395729
2731219
3233820
3252846
3232275
2916887
3161049
2669116
2618772
2785072
2557540
2897399
2866022
3199965
2544308
2923493
2863966
3238440
2580588
2898131
2567916
2900396
2783909
3113061
2699932
2498285
2599344
2841451
3228095
2747629
2854834
3170603
3077424
2928626
2995592
2577941
2562703
2608286
2752000
3708220
2607914
3116018
2934901
2672875
2872538
2955483
2761534
2817141
2636766
3045154
3570911
2690649
2709034
3505350
3263773
3032423
3018769
3037184
3372080
3778333
2784711
3191525
2749324
2803939
2872388
3464328
2812290
2602471
2824008
3081193
2887114
2650380
3087849
2841561
2721124
3002890
2873811
2648846
2640265
2703130
3422806
2794765
2770857
2880768
2750447
2905399
2926512
2767839
2906382
4341483
2890793
3072170
3045214
2772300
3162594
3001456
2692634
3364321
3043770
2988825
3458284
2664845
2803047
2830685
2734026
2702910
3359439
2824108
2651613
2577851
2666540
3172779
2859395
3146163
3398837
3096671
2954931
3427497
2711812
2878553
4058474
3277106
2565039
2812189
2844038
3169912
3026748
2894592
2525752
3169169
3678547
3684672
2532038
2868468
2953638
2689857
3532436
3412380
3430014
3200707
3128840
2999261
2476721
2591374
2574973
3295502
3386426
3027259
2807989
2916346
2603995
2743510
3508096
3266600
2760651
2582402
3486252
3652352
3052452
2935864
3140619
2787488
2917368
2797552
3281266
2948966
3834843
4156075
2747500
3217469
2597991
2798495
2939273
3113743
2513703
2681807
2974329
3402275
2692664
3614599
3228375
3086736
3739657
2845952
2730127
2493141
3656041
3633847
3617175
3326618
2956845
2858614
3136990
2928094
3401582
3643840
3343048
3335830
3499514
2705506
2924425
2721144
2517290
2759398
2965367
3572565
2591594
2782806
2762246
2964033
2961598
3914428
3210291
2884076
2953758
3172427
2671762
2604786
2606160
2653698
2876667
2964905
3049444
2569660
3078686
2899945
3042998
3338978
3510411
2956164
2674349
3294729
2930069
2965828
3447687
3763546
2698779
2633959
3091137
2791287
2806574
2784861
2534143
3027490
2919353
2877209
2511637
2964554
2867615
2712152
2961527
3387899
3144248
2860117
3548275
3150613
3449661
3211383
2890973
3058777
2931704
2686629
2960414
3079579
3851322
3158162
2856147
2634450
2865831
2846864
3730845
3532666
3570389
2883264
3179876
2707600
3175746
2741524
2926199
2909739
3774964
3142102
2980654
2602180
2960816
3208898
2716653
3668181
3521899
3215854
3113121
2991551
2483247
2606612
2902251
3160117
3319370
3158022
2739178
2940846
3225177
2950711
3191895
3091237
3753842
3029124
3156187
3393012
2859887
2818835
3075889
3001886
3204637
2968043
3116519
2762606
2941207
3616042
2963452
3202031
2678378
2959141
2506925
2787166
2964033
2927383
2674409
2769764
2619924
2555425
2891725
2674499
3094966
3323500
2998268
3155506
2546102
2716613
2641157
2617909
3005184
2859034
2500840
2889489
3031490
4038975
3065052
3705333
3629555
3177961
3338337
2705085
2847024
2913899
3030949
3250500
3134173
2949086
2982449
3790412
3048311
3190101
2813091
3621365
2810003
3000954
2593278
2655432
3009064
3712751
2994028
2702417
3230300
3833959
3093382
3564073
2993226
3328432
3606939
2826103
3328653
3282740
3988652
3098886
3082455
2913498
3575351
3036823
3243704
2746266
3339710
3390796
3639289
2870582
3308413
2894541
3116669
3717412
3148278
2826213
3639560
3225228
2938591
2537019
2905980
3175475
2808309
3223895
3232726
2930380
3101743
3091237
2844799
3061283
3115006
3067187
3084951
3077302
2769072
2685396
2725645
2986799
3152178
3039550
2984474
2500409
2834954
3068270
3011590
3642507
3093222
3301546
2983320
2952194
2983692
3397062
3043650
3589707
3191003
2866212
2767208
2845651
2478194
2568607
2520338
2928696
3462643
2507887
3006528
2986098
3254199
3167024
2726397
2793202
2494565
2795357
2635613
2527656
2656263
2528038
2465934
2549781
2352474
3123707
3130845
2903825
3183475
2747890
2704152
2597369
3292193
3229568
2879706
3057073
3047369
2549962
2493362
2686268
3242239
3124349
3123226
3262039
3013595
2674228
2442426
2563665
2366208
2351942
2855445
2829892
2579605
2610240
2849039
2602261
2637418
2609178
3147947
2789854
2594461
2797071
3109753
2923894
2809531
2902591
2610851
3060421
2925539
3127677
2706598
3008132
2963090
3203784
2559144
2608475
2840689
3191314
3214752
3066616
2750346
2691911
3002528
3167897
2853040
2485833
2975280
3228004
2745062
3174362
2667662
2785563
3580865
2942460
3492306
2793352
3009896
2704512
2714979
2839275
2984383
2599663
2777051
2433414
3121632
2804359
2656725
2634380
2619904
2694999
3431326
2771829
2513562
2613207
2406337
2557751
2669015
2790164
2788280
2631883
2587473
2585359
2817983
3223774
2512579
2893409
2759278
2876737
3284212
3164537
2475898
2924045
2722607
2559004
2448912
2603313
2544949
2809041
2610992
2554984
2441273
2753654
2733464
2758555
3371307
9151528
5805182
5598332
3759114
3735627
2762265
3499043
3247081
3268945
2792039
2731439
2626540
2539284
2722367
3059048
3221007
3399637
3138433
2624956
3296734
3142604
3353002
3224335
2705214
2544939
2575815
2625708
2412271
2601568
2896677
3539754
3327860
3124298
3264173
3896955
2664243
2558412
2751629
2604766
2563635
2497271
2385937
2679541
2618861
2584125
2760069
2596516
2686298
2435669
2657136
2568036
2606661
2600887
2469542
3670496
2901418
3342697
3687288
2850763
3090786
3237247
2881309
2492800
2590852
2644785
3060581
2690187
2754536
2718909
2712572
2584456
2787998
2613598
2441694
3075709
3393272
2957968
2717776
2546302
2735148
2776370
2526012
2715319
2719340
2737564
2801382
2513020
2476250
3011350
3060561
3149831
2873730
2791968
2581619
2710257
2638470
3108680
2985215
3170122
3201880
3233538
3118574
2730587
3302969
3035358
2601548
2752682
2595404
2710968
2602811
2943652
2849421
3110213
2551023
2537440
2691110
2757243
2569369
2865861
3010518
2737704
2444401
2673306
3326828
2803878
2898892
3120077
3139656
2669737
2493492
2411520
2315694
2623121
2646670
3512416
2873870
2555204
2780219
2697425
3282740
3069864
3018297
2516789
2536458
3200466
3541959
3270690
3328442
2873831
3194231
2821862
3307400
3196907
2997054
2490334
2963211
2711319
2823216
3285777
2577168
2876497
2967832
2925969
3082916
2668694
3060110
2570432
2741755
2811296
2764301
3636793
2729303
2761884
2805622
3064410
3247412
2778806
2685666
2733113
2850442
2578652
2748390
2966750
2564638
2967942
3356561
3223603
3096249
3309857
3086946
2991229
3053102
3624753
2733293
2955653
2789953
2659051
2811236
2635603
2666449
2858693
2844348
3472146
4101298
2694258
2710898
2622650
2684002
2818233
2692423
2635994
2607944
2691922
2720332
3023660
3432910
2829221
2715760
2826955
2911232
2799828
2778535
2666007
2567614
2509160
2850011
2962018
2699300
2721906
3376260
2957988
3045163
2800069
2621127
2717465
2994357
2920234
3084881
2975411
3006708
2765061
2987320
2741785
2797201
2654930
3356120
3364732
3068159
3071298
3059989
2952514
2680483
3434333
2768240
2609969
3177188
3345083
3853487
3173861
2972273
2970970
3326036
3289727
3125441
3181429
2936374
3069984
2792440
3470933
2701254
3159164
2856818
2837110
2736251
2894411
2774084
2534012
2730076
2698668
3495574
3164688
3111146
3699908
3386083
2619201
2720843
2841089
3472778
3499714
3391497
2941617
2456069
2751529
3030506
3405000
3119406
3666907
3187854
3605104
3267291
3122453
2915191
3033864
3418483
3013875
3042165
2925387
2660384
2558612
3225317
3433300
3236304
2936173
3057413
2992452
2847475
2668163
2926139
2552948
2485492
2645547
3023509
2698016
3444397
2496128
3064249
3078334
2527506
2554923
2813762
2617097
2484389
3147044
2934399
3308202
2850151
2748160
2888847
2607382
3025464
2902260
2850122
2738396
2636905
3624973
4314685
3122604
3073062
3006828
2936766
3130222
3431456
2660664
3039278
2877519
3012883
2932364
2733253
3243502
3192927
2894591
3022376
3011219
2354659
2586992
2677094
2843916
3989712
2821290
3136537
2878431
2842723
3305706
2676573
2708853
2615373
2791517
2978267
2784268
2838542
2720281
2491928
3301535
2972954
3049623
3263061
3559351
3265325
3490491
2948594
3333795
3013846
2948193
2965576
3101101
3208907
3684379
2889639
3061664
2591714
3158181
2894070
3139846
3166452
2818313
2576727
3159675
3376510
3029785
2560717
2877459
2826934
2616896
2649928
3059518
2983159
3546871
3507252
3283200
2709855
2652003
2889458
2830924
2601749
2591222
3488897
2913398
2907773
3240685
3721261
3269336
3353945
3150112
3033975
2947862
2691239
2544959
2823275
3097752
3124899
2800148
3041503
2759728
3089723
3353964
2962217
2692031
2746386
2945938
3343639
2760700
2966368
2773041
2916755
3129861
3121562
3255191
2720461
2943121
3711607
2868096
2953527
2769333
3038336
2827275
3094665
2786966
3099717
3226300
3354275
3053783
2818794
2810032
2934519
3419697
2969085
2647562
2826413
3146092
3569075
2924054
2694628
3599962
3308201
2939802
3380240
3324091
3040361
2720121
2917216
2759768
2895815
3025584
3142272
2890902
4034443
3037504
2657807
3187965
3056160
3260494
3386023
2836477
3327529
2845891
2934149
2736581
2646047
2978638
3188967
2532137
2789142
2742135
2774655
2576527
2618821
3268193
3003931
2778575
2862101
3523011
3110443
3251982
3890989
3246149
3677402
3188586
2700813
3130713
3238469
3513729
3658315
3179585
3119466
3003299
2844698
3034867
3721451
3099427
2890221
2858572
3850600
2918220
3207784
3517077
3197880
3816355
2856758
2875835
2860978
3617505
2923282
3132127
3094525
3014978
3056440
3038817
2911022
3280443
3419696
3504757
3164898
3191202
3314035
3259622
3291460
2947441
2712542
3020882
3251070
3275119
3929885
2898431
2986388
2841119
2692924
2763628
3039087
3122103
3014006
2812859
2596897
2804378
3897997
3186462
3009655
3274538
3034516
3225147
3120809
3369874
3096119
3471835
3669533
2931913
2942589
3627078
3079518
2782354
3100168
2997806
3232776
3082013
3852905
3236014
3715115
3361864
3367869
3259612
3141430
3109371
2880415
3021664
3815713
2904235
2697414
2816758
3472918
3731836
3084941
2665837
2780790
3379768
3852263
2719519
2838983
3508425
3199052
2804097
2901849
2797612
2985875
2441924
2645987
2859444
3541186
3520986
3179122
3061793
2566110
3185869
3267751
3344320
3557967
4325020
3322998
3153629
3317955
2910750
3769078
2921237
3500445
4702230
4388405
2976713
2608815
2807015
3502751
3024451
3166722
3142553
3494100
3037744
3170120
3237637
3081272
3439585
3238970
3115877
2805591
3245968
2772790
2512518
2964353
2937948
2776901
2882741
2537670
2493622
2698377
3624742
2881418
2832578
3070696
2885739
2886792
2734836
2905919
2585318
2926860
3392309
3194180
3462100
2640704
2852638
2897478
2979260
2841961
2893177
3173499
3209407
3099948
3694554
3504826
3174110
3310567
3424187
3226290
3370334
2805381
2619112
2685705
3261255
3044921
2669485
2954228
3038936
2730305
3096058
2795125
3320271
3220194
3039608
3780246
2971480
2730816
2667961
2743238
2967391
2635391
2904936
3083948
2828357
3018857
2991149
2887584
2751377
2898420
2823716
3117260
3164767
3336220
3334436
4249774
2839584
3239471
3075988
2859093
3241767
3461168
3250479
3211302
3428097
3698755
2948955
3207683
2887483
3830169
2782374
3009264
2861108
3351046
3115787
2756149
2784439
2955842
3040571
3068018
2819967
4515640
3458613
2919672
3025724
3164827
3067307
3392820
3658505
2857058
3229587
2997976
2980062
3212725
2888987
3564754
3098624
2815636
4122380
2666599
2955270
2844457
2736160
3040822
2930870
2637377
2444961
2601908
2588475
3129300
3902226
2828457
2560367
3137580
3086625
2785852
3193889
2682548
2434095
2376162
2875795
3323358
2856598
2611622
2899322
2626639
2546552
2690748
3672049
2874060
2441102
2716902
2565078
3485840
3412128
2608044
2573509
2688513
2472720
2549099
2729073
3067718
2493090
2952654
2870010
3256053
2540838
2753633
3401140
2832709
2608104
2922459
2762033
2620575
3357412
3461228
3212525
2609617
2871644
2874020
2828167
3517357
4391573
3760978
3570167
3249306
3094915
3575791
3955217
3348300
3387066
3503613
3255902
3400920
3039488
2974889
2725454
2967922
3464767
3790430
2820347
2636364
2751869
2770535
2875434
3129189
2763467
2872155
2900675
2999038
3468947
3490962
2526923
2733192
2699178
2960483
3483233
3008773
3185418
3006436
3072971
3215513
3054315
2772440
3268824
3262157
2940223
3122924
3017143
3360420
3235853
3177188
4049038
2846803
3330586
3508164
3154081
3361462
2980823
3025503
2969515
2817951
2497191
2890090
3245837
4034984
2818202
3012111
2969445
3019338
3410143
2931923
3006958
3431585
3697341
2994197
3719846
3175092
2952132
2675641
3172627
3338797
2863925
2453101
3512435
3543412
3243451
2900174
2965295
3074505
2983429
2656262
2821831
2901979
2596596
2416962
2624956
2894851
3577806
2850051
3136467
3071597
3050465
2627201
2811416
3152406
2580426
2756419
3752978
4376015
2970227
2827214
2715318
2689635
3008642
3851632
3224634
2869318
2786775
2976632
3119134
2588666
2437713
2643140
2692742
2908726
2759146
2732441
2471537
2715538
2836236
2681204
3508736
2663591
2684231
2633456
2846873
2703459
3483684
2843995
2895412
3032812
3087446
2835164
3343548
2804047
2645906
3038505
3442371
3536523
3607539
2875012
3250047
3797477
2935371
3344039
2868647
2704752
2773071
2952403
2812397
2664984
2363200
3212685
3589104
3018155
2786153
2998527
3117009
3938977
3593935
3552533
3031649
2802955
2547885
2864035
2970006
3202941
2706858
2977906
2932795
2947601
2790714
2592435
2360934
2754525
3043517
3241526
3119495
3245114
3280251
2901748
2948332
3032801
2951079
3260423
3209247
3230770
3390063
3061572
2958649
2994898
3299349
3036641
2948133
3314867
2814232
3365803
3174311
3236774
3024761
2781261
2912825
3006086
3040350
2634128
2524338
3072369
2961896
2980582
3098193
2673154
2619693
2592094
3396197
2969185
2614149
2677555
2755257
2968382
3020081
3104017
2910911
2780209
2790904
2986998
2915913
3261686
3159374
3057843
2990998
3115786
2772940
2543955
2732570
3486540
2995680
2882290
2965756
2632964
2726866
3123375
2835976
2932283
2599642
2778835
2857639
2750395
2954879
3300090
3260704
3345974
3195052
2769181
2891573
3067407
2854803
3033392
2940212
2720040
2595412
3002858
2602440
2743367
2605216
3140356
3128398
2981795
2836056
2702306
3361612
3442081
3113801
2747187
3092388
3004111
3266388
2993254
3485388
3349883
2984241
3228854
2992101
2984121
3193458
2973846
3407956
3177699
2963421
2962598
3225427
3362886
3579500
3314196
2533620
3114583
2965174
2802262
3187923
2504658
2605226
3322466
2926299
3061692
2672011
2605337
3870979
3253987
2687639
2587533
3061221
2678818
2740249
3043678
2841910
2809781
2792539
2406607
2617306
3033824
3065382
2903382
2787225
3190971
2702677
3408778
2820978
2622449
2896655
3006998
2405052
2789832
3367828
3144447
2974427
2993484
2791797
2597077
2523815
2867443
3789788
3071808
2802383
2939772
3051798
2883122
2892134
2668583
2483927
2727388
2886109
3064851
3000762
2410185
2803787
2567152
2591583
2830672
3019368
2677254
2832617
2970528
2770494
2826622
2672733
3086714
2981946
2665054
3161649
2706857
2599733
2672533
3371918
2937757
2925076
2603903
2527726
3006577
2756159
2661205
2530142
2645636
2495366
2882741
2814602
2715188
2881879
3366134
2769312
3161418
2602440
2480890
2684151
3025774
2807926
2710527
2824136
2769742
2756089
2831425
2862030
2510814
3280573
2895412
3632391
3154271
3068309
2672122
3396168
3357161
2659861
2702757
2627852
2736210
2668764
2514633
2768519
3071005
3329733
2929146
3370042
2903351
2527786
2900103
3181958
2666688
2655029
3007348
2862130
2678788
3263079
2506552
2473922
2561569
2661385
2945506
2739988
2657886
2776398
2963982
2783546
3199171
2553548
2568225
2802733
2869297
2730746
2763507
2553499
2927381
2842552
3052380
2481110
2560065
2523334
3048390
2558982
2718565
2650297
2803776
2732901
2675138
2677875
2502223
2604805
2482864
2649625
3294547
2663590
2720260
3864592
2632363
2469512
2827715
2477942
2751316
2614278
3139464
3276101
3210609
2690937
2805060
2714506
3102402
2530492
3054324
3524875
3047497
3453388
3202740
3239460
2808327
2712691
2769290
2760749
2540486
2615471
3076368
2653947
2717222
2905837
2576616
2570220
2690367
3629312
3041954
2834061
3136106
2905146
2948383
2684622
2620474
3405120
3142592
2423147
3133359
2829690
2574250
3052209
2980070
2660482
3053011
2764981
3003659
3224173
2775426
2930779
2852235
3309453
3040109
3076529
3149940
2757783
3120678
3005894
3085039
2904183
2849438
3476345
3082784
2725212
2590781
3005263
2776459
2741442
3348479
4073849
2748710
2606880
3270989
2939981
2930007
2910439
2779957
2756329
2674848
2929877
2709263
2587432
3161890
2816908
2618258
2790463
2845910
2705333
3060037
3324280
3403285
3605894
2706656
3370093
3265494
2993363
2988411
2579723
2730646
3073622
3584983
2947120
3164997
2812097
2721172
2539353
3463152
3172877
2803345
3065953
2966518
2689604
3160446
3087886
3168676
3164636
3212465
2479275
2742274
2419749
2457061
2857228
3242248
3136787
3044701
3187553
3440126
2714896
2806192
2937907
3043988
3028289
2690636
2538541
2782042
3161479
3163082
2913367
2931280
3197818
3136907
2718024
2617146
3074303
3279599
2972663
3104377
3274146
2573498
3279469
3360319
3389681
3132036
2929125
3137329
3354715
3111095
2948462
3157257
3153448
4139381
3392719
3890326
2617456
2771025
3302456
2950398
3222228
2652202
2614388
2862651
3420467
3048350
2849028
2922017
2906679
2739718
2670617
3257536
3107585
3069712
2672211
2486403
3090253
2583794
2973414
3446050
3101801
3009142
2677835
3046104
3267900
3133940
2883854
3296862
3226949
3444656
3249004
3417480
2964111
3072770
2836738
2915141
2756108
2997563
3051066
3281063
3045211
2629326
3037883
3114523
3840162
2995699
2828357
2645415
3105761
3079626
3066844
3422562
3480877
2829860
2580374
2914258
3611378
3281113
3218961
3115976
3504875
2856205
3041031
2718164
2557579
3526929
3491903
3561515
2817159
2814653
2686436
2759196
2748059
2766875
2461783
3099957
2569929
2840647
2726275
2405163
2677535
3129389
2949706
2932674
4628988
3775322
3699807
4250805
2912003
3052139
3195262
3249635
3600622
3056690
3214699
2754795
2512869
3322365
2718115
2592265
2539654
2791707
2554772
2897818
2908444
2960353
2563383
2706005
3507973
3212935
3085120
3244693
3036290
2849448
2919792
3320631
3139795
2919180
3213005
2913867
3143133
3212945
2664573
3394422
3204463
2982306
2947811
3388057
2933576
2789601
2606789
2744299
2546591
2741020
2977434
3361922
2831444
2654086
2834411
2524156
2514973
2306028
3841395
2609496
2648031
2750224
2746474
2633365
2699809
2924212
2930699
2673314
2532597
3114352
2936834
2977825
2914830
2770022
2564154
2870851
2945004
2436740
2628273
2479817
2864546
3142992
3260412
2733191
3351858
2740059
2614739
2944001
3136806
3093470
2852706
3194921
2569427
3121509
2877468
3166831
2625817
2796538
2470805
3104647
2696551
2684471
2480578
2579703
2570560
2942087
3397350
2891632
2547383
2942227
3099525
2692642
2479927
2755055
2760539
3064850
3194269
2987349
3035948
2825800
2678998
2736189
2675238
2992000
2608012
2736881
3474701
2714004
2740861
3065992
2966728
2807976
2847444
2768609
2832627
2803946
2898609
2617777
2668181
2888545
2610248
2995278
2483155
2747738
2685123
2864566
2973554
2758373
2409614
2933566
2593176
2820547
3190970
2559042
3022585
3229306
2979279
2981193
3123734
2556536
2684442
2789229
2921887
2683790
2486613
2948834
2921787
2703128
2978145
2867522
3036569
3117429
3760034
2822652
2967048
2792168
2885547
2900875
2920925
2743828
3040901
2706666
3058494
3180465
2800097
2515725
2797310
2745091
2797660
3080659
2986757
2625115
2615140
3311418
2751627
2599592
2527784
2470102
2812848
2773350
3076980
2595221
2767816
2747948
2835083
2804748
2438305
2716781
2866450
2795094
2499585
2953344
2736259
2508437
2646447
2903281
2895271
2558050
2748209
3082353
2903502
2896213
3039788
2843333
2999168
3051697
3055768
3052860
3204564
2798151
3116317
2944713
2600976
2481080
2797239
3488835
2731528
2482744
2831584
2663129
2857589
2629034
2742945
2772899
2759948
2727498
2664331
3435062
2893316
2796227
3109098
2848345
2999418
2898930
2858300
2511455
3136767
3251680
3141479
3048590
2972372
3103766
3254668
3277815
3496665
2872355
3602225
3396978
2928914
3388157
3344620
3225355
3857746
2853037
2732380
2742494
2963520
3277083
3098734
2883211
3185126
2862050
3212724
2914749
2794914
2606058
2802943
2913025
2897587
3234548
3008140
3034685
2840847
2728440
2749321
2463596
2523134
2821800
3054995
2725572
2515484
2525129
2579743
2615542
2868014
2955129
2943731
2451987
3345762
3466300
2691930
2830492
3141629
3429769
3290356
3596220
2984211
2805750
2919421
3084779
2904955
3423705
2879072
3248703
3055546
3330705
3248632
3417329
3261325
3357531
3075636
3354163
3383956
3274657
2817419
3139303
2972873
2998697
3171773
2702516
3207270
3198650
3005593
3082804
3005082
3110472
3037361
3137468
3080498
2871703
2572745
2802291
2641224
2789119
2618840
2845629
2904685
2765822
2980902
2695038
2827735
3112848
2534812
2694336
2652423
3299528
3256603
2966236
3095365
3543390
2806723
3036128
2954256
3211792
2684030
3026164
2675409
3596150
3381541
3178199
2686907
2697312
3405318
2739918
3036299
3526668
2849227
3233846
2938969
2856656
2917215
2899983
3037542
2742013
3357702
3088557
2847162
3161478
3110060
3334594
3300591
2878750
2928162
3344179
3114492
3024930
3412175
3145929
3002175
2977564
3348238
3088578
2835865
2733021
2875883
3598766
3314014
3542227
3093700
3147022
3163102
3072759
3676187
2865187
3047336
3443604
3034083
2551493
2968662
3267228
2953284
3035938
2709724
2700801
2832075
3032669
2498131
2585517
2840385
2449873
2678967
2459135
3054384
3333411
3325221
2962496
2622037
2802432
3331226
2930979
2481039
2623721
2856475
2559944
2479736
2527143
2594650
2553839
2615260
2515715
2831633
2673674
3855619
3319758
2622267
3231320
3149929
2766302
2598168
2902148
3687696
2819434
2929235
3042284
2882580
2867061
2973564
3092287
2681364
3132626
2780618
2592494
3057481
3366975
3167833
2845899
2717011
2740249
2603421
2532045
2948903
2620573
2617476
2950758
2703488
3549665
4065106
2862531
2660762
2831103
2686887
2699798
3016860
2795424
2990946
2626738
4220018
3216062
3003488
3350613
3000370
2846832
2600985
2581397
2832897
2832466
3328690
2600995
2930197
2943740
2835563
3335297
3087676
3237024
2996772
2968602
3515942
3168295
2595892
2549738
2964753
3467712
2858660
3161898
2854049
3047657
3076338
3480475
2880534
2976542
2965103
3045060
2597717
2833819
2552816
3087365
3000060
3029101
2627972
2787415
3070353
3484865
3350915
3254387
3270937
2920623
3084718
3150981
3339687
2694436
2402164
3196824
3366323
2578550
2602138
3246126
3596541
3348098
3297122
3146721
2752550
2912734
3332008
3170770
2676702
2597466
2831013
2700160
3334294
2988651
2465881
2681984
2374837
2908795
3434350
2875181
2956953
3296601
3385079
3261363
2862820
2657364
2861648
3217927
3152155
2774613
2637365
3225325
3265203
3226478
3182289
3075897
2923440
3861123
3722501
2869247
3506378
2950086
3896621
3800814
3239028
2877747
3007809
3363055
3074292
3312720
3037713
2770784
2840536
3294846
2704390
2754764
2657896
3540743
3263749
3213696
2860936
2640713
2792968
3548652
2874520
3079495
2955369
3107985
3432245
2675489
2608815
2915320
2788257
2632994
2981935
2771907
2678667
2897195
3095605
3604250
2818712
2629686
3420827
3338795
2816116
3204884
3149117
2833679
2771947
3345221
3215280
2749241
2753451
2735918
2961564
3565764
2981133
2443477
2665104
2521840
2928884
2842170
2806031
3008510
3573383
3173568
2666988
3190579
3993891
2811344
3239580
3396707
3020671
2921626
2983398
2828957
2769441
3288350
2888464
2796618
2854180
3057611
3989300
2936964
3034424
3400267
3554748
2880675
2985443
2659158
2551002
2596253
2733923
3163422
2785390
2826812
2925826
2788166
2857046
2899881
3360568
2846490
2895211
2968261
3408276
2707056
2783485
2837297
3242297
3096577
2819494
2722094
3104246
3695184
3663485
2984050
3336208
3232171
2936201
2753812
2889386
2724218
2749070
2829408
3451000
3478529
3409910
3244883
3065520
2885897
3208874
3162900
3210548
2801760
3212694
3342113
3115363
2859924
3226117
2907671
3320098
2745140
3049651
2670115
2402134
2726253
2831242
2722905
2650327
2964682
2492888
2912513
2666777
2951680
2905667
2488888
2519284
2720028
2750344
2862159
2875342
2646186
2848104
2911540
2538109
2878760
2822772
2422665
2932081
3019186
3050113
2832085
3199450
3357741
2867191
2864735
3253303
3194819
2784206
2517690
2775876
3208793
3239940
2624704
2857086
2911681
2874840
2990716
3288761
3333732
3129909
3175231
4142907
2822411
2985463
3011456
3137849
3635917
3790228
3147682
2957925
3029913
3525675
2858570
2598488
2975458
3125739
3090291
3128886
3265243
2520115
3004330
3288791
2945664
2610578
2993473
2756378
2692210
3117709
3028810
3049662
3478138
2835493
3643817
2972411
2813078
2858410
3018114
2531834
3020931
3284260
2888985
2622758
2765401
2928954
2879913
2572134
2470152
3099053
2812787
3163913
3017652
2618899
2523453
2912543
3454239
3225124
2774663
3317331
3123553
2893576
2850260
3048939
3119183
3109769
3210407
2705974
2935780
2674987
2797409
3258125
3024499
3376176
3251169
3359395
3441859
3053220
2828445
2987698
2992891
3020449
2876404
2782332
2381944
2987649
2586820
3333391
2868655
3086522
2654417
3393018
3213155
3938293
3126661
2654106
3382432
3093961
2842641
2811945
3170429
3313603
2965925
2824807
2841097
2954567
3051817
3126270
3086412
3363366
3198618
3362814
3622203
3034744
2946999
2996189
2710014
2852605
3278666
3058503
2359259
2828756
3146500
2587893
2781731
2786603
3111564
2874940
2809027
2956311
3070723
2586118
2668882
2946247
3272461
3133127
3037892
3203931
2732369
2566129
2630628
2889867
3249725
3194719
2654326
3326183
3532803
2900152
3037251
2963970
2893426
3751252
3336579
3447523
3288931
3267639
3472825
2777690
3033110
2801529
2789280
2723126
2720420
3290966
2718454
2785199
2969363
3566786
3040067
3360398
2849638
2787113
3145397
2493851
3903247
2464258
3274556
3090511
3111504
3658583
2890789
2597586
2694355
2902999
3942122
3564301
2941223
2886860
3068638
2998535
2738283
2886098
3400256
2891411
2881978
3352197
3351104
2956612
2721131
2815925
3281934
2650617
2851884
3124005
2663449
3265865
3354904
3159743
3249575
2855462
3021983
2781741
2873868
3162299
2790482
2835593
3011016
3338835
3053992
3387695
2705503
2597045
2871562
2869868
3246287
3627958
3269233
2920984
2951720
2990475
2931420
3059727
3240602
3319337
3059475
2766623
3069219
3102200
2543072
2728058
3857404
3471973
3088366
2637996
2759957
2669203
2828806
2946887
2840936
2944842
3407724
3271198
3550436
3131583
2944451
3086121
2874118
2759525
2865316
3061781
2478493
2792998
3276952
3340549
2879511
3169888
3203150
3054092
3084678
2842961
3053812
2864203
2921896
2860534
2825960
3502578
2995637
3084396
3032067
3193886
2815523
2932411
2785500
2693593
2981263
2522190
3220483
3721468
2702615
3240522
3124836
3060477
3278415
3256070
3065600
2735246
2854279
3076999
2846630
3025071
3071725
3190960
3105268
2798392
2495374
2416841
2678826
2636822
2781830
3124235
2606940
2875341
2808096
2641434
3198348
3809074
3083826
3586856
2603932
3055576
3081660
2949013
3619707
3411073
2945684
3218718
2477570
3111935
2721803
3371514
3442891
3027857
3087003
3101609
2769751
2808777
2881887
3753727
3487361
3345350
3200162
2539322
2981894
2942677
3093730
2913665
2842370
2827794
2761751
2600904
3033582
3447171
3214397
3445668
2871993
3267739
3214096
2553197
2496066
3074061
3204583
3193215
2915931
3193556
3404657
3167913
3364618
2980611
2843803
2720409
2820626
3077329
2639750
2577697
2521318
2593085
2722885
2630016
2860986
2513680
2888222
3002254
2941264
2544064
3006706
3016308
3059876
2894248
2650487
2545618
2963909
2618497
2547312
3020399
3446871
3144114
3300409
2668841
2946436
3254727
3170319
3196403
3076637
3161797
2833016
3044328
2983548
2703467
2560064
2773209
3944478
2940020
3232211
3107404
3012008
3339245
2798461
3053561
2590860
3043546
3682672
2929143
2820707
2970486
2964752
2894027
3329070
3061620
2653665
2598719
2671629
3167612
2731306
2559142
3067916
2756779
3053380
3051184
3065109
2519443
2587360
2710364
2710435
2887932
3171552
2729782
2860544
2749962
2953323
3021773
2812727
2422183
2518110
2575441
2678636
3080136
3411363
2853176
3254236
2985884
2902980
2733581
2992701
2546821
2644843
3025191
3168875
3571497
2405161
2628592
2573256
3443793
3117368
2714845
2708730
2777921
2636111
2688109
3336168
2927169
3146529
2666616
2632813
2886279
2935990
2557427
2594829
2631350
2795675
3144033
2886398
2707958
2985152
2960311
2888875
3031336
2865557
2807614
3027176
3168163
3022864
2900583
3041671
2461270
2571331
2879913
2498582
2655920
3321782
3262997
2741431
2820045
2954777
3057390
3245574
2558359
2896463
2796367
2995869
3224673
2976922
3066934
3365530
2839683
2788808
2871061
2910257
3238797
3106872
2949303
2669864
2856254
3432605
2942306
3184754
3208322
3200633
3032077
2821959
2763375
2536716
3328819
3572911
3227208
2714073
2714976
2733141
2500246
2728850
2870610
3069290
2977824
2635791
2767756
2772027
2924252
3016349
2796838
2938447
2656481
2650376
2599080
2548916
2314619
2471966
2508296
2628752
2644943
2722755
3710080
3378812
2811664
2829147
2703889
3123894
2958947
3031957
3579638
3125598
3176223
2992590
2866529
2715296
2889114
3344457
2733090
2637674
3456584
2677042
3384797
3558265
3432395
2626236
2497058
3119343
3044829
2775064
2954847
2941183
2457189
2935399
2657694
2795834
2813809
2487624
2531412
3310453
2647839
3729006
2451536
3036408
2969813
3453857
3096978
2960340
2553197
2414515
2779033
3124355
2952642
2902628
2522340
2920312
2642587
2820004
2674295
3098411
2714093
2611901
2534149
3034573
3141287
3242035
2810982
2768838
2799543
3147642
3460784
2816806
2793880
2835462
3658552
3013080
3013321
2990736
3010795
3047766
2787605
2930647
2598407
2705351
3014243
3489566
2633675
2914006
3043315
2857176
2939869
2848765
2946958
3135162
3158339
3254035
2871251
2716579
2611409
2641133
3108686
3078672
3560491
2733912
2711226
2834099
3255929
2890629
3382622
3080226
2843572
2956642
3403653
2833628
2854229
3353039
2948251
3207971
2494983
2758112
2849788
2558359
2967047
3438720
3376867
3169586
3048527
3462689
2688109
3390020
3142569
3029290
3096196
3443431
3066783
2777951
3292319
3338273
2944521
3178528
2984931
3033491
3680988
3254867
2710414
2545627
2844836
3641430
2950767
3362332
3075084
3056317
3144645
3049611
3281502
3530937
3618282
3380476
2665634
3772133
3236852
3332889
3277332
2678255
2859392
2761249
2812827
3315537
2962195
3024729
3382000
2845267
2893265
3282264
3262535
2930948
3572059
3257924
3097128
2912001
3248942
2999216
2877105
3723121
2817568
3210758
2852695
2823183
2830630
2879842
2473049
2692380
2592694
2463656
2516566
2544615
2545337
2670174
2437691
2559171
2566759
2475795
2431456
2472056
2607240
2610498
2494562
2527453
2536385
2573246
2600523
2669864
2422454
2470893
2531482
2365152
2435866
2438453
3004279
2392119
2406624
3179781
3040408
2917926
2812967
3006143
2753600
2634267
2438363
2507033
2618337
2301586
2463505
2536997
2685773
2719205
3037330
2828134
2561346
3738730
2956581
2531834
2861246
3491540
2524125
2574499
2505328
2412609
2508186
2530129
2515092
2719497
2558249
2606909
2343589
2372320
2525298
2729731
2756989
2375388
2610437
2736188
2323770
2467134
2598558
2409242
2470502
2516847
2719988
2578358
2682786
2682305
2572554
3001422
2965723
2698785
2611370
2914467
2810099
3666241
3153086
2597456
2716148
2837578
2726584
2834891
2666786
2923570
2838921
2677894
2616402
2618407
3098010
3266575
3321541
2623329
2543833
2708730
2547112
2829628
2691548
2841999
3225404
2495554
2444177
2607130
2426554
2468457
2470953
2600663
2825278
2817698
3157025
2789630
2973533
2962797
2669463
2845638
2817147
2953303
3279036
3179991
2873747
2834299
2583521
2712740
2375809
2498852
2990274
2595170
2987748
2956000
2611631
2839352
2856795
2435907
2473058
2725110
2986665
2629103
2922668
3640247
3545343
2527422
2464989
2591681
2636783
2502962
2435997
2435326
3287637
3411232
2926547
2628993
3217585
2691237
2638256
2615270
2537828
2558740
2628141
2885316
2579922
2570609
3756603
3500091
2662295
2845567
2900783
2611841
2648170
2637774
2539272
3279397
2986926
3617110
3363173
3338262
2575842
2863571
3349830
3518146
3006975
2617525
2646276
2713141
2440207
2444057
2619790
3178929
2432128
2365183
2448157
2703156
2616582
2761239
3703813
3340968
2568513
2517668
2507985
2577235
2762371
3460282
3104345
3197806
2938757
2785589
2762663
2957082
2832214
2860453
3535147
3398862
2698163
3215109
2944120
2666415
3062271
3687212
3871747
3180222
3014474
4229500
3619596
3161306
3151551
2902677
2892733
2754012
2577947
3209023
3706700
3182037
2582158
2780998
2579601
2433210
2623680
2373794
2700760
2430684
2349023
3484783
3313791
2749139
2599109
2853186
2710284
2695076
2701512
3370181
3382842
2868594
2817056
2938426
3152975
2741751
2756528
2578568
2886448
3194548
3143121
3517374
2981863
3196322
3413998
2565506
2757800
2493710
3240711
2520585
2818771
2665031
2539211
2622778
2463906
3258676
3057168
2410956
2384600
2763986
2362405
2400139
2696760
2521258
2643388
2352481
2609384
2529317
2770181
3572440
2918196
3831047
2626898
2623229
2644772
2773920
2915510
2903620
2842961
3378963
2841286
3198467
2611841
2672891
2938667
2477690
2623720
2422284
2510892
2952049
2379377
2732178
3884459
3164233
3156795
2896653
2715727
2990624
3274364
3143723
2619189
2475064
2403276
2538991
2537518
2352401
2334607
2706374
2586558
3341199
3269954
3126360
3264961
2709442
2585145
2600723
2628853
2486402
2503323
2305886
2501980
2762222
2853406
3207310
3088075
2849697
3902994
3246074
2584052
2820696
3254716
2831232
2672651
2402825
2437240
2575691
2368882
2406715
2769149
3132134
4142245
2990995
2638025
2858870
2694906
2876132
2713451
2703818
2416439
2601505
2387017
2508034
2573736
3015125
2586508
2633013
2565196
2529698
2548775
2526560
2906969
2787694
2502010
2333183
2369193
2797959
2583160
2991387
2525828
3397227
3903917
3021360
2779384
3441457
3658251
3358502
2716007
2932572
3175230
2948261
2779313
2615078
2582648
2789188
2461069
2907870
2881535
3324036
2971447
2554820
2673733
2491354
2469500
2612121
2672560
2463425
2593064
2864122
2535101
2406605
2417181
2486010
2395337
2484527
2368792
2400219
2802240
2656130
2640301
2595892
2661864
2487254
2524615
2486210
2468347
2796726
3311205
3134630
2538299
2472006
2725471
2958576
2977472
2954917
2678164
2438423
2515884
2443897
2410534
2491514
2831492
2950506
2820164
2546640
3329761
3035114
3309681
2993712
3316658
2814240
2832986
2448237
2499333
2431686
2363609
2588272
2575050
2462432
2645744
2672219
2676710
2412409
2599470
2589475
2599400
3298053
2735756
2556635
2614497
2499102
2426242
2721992
2436168
2717601
2600402
2456157
2635669
2443215
2654546
2621575
2602828
3251387
2920070
2592623
2385843
2567200
2581426
2431807
2507864
2803062
2596032
2526350
2497890
2820736
3402179
3677258
2608152
2704449
2390455
2712710
2688149
3067945
2422634
2523693
2518471
2409231
2434183
2699487
2516465
2491063
2790180
3119953
2470462
2792727
2560674
2400219
2560464
2514340
2484928
2406604
2593094
2728558
2715496
2523422
2845276
3118079
2874528
2685511
2788125
2961122
2885104
2817849
2836955
2585685
3340186
3723491
2949082
3196201
3373198
2742753
3039023
2827823
2744688
2565015
2474963
2344180
2297025
2322938
2825046
2735325
2643138
2430624
2594748
2857988
2853546
2497037
2573536
2636602
2605053
2989832
2962405
2869806
2522399
2545607
2445420
2641935
2771955
2490151
2464336
2583942
2515002
2543652
2645463
2489018
2640491
2863751
2666816
2667528
2932722
2729450
3157285
2401321
2723816
4014920
3090340
3285642
2713792
2518650
2723535
2636230
3004197
3134649
2613114
2678475
2526219
2658065
3299336
2922988
3297401
2997913
2771303
2734844
2506000
2589525
2529106
2970936
2749530
2685502
3035104
3153175
3085960
2581526
2562418
2498521
2810450
2659127
2661362
3190858
2921504
2620422
2483695
2919499
2725260
3242406
3287887
2854158
3088936
3473585
3294744
2673713
2564103
2643639
2498771
2712909
2791443
2456908
2874096
2990073
2636851
2533707
3329028
2792786
2980569
2733220
3221313
3177455
3018564
3078832
2642666
2479363
2400419
2605034
2623509
2759104
2973913
2638526
2556834
2459123
2838619
2549196
2394485
2417952
2491644
2505838
2409010
2480587
2421361
2582478
2520595
2391066
2353453
2503323
3073399
3308157
3045830
2896602
3098591
2933323
3078070
3549834
3009170
2818039
3297080
2695446
2869055
2564193
2857547
2427405
2734783
2878958
3591195
3013451
2647047
2583550
2862739
2553947
2660060
2522440
2714283
2521408
2645914
2531712
2637603
2442683
2663638
2498722
2334346
2699477
2424689
2412489
2538530
2351348
2530821
2370385
2416379
2723566
2394334
2690474
2714493
3190597
2628953
2685973
3016118
2685261
2774422
2875761
2617956
3647654
2840023
2646486
2638747
2605725
2992710
2519202
2955638
2817638
2744658
2813758
2910838
3729787
2941533
2607981
3283246
3269262
3662832
3426750
3228300
2960079
2917885
3172332
2843511
2975086
3451582
3124194
2563221
2810991
2611149
2873606
2482451
2942906
2538750
2581837
2460607
2405913
3164172
3264590
2822289
2814590
2593946
2795504
2468848
2498792
2423596
3120224
2494591
2656530
2836363
2459114
2331599
2633975
2517026
3625199
3326131
2599479
2759975
2496826
2784937
2665462
2797488
2982334
2542590
2748578
2647187
2689241
2940010
2588322
2617334
2664440
2535793
2620582
2996509
2898266
2644651
2695788
2616281
2987737
2876723
2990865
3124675
3061489
2623951
2627599
2789980
3354512
3327575
3073198
3359313
2761680
2718593
2684680
2975146
2443245
2640652
2556383
2990564
2730202
3152513
2973312
2529648
2425681
2348882
2580744
2545647
2634647
2687046
2465199
2383327
2583791
2433961
2561636
3134349
3212913
3674802
2855761
2475584
2508134
2610267
2479023
2467505
2386414
2471875
2428208
2384570
2646607
2390504
2456898
2415376
3027806
2703977
3079112
2928622
2642296
2825407
2986705
2896121
2578297
2598839
2685542
2455114
2551432
2752918
2409430
2598256
3496402
3185374
2776315
2795823
3020869
2879299
3213694
2763945
2794601
2636280
2972719
2664439
2467053
2616301
2783804
2404408
2585205
2905705
2979296
3208301
3203078
2762300
2744527
3469976
2898307
3027735
3024076
3160773
3056838
3121717
3319245
2845987
3503799
3404705
2986213
3615575
2781368
2629022
2777098
2664289
3208070
3160343
2787493
2334296
2639208
2531061
2729971
2824895
3138840
3021410
2567982
2659808
3699432
3450297
2819843
3413025
3248681
3289862
3198156
3014794
2958495
3028117
3139201
3109658
2913935
2823963
2627839
2623167
2694494
2567060
2854508
2766541
2966124
2863761
2557636
2427496
2574408
2653894
2731866
2916882
2716880
2507021
2568032
2578187
2604181
2724337
2631959
2574057
2671838
3228240
3396785
3917569
2595269
2747364
2638315
2738914
2932811
4559753
3382780
2582868
2482391
2799522
2863380
2694734
2513828
3135141
2771113
3415722
3654752
3016638
2534118
2417702
2896281
2682334
2946996
2516776
2862007
3851347
2936029
3608267
3287766
2665322
2867350
2842369
2747154
4051520
2964249
3355674
3494446
2804144
3014052
2971648
2618256
2777840
3077899
3728333
2925222
3229152
3206366
2973482
3709777
3194848
3638271
3040417
3413606
2940240
3069990
2867430
3104434
3232460
2829907
3057990
2941302
3025961
2999907
2833927
2689150
3125125
3801012
2892252
3502115
3359524
2890858
3360085
3770066
3132945
2674545
2778822
2787142
2633012
2813538
2950224
2742492
2972379
2906717
3138599
3037750
2942255
3018934
2791092
2728788
2793348
2505468
2576794
2700418
3133817
2775784
2476537
2818850
2608742
2607119
2657823
2660740
2862778
2576683
2557196
2641513
2823011
3079684
2473278
2569365
2422183
2819281
3562133
3146639
2563381
2493990
2563120
2759534
3084204
2825768
2367528
2671948
2392268
3224731
3341930
2420518
2306046
2478751
2609604
2769549
2501929
2396259
2825116
2693351
2574037
2634606
2620702
2478882
3405307
2618166
2911960
2692107
2549376
2896332
3144894
2796466
2791132
2535763
2651318
2489989
2573415
2523492
2853074
2751133
2912382
2738532
2420348
2583170
2382103
2560573
2836263
2608873
2772165
2861916
2791793
2720006
2523913
2643478
2839331
2828414
3009892
2525798
2554238
2766061
3322522
3259998
3113827
2790340
2587671
2649443
3176944
2746672
3004568
2587880
2544383
2706413
2990915
3008308
4227544
3463449
3216822
2778611
2642004
3239217
2780155
2538138
2690343
2695726
2848453
2560533
2800976
2534890
2689531
3000338
2724578
3766397
2563571
2693211
2760046
3190366
2699315
2619679
2798862
2530990
2624030
2622557
2491453
2604783
4005376
3229523
3295365
3043475
3154488
3291325
3119030
2663808
2606257
2750893
3314062
3427722
2682815
2535672
2924260
3061399
2724477
2918385
2812464
2876813
2665031
2808786
2809257
3014232
2607169
2857506
2675136
2929804
3080877
3033219
2788937
2809738
3108153
3022663
3533673
2649794
2745008
2644349
2844253
2721861
2752527
2650786
2616050
2643117
2660890
3410620
2678675
2632100
2996358
3266925
2833537
2830609
3085488
2869816
2780927
3046361
3227267
2695286
2695596
2947638
3056656
3028296
2943408
3164652
2860122
2896171
2730583
3962670
3208270
3172573
2830569
2911288
2943287
2858057
2889635
2655618
2854297
3625007
2996097
3149425
2865415
2763092
2856774
2921082
2765248
2675075
2417100
2790891
2902997
3234044
2749559
2941403
2700147
2723755
2728838
2815863
2751284
2578939
2529577
2519572
2685942
3005440
2851490
2586688
2926977
2953271
2461249
2611830
3289130
2937352
2735875
2636701
3191509
3265211
2810229
3006483
2793869
2519682
2686203
2605624
3083793
2923819
2878978
2484475
2394344
2669121
2988749
3173234
2955457
2671336
3306883
2897333
2874687
2853846
2933192
2661041
2595660
3326482
2969111
3004919
2691867
2945994
2842799
3580217
3518344
3758707
2889134
2825517
2907920
3205473
3289510
2745078
2928370
2890046
2649072
3625479
3056185
2652179
2909433
3504511
3045249
2958886
2679306
2655187
2878478
2633142
2854057
2692899
2755665
2802039
3034662
3375021
3428403
2758360
2720738
2675707
3130699
2974614
2923859
2765839
2849937
2955698
3260890
2867159
2735746
2644460
2749890
2805918
3394670
3257151
3131130
2885063
2938304
3420804
2926115
2590277
2827973
3010974
3367372
3062170
3655322
2569906
2501999
2623659
2961662
2863801
3404584
2824795
3117948
3515307
2706464
2963316
3350110
2922245
2737349
3272479
3167279
2640531
2706433
2596913
3035936
2920351
3233944
2551501
2752577
2644962
3313079
2855180
3240740
3038251
2595299
2764546
3233663
3345368
3038241
2630485
2614316
2721871
3057780
2672469
2895540
3262534
2713029
2669501
2888411
3148974
3350240
3078289
2665010
2821266
2921834
3054110
2937653
2852985
2669803
2685301
3761254
2968028
2545055
2641553
2977131
2867099
2710874
2929764
2719526
2697631
2852082
2956209
2922736
3263617
2765649
2608562
3035695
2704308
2638044
2855911
2939527
2838939
2963718
3232099
2610246
3684574
2889183
2865384
2592241
3312157
2738221
2846017
3521333
3198546
2716538
2875149
3246604
3204982
3139070
2967557
3241341
3014432
2650866
2661202
2574187
2413431
2430864
2687356
3329770
2604943
3057318
3201634
3088014
2719465
2424268
2754321
2739495
2713029
3346682
3611856
3037920
2548725
2782691
2708969
2642465
2688018
3369047
4044963
3930702
3606562
3023835
4312342
3623053
2761399
2929714
3427531
2908802
2699856
3314131
2791934
3272148
3283275
3338822
3140193
3503067
3136974
2745890
3042562
3164833
3598643
2729509
2650374
3247457
3814435
2583018
3838805
3087121
2787343
2638596
3217994
3083232
3232209
3177024
2673672
3214395
3069107
2735555
3089918
3227738
2907058
3544680
3975421
3030883
3225743
3384204
2727325
2626807
3115110
3505873
2764445
2748145
2505187
2945813
3300838
3376956
2671356
2885314
2834849
2886086
2951637
3433385
3495779
2537817
2637282
2682032
3147660
2798009
3813502
3050320
3102108
2774069
3137596
3051333
3209543
3453555
2886687
3065668
3170136
3254924
3531808
3246885
2851180
3082941
2935167
2693130
2886597
3513542
3502906
2859640
2742842
2987054
3264438
4172326
2973350
3142678
3496320
3342080
3456251
2948189
3361147
2996407
3586743
2783282
3679372
2821396
2938645
3048396
2832233
3395451
2988979
2643187
3029981
2987185
3371252
3282312
3054711
3128613
3060705
2735243
2600642
2890065
3374570
3035043
3216450
2613253
3466657
2854638
3073908
2764505
2738953
3279776
3330903
2450351
3094008
2948540
3119952
2690003
2658013
3053639
3048777
2999585
2892883
3262283
2528654
2511021
2929132
2878076
3457755
3436563
2988708
3217914
3110279
2698674
2931467
2937282
2925292
2809637
3320346
3446969
3785042
2899088
3278854
2845305
2698784
3236480
3005169
2797477
3211187
3650700
3238505
2841295
2821326
2592161
2704588
2781147
2891319
2747484
2622055
3250915
2935297
3467308
3215969
3285461
3442407
3462427
3660305
2766902
2750792
2974744
2960098
3005761
2708608
3275896
2714101
2879640
3233192
3028547
2785678
2807892
2791652
3403631
3246855
3212911
2904631
2885153
3108694
2780145
2735775
3203588
3455519
2790420
2739485
2988067
2787843
3147320
3968484
3063262
2620792
2940660
3145334
3339985
2894377
2900421
3050090
3365096
3147540
2994744
3111522
2543100
2638786
2818088
2844524
3443460
3248389
3680744
3317619
2821857
3040527
3037269
2488916
3362129
3580056
3514445
3116263
3046180
2943677
3087522
2779573
3116634
3632516
3040366
3409105
3649999
3182937
3168211
3347093
3038952
2866968
2931357
3241692
2676358
2822840
2628311
2866206
3087953
3191589
3437054
3368535
3205914
3101497
2580282
2864803
2734623
3492140
2763774
2858568
3230054
2840614
2636621
3111461
2940179
2397832
3137615
3035644
4000914
3131340
3160532
3184161
2912331
3148061
3295996
2654675
2592131
3237222
3818334
3346190
2900852
3326191
3298111
2898065
3144784
2669061
2503793
3386650
3770857
3183259
3292928
2735825
2700578
2943386
2780906
3017991
3369608
3505192
2718422
3268739
3260108
3415430
2882366
2957220
3286402
3092505
3267717
3178867
3313950
3694448
2953983
3072656
2794389
2566849
3107221
2743695
2776736
2677682
2941161
3395592
3537472
2703596
3290082
3054531
3090480
2949943
3352666
2913944
3221373
3004437
3905960
3315114
3380273
3086640
2984468
3092203
3091261
2862508
3561691
2934425
3356074
3340767
2824965
2940790
2896812
2811051
3233803
3097376
2739183
2822660
2604722
2909684
3020557
2832504
2834709
3244008
3122087
3134738
2838488
2688208
3243597
3257451
2593624
3257301
2800314
3108714
2837666
3121817
2990773
3009409
3128342
2742321
2848312
3046992
3212420
3304457
3313930
3256769
2859861
2928932
3504069
3710839
3135510
3650059
3699530
3300928
3244299
3163108
3053849
3213533
3436041
2924139
3148071
3082480
3320927
2854418
2689460
2790740
2771353
2732607
2788866
2694894
2777057
3406468
3092103
2746973
3565490
3204119
2889133
3195087
2901002
2784254
2907217
2732858
3214063
2868472
2788244
3654319
3426387
3051333
2751965
3072204
3759769
3203848
3266012
3176281
3611023
3083893
3224390
2904240
3113607
3241782
3099011
3190977
3345648
2816514
3376334
2785588
3093868
3595785
3261491
3062721
3482265
2695175
2845375
2797958
3532249
2671757
2856092
2994372
2732596
3065537
2877574
2702894
2849636
2851690
2800835
2808765
2560994
2725038
2588872
2809607
2858237
2848102
2754210
2519501
2508173
2505678
3273330
3270574
3126368
2936670
2901423
2748576
2977400
2915658
3271114
2618767
2679937
2609052
2977561
2574758
3189413
2682825
3125585
3125205
3401697
3361297
3407471
2474210
2567651
2966353
3159550
2668288
2908200
3189242
2853214
2711184
2724868
2813456
2664158
2583088
2868432
3223768
3125516
2956940
3469694
2771733
3174757
3313559
3717515
3004567
2577214
2797788
3318311
3125927
2719073
2846387
2794399
2866226
2868472
3099071
2577745
2678454
2849635
3220850
2767202
3168381
2989420
2844252
3011354
2787171
3021530
2463734
2471684
2571901
2867680
3294814
2551641
2882506
2636900
2687716
2761599
2834057
2957171
2700257
2846377
2899227
2661732
3002613
3365287
3296137
2981671
3061067
2934374
2643657
2848283
3216249
3510706
3509753
3311634
2704067
3387161
3095712
3662670
2658684
3094248
3117686
3914120
3433054
3024958
3513853
2849324
3090840
3247747
3360936
2618095
2644470
3110569
2697079
3065377
3026371
3189784
2983716
2927879
2865143
3520008
2944078
3081207
3722567
3666259
3111441
3550363
3299023
3019495
3091411
3524529
2815812
2826638
2778770
3350681
2532734
3502204
3515968
3051322
3031132
2994744
2789818
3222525
2699947
2892411
2837245
3038431
2676187
3016166
3096564
3105656
3519306
3183659
3166647
3003354
3722808
2938684
2937722
3150547
2859921
4333314
4570919
2790008
3216309
2870287
3094780
2922124
2475153
2857775
2864652
2893644
4112399
3411611
2709420
3192270
3545952
2961932
2499522
3330160
2833084
3076314
3187288
2858878
2819511
2590015
2987465
3183458
2859350
2742010
2998523
3281651
3016707
2974443
2766160
3306783
3231126
3718508
3031925
2610436
2906425
2765117
3203619
3466386
3035223
2652449
3108514
2768726
3023204
2675035
2681521
2808744
2774952
2911277
2646074
2683776
2864903
2860773
2792515
3417074
2717319
3066049
2776746
3165134
3485533
3289931
3168411
2754892
2799691
3225171
2998492
2546288
2960127
3243666
2848172
3717665
3147389
2598977
2915708
3113616
3486245
2851801
2645482
3008798
2737248
2969621
2934745
2794069
2474671
2877103
2830448
3150848
3080775
2919428
2735975
2957271
3143459
3829571
3305860
2914696
3336846
3890592
3022220
3206635
3406147
2989329
3356675
2906044
2503081
2945542
2522198
3486265
2800273
2790028
2965080
2740707
2859189
2770420
2647437
3032496
3078851
2942033
3295755
3221472
3381526
2692317
3105245
3213241
2822037
2858066
3278763
3164782
2996627
2781828
3032015
2860181
2744125
3059793
2817646
2330104
3061638
2884742
3235236
3024356
2454722
3030301
2607428
2885814
2835710
2938013
2668458
2668949
3197784
2847239
3147820
2484646
3096794
3572206
3543926
3344605
2826498
2656519
2891498
2888019
3003605
2729037
2809606
3457524
2924569
3042561
3468310
2582326
2718983
2650334
4449499
3106398
3035533
2989469
2836853
3748962
3033709
2748084
3090830
3481021
3239706
2566036
3278673
2970533
3102940
3081788
2588050
3060254
3219056
3635923
2682122
2760075
2845345
3087842
3040355
2931386
3465052
3564859
3044496
3087863
3058079
2720085
2575198
2901774
3050049
3218053
3005128
4040491
3383942
2720026
2963867
2983084
3722608
3075883
3632124
2556522
2604531
3065919
3458406
3029549
3277820
3032365
3060374
3184471
3047843
2978884
2705791
2970052
3354180
3565630
2855450
2896400
2891889
3323092
3216750
4075337
2689059
3416623
3111380
3278993
2715184
2731443
3312135
3157013
3402990
3394188
2684448
3143800
2977731
3702427
3192711
3293299
3007293
3137435
2858005
3410848
2517185
2614976
2787000
3933086
3052536
2775101
2830297
3735500
2948719
3684142
3333678
3383341
3173463
3167309
3546213
2516785
3038691
2814940
2894526
3182776
2805055
2499943
2427545
2816273
2819822
3723479
3106258
3060626
2717740
2785427
3064615
3059252
2673440
2674463
2769267
3195137
2821335
2707575
3209031
3149183
2949532
2744917
2968959
2749588
2887237
2858015
3377576
2774720
2640750
3172481
2995846
2831100
2996417
3255727
3158196
3366019
3535165
3462716
2683476
2804404
3377948
3320576
2919808
2634114
2642144
2962724
2679005
2614766
2351166
2739484
3478515
2820293
2556573
2697259
2892089
3126938
3241842
2718793
2520564
2858557
2752906
2623668
2490971
2650455
2651637
2525697
2789607
2677892
2740386
3048385
2661983
3106017
2977982
3150417
2837616
2900641
3005820
3136743
2594737
2740236
2723715
2475703
2837224
3587605
3137014
2602476
3343743
2957802
3004667
3429003
3379521
3155759
4039899
3478916
2769478
3515557
3798204
2959125
3024446
4214039
2878837
3547766
3152000
2815912
3324265
2938033
2967356
3041218
2990221
2959666
3259526
3029589
2823672
3091692
3982949
2841355
2607187
2466762
2869022
3122988
2988668
2898726
2716266
2887418
3282813
3563896
3425003
3128192
3222975
3761874
4264804
3701956
2982242
2868372
3486845
2993559
2860041
2936379
3052094
2939226
2661080
2687776
2486360
3502865
3358259
2757749
3071301
2724025
4445469
3078890
2768174
3560717
3197682
2438270
2560612
2649832
2981730
3827075
3219035
2649151
2886175
4300982
3357386
3070068
3032907
2917933
3216429
3387190
3181914
2914755
3531796
3265380
2925662
2813245
2884140
2626084
2903578
2704538
3304336
2753367
3087391
3073216
2781948
3317669
4048480
3095801
3143239
2950423
3049779
4130572
3018751
3107490
3105335
3965857
3644765
3424782
3017538
3222905
2759894
3741062
3582361
2830698
2982312
2843349
3276156
3820608
2411645
2630815
3105024
2533596
2956950
2797697
2449298
2847900
2911968
2693851
2919306
2897823
2625452
2776786
2567950
2880079
2815270
3936715
2805045
2601132
2562066
2684809
2870226
2889132
2599398
2654544
3335112
3211998
3049267
3118678
2660579
2992336
3070129
3083742
3053307
2765848
2967275
2780735
3069126
2636038
2744596
2948369
2991915
2931025
3018221
3519386
2707645
2983706
2625342
3198946
2775522
3217181
2755713
3403871
3423188
3072353
3436822
3374388
2944730
2835019
2745077
3483558
3055803
2747062
2716977
2988337
3083010
3251325
2870446
2974132
2625732
2883849
2755112
2905443
3373646
2828292
2837766
2965130
3169894
3489723
3277740
2505607
2436947
2948478
2836352
3099561
3216289
3262894
2873704
2809325
3196390
2983725
2592571
2619738
2618405
2951015
3644273
2941692
2628469
2958984
2969279
2714010
3173433
3148902
2841053
2710331
3461353
3187468
2839440
2620119
3039613
2831059
2805807
2678614
2657100
2837385
2841705
2644740
2818187
2770860
2660418
3101155
2630695
2476635
2905844
2917261
3339743
2850718
3914661
2681640
2607107
2817576
2905583
3036546
2693600
2657893
3130376
3070309
2803882
2671466
2774500
2530057
2483222
2767011
3306350
3427268
2838086
2885042
2802779
2879489
3014832
2876652
2824613
2512895
2630575
2733419
2747182
3064614
2825134
3539466
3006883
2632780
2642795
3063021
3136041
2952439
2934344
3048896
3416643
2749508
2737990
2645753
2692708
2805556
3166687
3405445
2821747
2696246
2891418
3093075
2787101
3601358
3299233
2958062
2759724
2776725
3296306
2631197
2736977
3225832
2532453
3202675
2818438
2718060
2929823
2816614
2832021
2814739
3590421
3245280
3099571
2676769
3016647
2786690
2679114
2872611
2712347
2937662
2731634
3138297
2745799
2918525
3139169
3140091
4092187
3470766
3692783
3096222
2887397
3260627
2748606
2761608
2739172
2760996
2915347
3440783
3021538
3194746
2990602
2743022
2713308
2988086
2537576
2862927
2822317
2565434
4056831
3160451
3041848
3173684
3053216
3418317
3544748
2983484
2944047
3226374
2990161
3289088
3038340
3166536
3157043
3197743
3113716
2987003
2824453
3390197
2604831
3292075
3622169
3102347
2951726
2629261
2736165
2625943
2508574
3550923
3994908
2994241
2644078
2700296
3160381
3084795
3105505
2869313
2951666
3219195
3213391
3252117
2647246
2570467
3144962
3243716
3008767
2700627
2718121
2673601
3078238
2668017
2634495
2727995
2680006
2615126
2729629
2866406
2822107
3045869
2812262
3134937
2799831
2832723
2936218
3207135
2857073
2599809
2725208
3257500
3295033
2580902
2715503
2521726
2706241
2694903
2919888
2742561
2568792
2727434
2597453
2839490
3397294
3385726
3235085
3086879
3270833
3174505
2821726
3280036
3356905
3556737
3614981
3554893
3225451
2902886
2627266
3086999
3222274
2848903
2727824
2853814
2877272
2925080
3253922
2602585
2919125
2791812
2751723
3021548
3221732
2958784
2694482
2812683
2972688
3579273
3186194
3269881
3223326
3230734
2980999
2977660
2709199
2696347
2730170
3061296
2792393
2564171
3215045
2595147
3052966
2905261
2959535
2981279
2772905
2510348
2784434
3132401
2647266
2723975
3457202
2705699
3261039
2904951
3212961
2864802
2459884
2769337
2993710
3089015
2701289
2665671
2521586
2807149
2706692
3386889
2677731
2591910
2755212
3006461
3089025
2855359
2713459
2944990
3045317
2719775
4465969
3428421
2922304
2912921
3534984
3246162
2924148
3429544
3367331
3165313
3030510
2661611
3073547
3371060
3153814
3901588
2965300
3033838
2752735
2910805
2750370
3147369
2796744
3479728
2930785
3304456
2651386
2566837
3215016
3422968
2978001
3240016
2646664
2770149
2734842
2907597
3865619
2700727
2820744
3395821
2972297
3451278
3080504
2623006
2931286
3066329
2855680
3315272
2439193
3289188
2919968
2915136
2903788
3211687
2536924
2459022
2632670
2720436
3556588
3163157
3216489
3119189
3016456
2986572
3995089
2612109
3026591
3294832
3830292
2678523
2726772
2904840
2885743
2971064
2934434
2959505
2534347
2654253
2926875
3931902
3193653
2978713
3077476
2727944
2991244
3110378
2884250
2800122
3284276
3041267
3064996
3058790
2593142
2820874
2652549
2924028
2897603
3025378
3164931
2751833
3737202
3005459
2939777
2566136
3219266
2642474
2666724
2610265
2794017
2850848
2717890
2823360
2845284
3074789
2997278
3473723
2644038
2889162
2927106
3350479
3600395
3260267
3512719
2538036
2553986
2457147
2859509
2623116
3221952
2677590
2457969
2647155
3047232
2577494
2485317
3241200
2895869
2470570
3366669
3086999
3258201
3555585
2738220
2802559
3069827
2880049
2758961
3124151
3526353
2853214
2950744
3290741
2926123
3687239
2697971
2668057
2956097
3090438
3607422
3241260
2700206
2623898
2857344
2783160
3311573
3265089
3142316
2878666
3172350
2939526
2982552
3101305
3015774
3487006
3030200
3815856
3197421
3266331
2777516
2686302
3293870
3216949
2837775
3294571
2846778
3256878
2843078
2730732
3497170
3066278
3001649
3543455
3334309
2758590
3116913
3250202
3421985
3483637
3139409
2994792
3557719
3063642
3250352
3197221
3249459
3220879
3105084
3397756
3777602
3080012
2686361
2835389
2886786
2848402
3515516
2786429
2743362
3642468
2869704
2842416
2646724
3102577
2713749
2603408
2900820
2955765
3017778
2553454
2651275
2507059
2562075
2668056
2887408
2878395
2454290
2856742
2733529
2744816
2908018
3170164
3308836
3024595
3659941
2868351
3529220
3159758
2956387
3070839
3054760
3473421
3176931
2756324
2929872
3004135
3274100
3523044
2548352
3201782
2825444
3354048
3483988
3271926
2952869
2638193
2731413
3199747
3323733
3108653
3105395
3387289
2928650
3616464
3236338
3608044
3814623
2873854
2992677
2980587
3124412
2783331
2809666
2979825
2688217
2515801
2928999
3131780
2523240
2797004
2687845
2889843
3069216
2589553
2640730
2534508
2915787
2563358
3539636
2832532
2748054
2659115
2719985
3025327
3004927
2518398
2662914
2842768
2679385
3147649
2973068
2547941
2818267
2528082
3493742
3317408
3193542
2703895
3136552
2953009
2743904
2758129
2927927
2643035
2727503
2769868
2509496
3893828
2762760
3241831
2591218
2739433
3170705
3871052
3049577
3168080
3035111
3895843
2811821
2652709
2749407
2937470
2542537
2986913
3219265
2904870
2708567
2742069
2805826
3905647
3104212
3074849
2943766
2737468
3571323
3446044
3066178
3609196
2863238
3769823
2858777
3005950
2929050
3012336
2724516
2818768
2574917
2773527
2817906
2639697
2690833
2955255
2669240
2560852
2356889
3113935
2801535
2715644
3036335
3114357
2613442
3447839
3624635
2768284
2938223
2599418
2524423
2790919
2602866
2815691
3091180
3010230
2758390
2704647
3493120
3563443
3000526
3150105
3633336
3008536
2789917
2674733
2796193
2368428
2805927
3231867
2915867
3194525
2666082
2819741
2675565
2876010
2702923
2883658
2650233
2667284
2537254
2522739
2654523
2968057
2733949
2704066
3267073
2731954
2842427
3020606
3005468
2539590
2552912
2862155
2750219
3696461
3336655
2886054
2943145
3537119
3151679
3527425
2822026
2814126
2926985
2712045
3939591
2778659
3285228
3255285
3299634
3536628
3124512
2742700
2766489
3351742
3190525
3240197
3020516
3519455
3070639
2925271
3639862
3487045
2649210
2990210
3511876
3800718
3226313
2781957
3127910
2686923
3087410
3351341
2855037
2798428
2879869
3295513
3242723
3484590
2564742
2786439
2520553
2811210
2649692
2843128
2724947
2420777
2699494
2690412
3144430
3082949
2976527
2596059
2912580
2822357
2668347
3677454
3317267
2855338
2969369
3605317
2948739
2828593
2522618
2951085
3082048
3584877
3994396
3323803
2908589
2923536
3027934
3823796
3335322
2879698
3301027
3144531
3178345
4129208
3236879
2719644
2610995
2645932
2889703
3414386
2987805
2448255
2602735
3421644
3246161
3084483
3862701
3194163
3145012
2888320
3395449
3343502
2674974
2666813
2767762
2497446
2809255
2560060
2847770
2918544
2544261
2788754
2906284
2920098
4025843
2937821
3128672
3198344
3455096
3160119
3459708
3192620
2689299
2809605
2696998
2390453
3700030
3241911
3577417
3663329
2885091
3120251
3010600
2603287
2594214
2737517
2667555
3456941
3005248
3177723
2997198
3052002
3582410
3045998
3072202
2971835
3434054
2834928
4202318
2636880
3047381
3150285
2781366
3202283
3148731
2773797
2798708
2759161
2798719
3276426
2645621
2602315
3357075
2942914
3693795
3790814
2974833
2819480
3149723
3492267
3896905
2676938
2708517
3490042
2854135
3136060
3169372
3126206
3246593
3488820
3687971
2874485
2911777
3267033
3281799
3036584
3345295
3093655
2763171
2519951
2687575
2985429
3043672
3449633
2614324
2439604
3160440
3133274
2891076
2921241
3340484
2597623
2569574
2613091
2775943
4498618
3100623
2592620
2715904
2689550
2776594
3092513
2859478
2572290
2810678
2648768
3006731
3217541
4138460
2746790
3634238
3052243
2685700
2809846
2883518
2511871
2524272
2625592
2632599
2844672
4721799
2622033
2457688
2810277
3089274
3073736
2957721
3486223
2815079
2815039
2831219
2785276
3622078
3044494
2964226
2633962
3106367
2709800
3094467
2765577
2831178
2630544
3028304
3548126
2959134
2642484
2829113
2792212
3398337
3634599
3120622
2884790
2993689
2994040
3105445
2420537
3301247
3307733
2812763
3793962
2921972
2639034
2833404
2507601
3105805
3050278
3028866
2608259
2998070
2802959
3105945
2949680
3150555
3198153
2809435
3455878
4009132
3076684
2884520
3089024
2979143
2978532
3154616
2859528
2897151
3234022
2852541
3174736
3202664
2827559
2860531
2825585
2822678
3481171
3175457
2533164
2943044
2648258
3591633
3035833
3372412
2975394
3026129
3361085
3955961
2959264
3119910
2656498
3543515
3967730
3052193
2641762
3210664
3025597
3085655
2847408
3124120
2974412
2790939
3244958
3248226
3897436
2975825
3037638
3402687
3168359
2918173
3193832
3000887
3236437
3346980
2902585
4087926
3145934
3266381
3551153
3546111
3092673
2842446
2628148
2918664
3606740
3053356
3526102
2975945
3647079
3241760
2952257
3580005
3018270
3012295
3054218
3103039
3547114
2932118
2572781
3245820
2944338
3584485
3741602
3062679
3030420
2899116
2889122
3265700
3400282
3053476
2905732
2882535
3140932
3310550
4905752
3118957
3219967
3220147
3296916
3684461
2871658
3353185
2831599
3191337
3084884
3020676
2679886
3007122
3060464
3393645
2714822
2522267
2881603
3319592
3115068
3246302
2970131
2992226
3561729
3106537
3551463
2816401
3062398
3035492
2859076
2953449
2917831
2869342
3124692
3139407
3320835
4047456
3004445
3224909
2959665
3295944
3045407
2904629
2605913
2608971
2815761
3207786
3123177
2930242
2683484
2795199
2724415
2917882
2754760
2695454
3273709
2847739
2700908
2903326
2865022
2556481
2587518
2740264
2525865
3335170
2878335
3116432
2906133
2588360
2592179
3181451
4004139
3177242
2840100
3060944
2745878
3083741
3337456
2755942
2873292
2782008
2726991
3695909
3080162
2788102
2917612
2857704
4272320
3321136
2972115
2756093
2911857
3360943
3289568
2875779
3517229
3106838
3315903
2794759
3557479
3212237
3378577
3519706
3342719
2770509
2724295
2877311
2882254
2727874
2973018
3450384
3467807
3003132
3083841
3931550
3027011
2959594
3496788
3355300
2714751
3235014
3205251
2747522
3001799
3588335
3977103
2942643
3450214
2760745
3372683
3280646
2978823
3226934
2668176
2875868
2665069
4661410
3081074
3383569
2694190
2911917
2818838
2755241
2747202
2554757
2792112
2741187
3066328
3068734
3108873
3202073
2848751
2662854
3146716
3089014
2685139
2669971
2722410
3470153
3035573
2580370
3411789
3290099
2935787
2841093
3167938
2792603
2939335
3460579
4357210
3158064
3317246
3303172
3387630
3100743
3260667
2720185
2729387
3642769
3059752
3448550
2598646
3061746
3362498
3117674
3295453
3350679
2606815
2574275
2758980
3700501
2965860
2668547
3246703
2845383
3414366
3790753
2929861
3112672
3246381
3273308
2865152
3198213
2730240
2810086
2782177
3568696
2637270
3392432
2927546
4003969
2722170
2488664
2836050
2609192
2957870
2962572
3070969
2678322
2427914
3071480
3343149
3105685
2681299
2637912
2559088
2919175
2891386
3171015
3379369
2631346
2537224
3396041
3483787
3158114
2983924
3089013
2937430
3134165
2882364
3374116
2977319
3013578
3383339
3384221
3146636
2872871
3134615
3255744
3020314
3505170
2664868
2669600
2957400
2865603
3517831
3313427
3400382
3105775
2787601
2551830
3007533
2545224
2716807
2738940
2920468
2649500
2689649
2511530
2729487
2769415
2767972
2795170
2499751
2422290
3082197
2959765
3740118
2881512
2727533
3016555
2554226
3113253
3084934
2915747
2385038
2562546
2769917
3099299
3373745
2481326
2818988
2787230
2721588
2595317
2559448
2969198
2834376
2880239
3226422
2903236
3065997
2619236
2888550
2913521
3431367
3398927
2924739
2665329
2562627
2821585
2775982
2758309
2615918
2760715
3163407
2873843
2521635
3171347
2776654
2630795
2517525
2549765
3240297
3925405
2705237
2421669
3212659
2940047
2677720
2641270
3145945
3364422
2624228
2552131
2751753
3366748
4709208
2949369
3627631
2918303
3092533
3221761
3175135
3052163
3227796
4061962
3195797
3084262
3729703
2830788
3300404
2791009
3300255
2830636
2975373
2791330
2946673
2624990
2681990
2797003
2650011
2885642
2765606
2961490
2724946
3288124
3455005
3331831
2817043
2811961
3442043
3170313
3023251
3039301
2596781
2995262
3404801
4116065
3091209
2693157
2710411
2808131
2712997
3513901
3115018
3155958
3079299
3553518
3512327
2813234
3345255
3242913
2992707
2884700
2915085
2475512
2824492
2518959
4623766
3185080
2841443
2693098
2798939
3067631
3258531
3464900
3453732
3208879
2841082
3132371
3656352
4011066
3166895
3026539
2962822
3159186
3425854
3010941
2832271
2940658
3158585
2723783
2629401
3167567
2675956
2860981
3488798
3187035
2761566
2594044
2780744
2850636
2657580
2812933
2737246
2720916
2946423
2515600
2754218
3754263
3465782
3296073
3062869
3241790
2730209
3105484
2836240
3459055
3327782
3251624
3128611
3659509
3019342
2795109
3345486
3097073
2977789
2638915
2688466
3201580
2773105
2676847
2676006
3756589
2781485
2855267
3361615
3287001
2631626
2601130
2409017
2758329
3351751
3290861
2750189
2891767
3377856
3273789
2641060
3272937
3166645
2614775
2769385
2767992
2549223
2525364
2838155
2545885
2790337
2860992
2879898
2829534
2490318
3060163
2726821
2676387
2536161
3210062
3336042
3140770
3356763
2721598
3005186
3349376
2937239
3046989
3903861
3100201
2828441
3277748
3000546
3537759
3170454
3214122
3372893
3116281
3127869
3157332
3078417
2641511
2937149
4033581
3452068
2806056
2924388
3536677
2965028
2971454
2814086
2839398
3030359
2715934
3262591
3143488
2460525
2598144
3242241
3297368
2847748
2716104
2675705
2567508
2702381
2695443
2680396
2870475
2488614
2799641
2692797
3077856
2854486
2624679
2801335
2605712
2752524
2738580
2766137
2901271
2508323
2772102
2583667
3339110
2733347
2848671
3319913
3073295
2842375
2739983
2747171
2443192
2496774
2863889
2763822
2990430
2934522
2612198
2510568
2642744
2738570
2634082
3061215
3611702
3005989
2905762
3230262
3136019
4202859
3029056
3727567
3103299
3099880
3187245
2896600
2597833
2788633
2494278
3008756
3318719
2711342
2626012
2691684
2741918
3440580
3396381
3169662
3496467
2963925
3066708
3251063
3412942
3000174
3382838
3395990
3334578
2685188
2753778
2840320
2861102
2723443
2929500
2722470
2563288
2456474
2910924
3904223
3237761
3039942
3130175
2731101
2762840
2690191
2709688
3372472
3063591
3242773
3861256
2872089
3190503
3291933
2933049
3232257
3435999
2749397
2914152
2930713
2771300
3019001
2642984
2810808
2761988
2948377
3711257
3131689
2509095
2638423
3410376
3179466
3266972
2645691
2680016
2792713
2740925
2729408
3326849
3250311
2790618
3054328
3035471
3627290
3107960
3249028
3273719
2922373
3044915
2755602
2966061
3129593
2941430
3453923
2564441
2900950
2601983
2730740
2883006
2896038
2995463
2590475
2526828
2779220
2847628
3092923
3077475
2733618
2819248
2871687
2997156
3084702
2925681
2502668
3188358
2685739
3385304
3202112
2622975
3046749
3032785
2792072
2719242
2960596
2704235
2882604
2775249
3236728
3399949
3380321
3235645
2781295
2664817
2699082
3185311
3253348
3017667
2821615
2973148
4048828
2644217
3249038
2899055
2813434
3035150
3018158
2957669
2461026
3017717
2874253
3497359
2957368
3119518
3179135
2896619
3049756
3182945
2629591
2796011
2955203
3757330
3406687
3292555
3215074
2840431
2820682
3261468
2839418
2838064
3067540
3250291
3007893
2676807
2476203
2654693
2518707
2872941
3089374
2686180
2395534
3134937
3153913
3541809
3111920
3223625
2935635
2785074
2875126
3040754
2433397
2680346
2995804
3775736
2692286
2481656
3234061
3434766
3555503
3292314
2805735
2969499
3107549
3657755
2746098
2755210
3219705
2866866
2851498
2859267
3166655
3630518
3151898
3354748
2836491
2909150
2613972
2762007
2823398
2696676
3459426
3195796
2805174
2883397
2822386
3247574
2566375
2949579
3079389
2956818
2829132
2707773
2494868
2413348
2760614
2876189
3086086
2841112
2803650
3139497
3318339
3816045
3481701
2674923
2679203
2820201
3610258
3442104
3207194
2965809
3474513
2895777
2827438
2684426
2591727
2815579
2636628
3194743
3102877
2807118
3431538
3231494
3315050
3183727
3162595
2891076
3175666
3266481
2720004
3234111
2763351
2849152
3053907
2964616
2715883
2979233
2746048
3225540
2637791
2628238
2744704
2752824
2511921
2876068
2747943
2783410
2775561
2773165
4326413
2927003
2929700
2747813
3202382
3106706
2866334
2730921
2848721
2912328
2926443
2841172
2964476
3591091
3077103
2949840
2834997
2715172
2480865
3059260
3317286
3847182
2664166
2944758
2831719
2996435
2669840
2756634
2775140
2689258
3211967
3803313
3145373
2799159
2905170
2600168
3016544
2349390
2647084
2703323
2553924
2504492
3030509
2738841
3118766
2583457
2712465
2900990
2834666
2862224
3235965
2424165
2446650
2680927
3010971
3085836
2360488
2505324
3407909
3305496
2826457
3267693
2541233
2353340
2615937
3157562
2823719
3428470
2688736
2496462
2711593
3021366
2741646
3090126
2746298
2472554
2563758
3142084
3274500
2768192
2757075
3013517
2855799
2792252
3432420
2665760
2895186
3396010
3153994
3309336
3502111
2636387
3248186
2597622
2432214
2442781
2829123
2787490
3298780
2927635
3109132
2628147
3115198
3342408
2766488
3299662
3005067
3000324
2723552
2750810
2809524
3498171
3545248
2708145
2592419
2575117
2667975
2633069
2710932
3531985
3656732
3377866
3240075
2810647
2718991
2887256
3400831
3126204
2665218
3035712
2522828
3083088
3764107
3464459
2927886
3295131
3374236
3112892
2614303
3417042
2777646
3192919
2730960
3457532
3240988
2587407
2555729
2613702
2442771
2509074
2518307
3340693
2814897
2703734
2596579
3223825
2828100
3272144
2971975
3767194
3476047
3355460
3223625
3538441
3065004
2694099
2706390
2928577
3491194
2996214
2722520
2575257
2857653
2656617
3659639
2868219
2955414
2522918
2556671
2539318
2696175
3427677
2484283
2399985
2391704
2721457
2580018
2452484
2421698
2983934
2577342
2688095
3669143
3757781
2798075
2414160
2522466
2658471
2441697
2457326
2523950
2553654
2536872
2348458
2971563
2434921
2553703
2704796
2871116
2957650
2903124
2990259
2931424
3799574
3228516
2999913
2864971
2726820
2638984
2573513
2646392
2929951
2944908
2560782
2452384
2438129
2471240
2517394
2598614
2610464
2665589
2893521
3402776
2885131
3418805
3095519
3261749
2818767
2559779
2394592
2557112
3147146
2880580
3359148
2875858
2850756
3027231
3246531
3069153
2945238
3117764
3271041
3233689
3149441
3081204
3192067
2768643
3174103
3263573
3168188
3408520
3188127
2782598
2517956
2570375
2722509
2750138
3225359
2867887
2595336
3013216
2759270
2463180
2465356
2485886
2686852
2965047
2711202
2433357
2466038
2571919
2460434
2561753
2392185
2425628
2603888
2620578
2475270
2362723
2514898
2525394
2568901
2324158
2356909
2729146
2535118
2625471
3894167
3266861
3142173
2679052
2698311
2721728
2754328
2890965
2580520
2488974
2618794
2484823
2489315
2523038
2446239
2808772
2484544
2673398
2723602
3996820
3898959
2918693
3147958
3347881
2950552
2860730
2768994
2825283
2704114
3361293
3064432
3444670
3188036
2629500
2470218
2551820
3406355
2952045
3136019
2626012
2763521
3326939
2712946
2828992
2900839
3389423
3171055
3006861
3178754
3123649
2498006
3096461
2935565
2501244
2714790
3225208
2979143
3246671
2980105
3226141
2908368
3287111
3242822
3864885
3043802
2985167
3401734
2757937
2733246
3068662
2988374
3177751
3315160
3500928
3030940
3011231
2914864
2809264
3586338
2961919
2386592
2809204
2612398
2864480
3439938
3346608
2929761
2727342
3083690
2707142
2528161
2909831
3941093
3212537
3198884
3025196
3153792
2623285
2742469
2476724
2467862
2333992
2314635
2623967
2462298
2801063
2421567
2415804
2570725
2817203
2962832
2834536
2870855
2808341
2604910
2692967
2487260
2437187
2944928
2593983
2530476
2520842
3129273
2496332
2479722
2440615
2558004
2612939
2379625
2691814
2382893
2739822
2465766
2679323
3005818
2839829
2435593
2497605
2632408
2721898
2805414
3139818
2930662
2558666
2682010
2638873
3517429
3865897
3155616
3043952
2582755
2728173
2521113
2658422
2482198
3217359
2685218
2590725
2563438
2588911
2641279
2965999
3090717
2856429
3036764
3358327
2895967
2717598
2649540
2602514
2549443
2855036
2572009
2497926
2472182
2553233
2965178
4111312
2926061
2550596
2450219
2523058
2679644
2485926
2369800
2556631
2407433
2476203
2559608
2453968
2535959
2614844
2527640
2384346
2762628
2395544
2601572
2747672
2715642
2594364
2721206
2603717
2738890
2724605
3192598
3188709
2492393
3553507
2866675
2854805
2614012
2506467
2576289
2521695
2653289
2719783
2534075
2548811
2404445
2508352
2689157
2607916
2762618
2593101
2614473
2495019
2530886
2904618
2512231
2565883
2702240
3131287
2496813
3194061
2522056
2569683
2733105
2580178
2602434
2837693
2839758
2610654
2479310
2474679
2773645
2402470
2490557
2698240
2986530
2521604
2345872
2407112
2493094
2642763
2529945
2662783
2958210
2678331
2911966
2785083
2859628
2692204
2698640
2471942
2728153
2599286
2552781
2548932
2425708
2415873
2786467
2304750
2330513
2552230
2584579
2878995
2474568
3818550
2699052
2438249
2660426
2947854
2832531
2727221
2542465
2549584
2990119
2747511
2779149
2622513
3554230
3074476
2952997
3500506
3384070
3222671
3812967
2829764
2668957
2719431
3037746
3824575
2828961
2670792
2759831
2604359
2704374
2691483
2794837
2951423
2811789
2959193
2849793
3474151
3115458
3001447
2918482
2617700
2873702
2801825
3042117
3170754
3142344
3092090
3319751
2826104
2635815
2516080
3215705
3519633
3169501
3017396
2891044
2725637
2783520
2831769
3862569
3403076
2709608
3267843
2924988
2890093
3176268
3116771
2811398
3140971
2855016
2826677
2877451
2877321
2907004
2842586
3002620
2968806
3041365
3187736
2961218
2758107
2861943
3123567
3303080
2810106
2853151
3131117
2614613
3008434
2995321
2893741
2928256
2845954
3099338
2678280
2768914
2739542
2774618
2718098
2868970
2865171
2748964
2653629
2608588
2766939
3339800
2612739
2525012
3132279
2700646
2985297
2822997
3070868
2867647
2816952
3006880
2555177
3484898
3181070
2745004
2543839
2838014
2756874
3010650
3090135
2486989
2597672
2785264
2991693
2819699
2932557
2994680
2768493
3430133
2908026
3687698
2725206
2908778
2804682
3643690
2573773
2444805
2931615
2528552
2766538
3052522
2982029
2861672
2620117
2786156
2845021
3058398
2775249
2833955
2980445
2578144
2981868
2820762
2688977
2533734
2823418
2371454
2417087
2969468
3587000
2900869
2605892
2753406
2482558
2335887
2515469
2402752
2297742
2931484
3411457
2997066
2586895
2593441
3138805
3389874
3068983
2695343
2635525
2635736
2592439
2480683
2518407
2529805
2758708
2493014
2664426
2707112
2736825
2724404
2557824
2829282
2783018
2756223
2507770
2520773
2568510
2631716
2619335
3063119
3349796
2583256
2930522
3023070
3327470
3060593
3107158
3153120
2817603
2996203
2868840
2634112
2632216
2593922
2752523
9921000
5834157
3470011
2907485
2968766
3291341
3022379
2878083
2483691
2470990
2637600
2976224
3126234
2684957
2689268
2513294
2769996
2576329
2685859
3143146
2962030
2874304
2881882
2864730
2720585
3128229
2950110
2347635
2473697
2815107
2968094
2672706
2960426
2651054
2950020
2487460
2566204
2798066
2666441
3547884
2803439
2602193
3007472
2624367
2643745
2686280
3816084
2785715
2864529
2494398
2742909
2948977
3599139
3444458
2871997
2855608
2759020
2506246
3460629
2832771
2535519
2914502
3212837
3214312
2866243
3440588
2728023
2746950
2673248
3166623
2804280
2925870
3373504
2591145
3320853
2655645
2849332
2647845
2637950
2644807
3023851
3083208
3508857
3021676
4031505
3517077
3125161
2781013
3460989
3098516
3295612
3156328
2566465
2546064
3682294
3535322
2929519
2990720
3486501
3093764
2659444
3439265
3151837
2839357
2750468
2748212
2768713
2968966
2482918
2565672
2681538
2482738
2947784
3623018
3454062
2774066
2741366
2889370
2952305
3389402
2523558
2760272
2764673
2616247
3287110
3323591
2576449
2913750
2712795
3498462
2596699
2454408
2833342
2892027
2625109
2986078
3347409
2841924
2727712
2739180
2686239
3307581
2881370
2562946
3220707
2843818
2610764
2571006
2843648
2454268
2664717
2707733
3439727
3550139
2839217
3132529
2804963
2892979
2852660
3123347
3226401
2733537
3481128
3422264
4004799
2884148
2644828
2988815
2831327
2847668
2765275
2827959
2435983
2771880
2847617
3717281
3092772
3568414
3165571
2833232
2963713
2849202
2726910
2559979
2503840
3233579
3167727
3050507
2673418
2713597
2943694
3000855
2812501
3052823
2536561
2754828
2785364
3553066
3183536
3050939
2805955
2645780
3144098
3251352
3076080
2767801
3219454
2887466
3903088
2749084
3330547
2732574
2970831
3005477
2903154
2676505
2904417
2888559
3914316
3010469
3477218
2976184
3024523
2636187
3248445
2707111
2704184
2757345
2945689
3121041
2628016
2728053
2674511
2772553
2801855
2733095
2648226
2647845
2444945
2392676
2650372
3186944
3011321
2883736
2814606
3017085
2567026
2757645
2633870
3386927
2701568
2680987
2442369
2964255
2943133
2852500
2849332
3187395
3276164
3268324
2782005
2885420
3127196
3428359
3576032
2896248
2975963
3392751
2766898
3036303
2873030
2810225
2580008
2821323
2784241
3336452
3139136
2986420
2646973
2927665
2514316
2615235
3172849
2992555
2705357
2988374
2812742
2554926
2920367
2539478
2871747
3564594
3419186
2717206
2528822
2835999
3051029
3080150
2842535
2985898
3301426
2900608
3043199
3435787
3295862
3748488
2974300
2983773
2743571
2676316
2868158
2745075
3058046
2605520
2592549
2556259
2698149
2899305
2766267
2622392
2800261
2681067
2636567
2610934
2903826
2924838
2496592
3229409
3279191
3136259
2752834
3170703
3161721
2740414
2685698
2792823
2691032
2989698
2865963
2848490
3683808
3026759
2616808
2737015
2743942
2614473
3006870
3011812
2811439
2538846
2973709
2877661
3205941
3001747
3321505
3251984
3340964
3126565
3037947
2711442
3037937
2835658
3390656
2629770
2819609
2783038
2693838
3420339
3330337
2868268
2562385
3159466
3168158
2897591
3227293
3202111
3091398
2553392
2832210
3442052
2818165
2593772
2766468
3474613
3868443
2886193
2954671
3416950
3114275
2827739
2696615
2926842
2370912
2468373
3526912
3469229
3395117
3602367
3122565
2959884
2768903
2783981
3176508
3028042
2810004
3001858
3299621
2663965
2827307
2920928
2819999
3147206
3010238
2767259
2786156
2896307
3393612
3142333
2598794
2800421
3220135
2569652
2952455
2897159
2643474
3001597
3510911
3482120
3920691
3093282
2980133
2517383
3229629
2939755
2918853
2609140
3167525
2949308
3030017
2791719
2724805
2750789
2930010
2645530
2936807
3491845
3045696
3028553
2615265
3683918
2637048
2982128
3058116
2836830
2893560
2953769
3001767
2745836
3191866
3025375
3843230
2721657
2580369
2819558
3472978
3337504
3108200
2830856
3060732
2771539
2557442
2928817
2727761
2581361
2570233
2600578
2801834
3089433
3060161
3350908
2612508
2426129
2666621
3174563
2934671
2400585
2790486
2612678
2762457
2900959
3080481
2457045
2627585
2708856
2713296
3046316
2847246
3454943
3194973
3152689
3563280
3397853
3400540
3390435
2758628
2879817
2630713
2553363
2842775
2880088
2758848
2909530
3132860
2471821
2477104
2784321
2856759
3598779
2863647
2411202
2347836
2619365
2392496
2603465
2463210
2309371
3462652
2890212
2537794
3410123
2401347
2670952
2623845
2475660
2486538
2337069
2377810
2849462
2239067
2563537
2535458
2641138
2637780
3038638
2648918
2447411
2662160
2658722
2723350
2953428
3026728
3456117
3304744
2700254
2659323
2667593
2643986
2664837
2827197
3267051
3089814
2895245
3165350
3037595
3821216
2965176
2680685
3737119
6333587
6401454
8973422
5186581
4221642
3018077
2506427
3207233
3281195
2820310
3262660
3300353
2794145
2476171
2671043
2457095
3109533
3264825
3178032
3222561
3272845
3101933
2856118
2681398
2805844
2628217
2679443
3092491
2894914
3211514
2830274
2634543
3216265
2959342
3206210
3336031
3048943
2528932
2494096
2798145
2325280
2505324
2606242
2453817
2560841
2703020
2651434
2995050
3349774
2967583
2595937
2617269
2456955
2358191
2405999
3274790
2974329
2680917
2431682
2615476
2349159
2416013
2608638
2402601
2415793
2464654
2503269
2354412
2483720
2575206
3136679
3048994
2642051
2828310
2359203
2484743
2393368
2611014
2475300
2392366
2344287
2418720
2439211
2439230
2460945
2507800
2408606
2359153
2407613
2492863
2655995
2394240
3275131
3282298
2358111
2596548
2426179
2570805
2565622
2391183
2748954
2575126
2416515
2406009
2634282
2394571
2717246
2318644
2567557
2595576
2435902
2645729
2411082
2383373
2705276
2542285
2388376
2584108
2571807
2502426
2729857
2655604
2500682
2515950
2477294
2477796
2493073
2582935
2403603
2472172
2364918
2438589
2568189
2574514
2483972
2725366
2868058
2515017
2800461
2437657
2400255
2527127
3029094
2661248
2721958
2571888
2672305
3271061
2635575
2710299
2603556
2901129
2731892
2599155
2673969
2767681
2812661
2814035
2512642
2977177
3055499
2923715
2560820
2789835
2911684
2722519
2531448
2659173
2627575
2925109
3013897
3197961
2755470
2645028
2622443
2755721
3053063
2820821
3388420
2937228
2523699
2714660
3452087
3097112
3322307
3616021
3714403
2797594
2835578
2863997
2773224
2991522
2744383
2658371
2606202
2380646
2814786
2849191
2705537
2457816
3018438
2700304
3522249
2814776
2627334
2558244
2761705
3056030
3561887
3244444
2818184
3370215
3092260
3070435
3096911
2926982
2721637
2979282
3195203
3645332
2749244
2522385
2895906
4088615
3225738
2856719
2808931
2774738
2583205
2972865
3326116
3700699
3369965
2656997
3310638
3018277
2992233
2974209
3096048
3436829
3254640
2782076
3851811
2871967
2689417
2885942
2956365
2843246
2798115
3054055
2401538
4204100
2958801
3385472
2734127
2916486
3264926
2941920
3030748
2964405
2656526
2755190
3275250
3081152
2956785
2872207
3103106
2782426
2863385
3374856
2588629
3708067
3171966
3135486
3144058
2889791
3138594
3397292
3317635
2745486
2860047
2888197
3524044
2932225
2672726
2753294
2655233
2862553
2667514
3300413
2625861
2559366
2549091
3002489
3809698
2759641
2563938
3206120
3165400
3469409
2935434
2929809
2666591
2444072
2786306
2807097
4111892
2866013
2805964
3402534
2750077
3130153
3244154
2800741
3009746
3175946
3111126
2847476
2626361
2866703
2950801
2689507
3001787
3068180
2598954
2623875
3161470
3036603
3766992
2719171
2884588
2638622
2774096
3172979
3639869
2683402
2741575
3088720
2753104
3671116
3070927
3503162
2953648
2867055
2866583
2997506
3266369
2850574
3503703
3685051
3455364
2697548
2891565
3174783
3081964
2842545
2796992
2744432
2574434
2867246
2632868
3474442
2876639
2571627
3262198
3486120
3006709
3086646
2631404
2777334
2677719
2605881
3269427
3341424
2593541
2734589
2577381
2795549
2776672
3052392
2517805
2992594
2808240
2791759
3885645
2715290
2696354
2668145
2790727
2520351
2894522
2829403
3076992
2775349
2486969
2977948
3794961
3114174
3393111
2606703
3215614
3245688
2930712
2587165
2813212
3218311
2915173
3406875
3018738
3008093
2662692
2712113
3049745
3081453
2581051
2604046
2756131
2793364
2695672
3571470
3213659
2907575
2955182
2667283
2760623
3050456
2493785
2703000
2886152
3066676
2679263
3769739
3458752
2923574
2633690
3249608
3305305
3039109
2565883
2735942
2539829
2958089
2831578
3221979
2451260
2678981
3060171
3244295
3127025
2949077
2574083
2910452
2856338
2733807
3963015
3010939
2849581
3108880
3535392
3316211
3596804
2615495
2615124
2516241
2969056
3384360
3089332
3372380
2957979
3414985
2728203
2937047
2567086
2623174
2891165
3263010
4481974
2973918
3536224
3186041
3521538
2968324
3203775
2559316
2819327
2950249
2991611
3339158
2593130
2924206
2858494
2889200
3094645
3680349
2791107
3082195
3779834
3258650
3851540
2671994
2795207
2739400
3331199
2962560
2907635
2756943
2480853
2890794
2747951
2714610
3207834
2836049
2652286
2961628
2738749
2943232
3067569
3077734
2805554
3161310
3557937
3328962
3145520
2516691
2855145
2800240
3284032
3068090
3398083
2535307
2531788
2786065
3028683
3137210
2829743
3123627
3042467
2794997
3317293
2599655
3413030
3359157
3090365
3671196
3064300
2737867
2919624
2695733
2957858
2769344
3046636
3031359
2877040
2775699
3237828
2796100
3441700
2874563
2868498
3169771
2927523
2937528
2728483
2914512
2580138
2714860
2902442
2614592
3368229
2660876
2865050
2979662
2834645
2997065
2912296
3328802
2670710
2756843
3911729
3643197
2936616
2829782
2547086
2777674
3062355
2714408
2987783
2581170
3082696
2633048
3520004
2814626
2737746
3165871
3079808
3050336
3050958
2997155
3258709
2913398
3458501
4116784
2795649
2822936
2682059
2662621
3001175
2852579
2918051
2642090
2502767
2492522
2715151
3031580
3830829
2602783
2640186
3375237
3120870
3180928
3287230
2809523
2586855
3171414
3190070
3949763
2793754
3140037
3242900
3422383
3363729
3072812
2826194
2946120
3208195
3188065
3284573
2667603
2845100
2707371
2589931
3094665
2846092
3050306
3035079
2613039
2897820
3757288
3571651
2990700
3017174
2859265
2910110
2806926
3559932
3529187
2766717
2817101
2951743
3420288
3605133
2558364
4237711
3310908
3828093
2831969
2688264
3140258
3356250
3786460
3081272
3198622
2733526
2602944
3016673
3247302
3728457
2939794
2789714
3038026
3631318
3530640
3583249
2740703
2821433
2756241
2840329
2964053
2865781
2920727
2473325
2481364
2380326
3444598
3602818
3180156
2612848
2850403
2997968
2762256
3039961
3081664
3048923
3283380
3195815
2846734
3429110
2745646
2963061
3160618
3207804
2821472
2898241
3365182
3301033
3273005
3606055
3175174
2587506
3708478
3451234
3233467
3119827
2938090
3352691
3122744
4009770
2897380
3070706
3350416
3021495
3437701
2965166
3241657
3239251
3501297
3843030
3083588
3389703
3136990
3169520
3343308
3015310
2581280
2918863
2700043
2840068
3807632
2825873
2577822
2672585
2804651
2662351
2860689
3268474
2515328
2791499
2771649
3474682
2594172
2887575
3291731
2822595
3000694
2843045
3274689
3266458
3056441
3731835
3065694
3219031
3177630
3132529
2970279
2929308
2982259
2802696
3012182
3641653
2754377
3159775
2909018
3080982
2976374
2990809
2896427
2489384
2641058
3989621
3738692
3681451
3235011
3021826
3004403
3661873
3679026
3368119
2879836
3036532
3471875
2936335
3757919
2674480
3146824
2723711
2907634
3071859
3213047
3024172
3222190
3409020
3303861
2640567
3245768
3307099
2676194
2656235
2972555
2685116
2515088
2644967
2967091
3389572
3665472
2996363
3080701
2909810
3588723
3176407
2770567
2812400
2852238
4173133
3275962
2889801
2866664
2820460
2670951
3390164
3972098
3240365
2735099
3061944
3193067
3304382
3272153
3427626
3144679
2894933
3124589
4057307
3576753
3180066
3433750
3107677
3207193
3256333
3207082
3265226
3227282
2598131
2741736
2912918
2600267
3985410
2508621
2825412
2975762
2880578
3170212
3651297
2780802
2737685
2916035
2650601
3829345
2687702
2998067
3035078
3494731
2729214
2931373
2524239
2550214
3193078
2749976
3041293
3027289
3066556
2651032
3364540
3783202
3659326
2818645
2648787
3209428
2998839
2798215
3285506
2709566
3187354
3161510
3120348
3293234
2919474
2803478
2853932
2449405
2394660
2704223
2564308
2470427
2507378
2608206
2540469
2568990
2600508
3057794
2679853
2897890
4957184
2780962
2600226
2590222
2579255
3124960
3127696
3077924
2868037
2488892
2682840
4089436
4655471
2896758
2459650
3381612
3437921
3516254
2652065
3048752
2773945
3324271
3590277
2851436
2754407
2726007
2994679
2998408
2674330
2804239
2923844
3523021
3015991
2619625
2591456
3366826
2726598
2652486
2874533
2838985
2676565
2746156
2637930
2583876
2828148
2867185
2964294
3000944
3154843
2797171
2526635
2911884
2883816
3229107
2632817
2856759
3410764
2719461
2713677
2469414
2695191
3219302
3325022
4094579
3100961
3154232
2950119
3970944
3370475
3300983
3104850
3069283
3268875
3332240
2686169
2612908
2883435
2973868
3029635
2614913
2922641
2776250
2758226
2679893
2760151
2981135
3274308
2985286
2565250
3131316
3027690
2971041
2915294
3054085
2703601
2699562
2800901
3199654
3231131
2673889
2971281
2595225
2741194
2871496
2780752
3500535
3429831
3695515
3455594
2659854
3332040
3174391
2759249
3709450
3734922
2855897
2914531
2890923
2924275
3808464
2925277
2992263
3022347
3073092
3362465
3129090
2821893
2658832
3152868
3746993
3312602
3238119
2869811
2976213
2788160
2875325
2956625
2847426
2806937
2989095
4297178
3113211
3045273
3401812
3168898
3316091
4003204
3486190
3421300
3988919
3624992
3276212
3052973
3262128
2914641
3517236
3646906
3402774
2716614
3689972
3250079
3421711
2750818
3497157
2774867
3566518
3146653
3352360
3123727
3524755
3204366
3310958
2839096
2929418
2871385
2815998
2826574
2865040
3531662
3057213
3155926
3637523
2821993
2531638
2752021
2545381
2604949
2973948
2871596
3108389
2734428
2863225
3034357
2806575
2855296
2568910
2923554
2821923
3045314
2792992
2658200
2761625
2787899
3345673
3172527
2795819
2663302
2933828
2614301
3492365
3337303
3001526
2498777
2709246
2747129
2878883
3062465
2639503
2852859
3678353
3314026
2990549
3307921
2800159
3370425
3055909
3330556
2865491
3655497
3580331
2807076
2561251
2987602
3264323
3583350
3035750
2966299
3316803
3671506
3438182
3804114
3017806
2998718
2948996
3668208
2871495
2617800
2570574
2986348
3201268
3948178
3108379
3040392
3480365
2912706
3204255
2950229
2943392
3041203
3223923
2809593
3414202
3249215
3256132
2700143
3733007
3027599
3180396
2803137
3083146
3159825
3670294
2934600
3501026
2784060
3064571
3400268
2829982
2699180
2529102
2819888
2671121
3170311
2540239
2537833
2797213
2844127
3285154
2814515
3028322
2946489
2889559
3242049
2984784
3386925
2903844
2959732
2888076
2894221
3315900
2916887
2887645
2540830
2809302
3026386
2770346
3112097
2546504
2654230
2803377
2762255
2800199
3178000
3146182
2691401
2882943
2738778
2773995
3547681
2972524
2823146
2938150
3189368
2967352
3120960
3014026
2592027
2611945
2682530
3910876
3112790
3080199
3049604
2892928
2593080
2624787
3119747
2944304
3319568
2938981
4310992
2924105
3202170
2691031
3260844
2831957
3018638
3027008
2867475
2921608
3348059
2805382
2548118
3134523
2721326
3202179
3205428
3185539
2779098
3275510
2632646
3863550
2906712
3339087
3096138
2883435
3015590
2870613
2952624
2853310
2561521
3425902
3218409
2944494
2605559
2768952
2642240
2565330
3488596
3363206
2876247
2770837
2938730
2896075
3346736
3528294
3167484
3134704
2719381
3281315
3353092
2862052
2850002
3249998
2703121
3300221
2974589
3202029
3051689
3183734
2860598
2989797
2912907
2493223
2588067
2898241
2847696
4057818
3032321
3655626
3251461
2908888
2824700
3187544
2697948
2652065
2905609
2809222
3306387
2870452
2694569
3444397
2970860
3065052
3103888
2893960
2794014
3443113
4118808
3151585
3336541
3087306
3400538
3501557
3072932
2966760
3209097
2961116
3278978
2762727
2727109
2588658
2875204
2919634
2863786
2940735
2755429
2811417
2646170
3322315
2871214
2514455
2916276
2517182
2976845
3337854
2955482
2424845
2736893
2813552
3640670
3027189
2747921
2815567
2768040
3554478
3546718
2908777
2730878
3343067
3240504
3372921
3062025
3132859
2978759
3008011
3058405
3265596
2947923
3256854
2600587
3455825
2908306
3860802
2755971
2848699
2935382
3093301
2586674
2574503
2822354
3002007
2678169
4412412
3705220
2976805
2644545
3152547
3273575
2815998
2823517
3504254
3495602
3370594
3763193
3405761
3064400
2973306
2995149
2933368
2749545
2998338
2835987
3531571
2601189
2375011
3348109
2884166
2836118
3463253
2575556
2902732
2766777
3698703
2811147
2498987
2859154
3394984
2948916
2859846
3028291
2607706
2730708
3284172
4067522
2583746
3249486
2953156
2792250
3758170
3112158
3049524
3259341
3432267
2720062
2421206
3227893
2788571
2777754
3963776
3449288
2682549
2708955
2797152
3797607
2964424
3100609
2964614
3414523
3175694
3099296
3800745
3599108
3098324
4146617
2853451
2902622
2732503
3041464
3042978
3418332
3206240
2778997
3276544
3069032
3775643
3108910
2532800
3182501
2809983
2652174
2751128
3111416
3335519
2987351
2652986
2633428
3481358
3898255
3416387
3175924
2872667
2546133
2621920
2593299
3038546
3338625
3237346
3230910
2884317
2685196
3079327
3143916
2924305
2599816
2671823
2986789
2510295
2663312
3354335
3441660
3317854
3076128
2845771
2771719
2601810
2651603
3185388
3791060
2962268
2727259
2843747
3060350
3350004
3166793
3158421
2939131
3005175
3207713
2769764
2461765
2471309
2552499
2489303
2601630
2475649
2440072
2626240
2401237
2614491
2498616
2575927
2369297
2430840
2434969
2433366
2455008
2676965
2502536
2419602
2628195
2478798
2504962
2453064
3950353
2886482
2633358
2763730
2617248
2697416
3134533
2735660
2608517
2641618
3431896
3025294
3150733
2510395
2610862
2357950
2354020
2373057
2421396
2881169
2695411
3326636
2775008
2853470
3950644
2811146
2606912
2662861
2786064
2952885
2854603
2481194
2351514
2461655
2462547
2650280
2480551
2428644
2416203
2570634
2414389
2439691
2684454
2393678
2736563
2621048
2472211
2619765
3213006
3197828
3177528
2496591
2774335
2541501
2886912
2666920
2798144
3037293
3411866
2525121
2462056
2776561
2847566
2503889
2521914
2694078
3028983
3967646
2473163
3286407
2723630
2501965
2597570
3115877
2457535
2553731
2561310
2596307
2462276
2570002
2890511
2540218
2377799
2514636
2567856
2600367
2385086
2639634
2519036
2547897
2397969
2307565
2606362
2552038
3649161
2455319
2849420
3032471
2825060
2702749
2680013
2777383
2784681
2559867
2834904
2520490
2373598
2486005
2354230
2943803
3407876
2466989
2489724
3268202
3447595
2820719
3296311
2987611
2633388
2837280
3192575
3355116
3067558
2468412
2474016
2550083
2640366
3177459
3139675
3705870
3208736
3479694
3209578
2546524
2476793
3124799
2638842
2615063
2557411
2548078
2690840
3431054
3172076
2792700
2891002
2861279
2619283
2945137
2690248
2736984
2597500
2562353
2857721
2610643
2683241
2876537
2708423
2756812
2650380
3119345
2720953
2578974
2803407
3968668
2723750
3036090
3465178
3386033
2627373
2322451
2330281
2419141
2689546
2838303
3435825
2618682
2541010
2533332
2569160
2582674
2281902
2444343
2429445
2500821
3099146
2720724
2684293
2552448
2712803
2518876
2756752
2516009
2942690
3321303
2664534
2577941
2630812
2535547
2353709
2402018
2351343
2693326
2683852
2631663
2717365
3060020
2781463
2583205
2805693
2694368
2519497
2759880
2451460
2528430
2429977
2460553
2488160
2576407
2464411
2387712
2411802
2301861
2804880
2743399
3623648
3133601
2492551
3290687
2843175
2644275
2553111
2585751
3025855
2654009
2634010
2479930
2949115
2687722
2613339
2516300
2460542
2894210
2877118
2682951
2523347
2667512
2656344
2405687
2652856
2698389
2534735
2710679
3064581
2947011
3022417
2909228
2574935
2785162
2707421
3347959
3007771
2431300
2563536
2633709
2478456
2652666
2418138
2455971
2950399
2504380
2665467
2431952
2534304
2510516
2873961
2629418
2428493
2563636
2459169
2616416
2466397
2479799
2661348
2372636
2712192
2881249
2877169
2948635
2781392
2891985
2528610
2493994
2392605
2707651
2881479
2475709
2740412
2975130
2392856
2553792
2596326
2544098
3721348
3478801
3066465
2611213
2877008
2616426
3396618
2593410
3620710
3668408
2559255
2410689
2493453
2419330
2713125
2752662
2484531
2645378
2411351
2666871
3439534
4242041
2992683
2975511
3398664
2918410
2853320
2850383
2780109
3018938
3124980
3433469
3342334
3291810
2698057
2669216
2978679
3274498
3130382
2921898
3107516
3233316
3669030
2991270
3195743
3271209
3120438
2972353
2976312
3179223
3063368
4133694
3310807
3321904
2853791
2509864
3188776
3266348
2826905
2707821
2446538
2459319
2581370
3050956
2855224
3539210
2916235
2785734
3320180
2895895
2863485
2534224
2809312
2762967
2426619
2601349
2541251
2703611
2465845
2424383
2440472
2709937
3547310
3244434
3227752
2658329
3452095
3298757
2819276
2631754
2837420
3043880
2957576
2991019
2589229
2385187
2467068
2679532
2296187
2338591
2588578
2697175
2775899
2450016
2678198
2421095
2524499
2553220
3384378
2592657
2637317
3097682
2778244
2672886
2769032
2778767
2784560
2852658
3655135
3069413
2644746
2783077
2895715
2471479
3039619
3193418
3102714
3148807
2869108
2546303
2608146
2554614
2462227
2661447
2633428
2679250
2500189
2372034
2498977
2547957
2461464
2327274
2377798
2508260
2362140
2399351
2581380
2821070
2675432
2507237
2607554
2460763
2631944
2751248
2534093
2520479
2657557
2882321
2676274
3053603
2831366
2858342
2890992
2510545
2504089
2408263
2448142
2488431
2476070
2674840
2769744
3007720
2427771
2506375
2583415
2503367
2534344
2815587
2769322
2638029
2800059
2563656
3015058
2474496
3125269
3070815
2713496
3239732
2688142
2651853
2746327
2637989
3467533
3278066
2878452
2451460
2660224
3002247
2993726
3113751
2718096
2740020
2924074
2803707
2942359
2954238
3075758
3785917
3169158
3120829
3903016
2703290
2714809
2746306
2547958
3290858
2943562
2909278
2785152
2558102
2621960
2539577
2723931
2380986
2560980
2430288
2653638
2406710
2752391
2403943
2969015
2544158
2388044
2741134
2567415
2479468
2391913
2612968
2447439
2649227
2883995
2788561
2750266
2753093
2755669
2761564
2549602
2435972
2542013
2539256
2818023
3105070
3132027
3801807
3289654
2605268
2882713
2502084
2597740
4308134
2927192
2579596
2470426
2541723
2647723
2740703
2679712
2823165
2557431
2428533
2575465
2662850
2393578
2333188
2676785
2435601
2397397
2479890
2594141
2301510
2508460
2561742
3106514
2430258
2661587
2616897
2802846
2443510
2771168
2902802
2371041
2660745
2646591
2939201
2444332
2811246
2763128
2922911
3501276
3576962
2831365
2855234
3072881
3046005
2635573
2805603
2838062
2583696
3211763
2968033
3545906
2908536
3482200
3200174
3261675
2928786
2799828
2858352
2661026
2747540
2667682
2986839
2971842
2957738
3089722
3276261
3047618
3372389
3454341
3062616
2674539
2576177
2918330
2840408
3006707
2710027
2502285
2683953
2725896
2534214
2356927
3328611
3257476
2839827
2873730
2759198
3672328
2607203
3035558
2581901
2649097
2923061
2675561
2827917
2509392
2525121
2612626
2405756
2706979
2723079
2959872
2683832
2630440
2618481
3298265
3481096
3089732
2720843
2884798
3049383
3735373
3072490
3503140
2883253
3470390
3712757
2891795
2571545
3038496
2665377
3629652
2815686
3021654
2915814
3324280
3391556
3640509
2972563
3136367
2843626
3355567
2915644
3001585
2834473
2772541
2856728
2952534
2783107
2595795
3309633
3488053
2869580
2646530
3033885
2865991
2626932
2759658
2811075
2797031
3403084
3088870
3426782
2722488
2732883
2675071
2716061
2914330
2749614
2752691
3939124
3325633
3280572
2575264
2670499
2918350
2642711
2837420
3060078
2815877
3003259
2879665
2761734
2457505
2778064
3115215
3470270
2853119
2486616
2538303
2633999
2663392
3006607
2926680
3018938
3324571
3092900
2875905
2860468
3005915
2772931
2524029
2873098
2688132
2752081
2961857
2677035
3597734
3218148
3602866
2959762
3079247
3145168
2756751
2961396
3268432
3050736
2916997
2548950
3289333
3433679
3369531
2577581
2557701
2820559
2915954
2726747
2831004
3633492
2925949
2644485
2937748
2795267
3064420
2831586
2524951
2519588
2925898
2790214
2706006
2580768
2600406
2624596
2707550
2577179
2673116
2589550
2740662
3083236
2479739
2979090
3417710
3073743
3034456
3185398
2440994
2772110
2863876
2719249
3689209
3097832
3453839
3110874
2953015
3291108
3145580
2864908
2823366
3363387
3708386
2959421
2827456
2934169
3167454
3247120
3132919
2805452
2622892
2701476
2736522
2947371
3885542
2766246
3263791
2973766
2890471
3042636
3142382
2597098
2620025
2851636
3451353
2804268
2509652
2857379
2895724
2643232
2889499
3114844
2533371
3221556
2914901
3348650
2987610
2867494
3582105
2876487
3507281
3066444
3019319
2783999
2891434
3321984
3212334
2651864
3074524
2738236
2686649
2731840
3020943
2766806
2645027
2455540
2658078
2840297
3242298
2892978
2649337
2709054
2608957
2642320
2443821
2902651
2765252
2662389
2676344
2704713
3716155
2714688
3074796
2775267
2713064
2687611
2907643
2871013
2884466
2514144
2797332
3067267
2998798
2397697
2618751
2820690
2805241
2905458
3047788
2763228
2485383
2911944
3135585
3582626
3095045
2576407
3167724
3839699
3005735
2829571
3038937
2743389
3448997
4278591
3425409
2807998
2794766
2864026
3077783
3393942
3020742
3052591
3015589
2647973
3231752
3431724
2983741
2749925
2747038
3658353
3078063
3244303
3497647
2919643
2862362
3036802
2897308
5064788
2821020
3260843
3370383
2881479
2989145
2923883
2803947
2728762
2688604
3132016
2664193
2981716
2954088
2781212
2645919
2665507
3138693
2727259
2966780
3465137
3041563
3381571
2502264
3192204
3587589
3377591
3396247
3090023
2980974
3649842
3642674
2851866
2657517
3169850
3172596
3130373
3475061
2899533
2997705
2770826
3902253
2764842
3425679
2897769
2610181
2981545
3216584
2980352
2869439
2620205
3058325
2758616
3707072
2471950
2934880
3200706
3187192
3675655
3330455
2885348
3439794
3093762
3556552
2787256
3153950
3117330
2964473
3382082
3241786
2484781
3400327
2949135
4159277
2926791
3417118
2695550
2685536
3045252
2749313
2484220
2800971
3133139
3004151
3298657
2368114
2684093
2875905
3219863
3113490
3065673
3374213
2761062
2617408
3251871
2796038
2775608
3293474
3285644
3354033
3250849
2830703
3064600
3618795
3124337
2732442
2977024
2804068
2970458
3531099
3027749
2560418
2673256
3078464
3207943
2887533
3021914
2753172
2594431
3077351
2841540
2723248
2819776
3212464
3449839
2985134
2559986
2724452
2577409
3081632
3180615
2638951
2379633
2742737
2845630
3127585
2882481
3047869
3093672
2649196
2767929
3018225
2716592
2547997
2990648
3146201
4007252
3252192
3284382
3358604
2894581
2872897
3903095
2824318
2774225
2741794
3160616
3653731
3200564
3454430
3347256
3397961
2957647
2761222
3284081
2918169
3663154
2880767
2587514
2440913
2696473
2544168
3026887
2903262
2692553
3447102
3542026
3109180
3213326
2783116
3520995
2912395
3226839
3036712
2611253
3030636
3056591
2967460
3022676
3005273
2597519
2585930
2872687
3197207
2928043
2507357
2814764
2896266
2662730
2670659
2905798
3058094
3064299
2897087
2827766
3299909
2940584
2730477
2873369
2728833
2893298
2660354
2668625
2709706
2905528
3068339
3895927
2849239
2451078
2747408
2962489
2645618
3166310
3245956
3134001
2860216
3197528
2979911
2836659
2903824
3319828
2850572
2681907
2688102
2961296
2614190
2835866
2562954
3289945
3120859
3085782
3078113
2886069
3079627
2836067
3448626
2968182
2627423
3959805
3149178
3108759
2724552
2729885
2844127
2751459
3172365
3354665
3330184
2925988
2881679
2909328
2966919
3072249
2849580
2574793
2935953
2676414
2744311
3146171
2718908
2535787
2687250
2808659
2745433
3057994
2790495
2420012
2656695
2704944
2828408
3002136
2510154
2656885
2878903
2665166
2873028
2917708
2949947
2662720
2853550
3065151
3383706
2934941
3884059
3254618
2851696
2886802
3213496
2913718
3075697
4193490
3153218
2623102
2610381
2501162
3300311
3330174
2660394
3304541
2788549
3549374
2729224
2567596
2729123
3342976
3053261
2677987
2857780
2558463
2536820
2642209
2561481
2550974
2584567
2656655
2664525
3288952
3313643
2893318
2858282
2922530
2844147
3080118
2744802
2763047
2446918
2404313
2581760
2572016
2458517
2474957
2674308
2442818
2954368
2701064
3595207
2577660
2612566
2681155
3323969
3506870
2924926
3066635
2852387
3319418
2769633
2866902
3082193
2910290
3337713
2849350
3090724
3222168
2808118
2781513
2506495
2673757
2534143
2567746
2744030
2968282
3439152
3400558
2800599
2664805
3073261
3600540
2990707
2736080
2773513
3228734
2858381
3277103
2827014
2841982
2841660
2720984
4576995
2927752
2998687
2909408
2564638
2660444
4312183
2344545
2835615
2695260
3547660
3415444
2847244
3373300
2989455
3221266
3306335
2663542
2914741
3366974
2748982
3188966
2903443
3252643
3244222
2954418
2903914
2965475
2874360
2566472
2907272
3280622
3433217
3164456
2996161
4054990
3458430
2790043
2835465
3379966
2853439
4336041
3314706
2817140
2633177
3279780
3021103
3231040
2645667
2514564
2491848
2581810
2395351
2638309
2491177
2562543
2389587
2583695
3191161
2482174
3498187
3252953
3276251
3830787
3291940
3005544
2574854
2957014
3125088
3236071
3161007
3379224
2867594
3822647
3387043
2643562
3232053
3157017
3443803
2836217
2800188
2971470
2927201
3079988
3007900
2738466
2573219
3324700
3538357
3423193
3191883
3528292
3059257
2905397
2730105
3524532
3983634
3064129
2772721
3566506
3409168
2954208
2990447
3490038
2774976
2807757
2760591
2860106
3279991
2799897
2575635
2964844
2640485
3443383
3444375
4621806
2761533
3186760
3869422
3244252
3223922
3403434
2945416
3040360
3005644
2671241
2547676
2549972
2622952
2664895
2627834
2635643
2611714
2698327
3033984
2576116
2632916
2477694
2714837
2583534
2548659
2682438
2518594
2375823
2537531
2347693
2399009
2493012
2449595
2679732
2543506
2839685
2722116
2835836
2890431
2555776
2703220
3211201
3064278
3364799
3342003
3954161
2409606
2835736
3172555
3742991
4035050
3287198
2648094
3101340
3328339
3202810
2840267
3154140
2804970
2670378
3277024
3015779
2876557
3270898
2791457
3060490
2867534
2698538
2490135
2610210
2575836
2478205
2644735
2940013
2556829
2591885
2455038
2537942
2733875
2768951
2512189
2529491
2622912
2947752
2733825
2533020
2714567
2531797
2586632
2859715
2661296
2584908
2577750
2876837
2939622
3900058
2962188
2726306
2882521
2640345
3150501
2688483
2831635
2788469
3473466
3282426
2797081
3889943
2798023
2515317
2460080
2511086
2595303
2464150
2831435
2465944
2392032
2362560
2698899
2390629
2578723
2719620
2749112
2430217
2517643
2461814
2715359
2629558
2365658
2643252
2554623
2444712
2363663
2704463
2639663
3469076
3375304
2672784
2745895
2812408
2715860
2652825
4084091
2893178
2706587
2747959
2768740
3007489
2523055
2391542
2641157
2946749
2535547
3435935
3869833
2988332
2925447
2714216
3014736
2910209
3080538
3122752
2878551
3282677
3423013
2812579
2663221
2584908
2474456
2663652
3012691
2585790
3075797
2557921
2439039
2494906
2646951
2492350
2378961
2646149
2735409
2787998
2381877
2351552
2373116
2505392
2370169
2567285
2572989
2829200
2515116
2592928
2928133
3416998
2494946
3297062
3251349
3220273
2817030
2601529
3009374
2943351
2454296
2554162
2822603
2751809
2553200
2715790
2475568
2584096
2479909
2806594
3927937
3325272
2908695
3369642
2848708
3249836
3730059
3001715
2697294
2888596
3423263
3194931
2816758
2966237
2794895
3202218
2844006
3130351
2521061
2700552
3299017
4255623
3013313
3193387
3065963
2965105
2660424
3610644
3115735
3066343
3084969
3712054
3634433
2945877
3157267
3206569
3092348
5479278
2802494
3022175
2896676
3605912
3137770
2886360
3174801
3405309
3213125
3333742
2575404
2536930
2812839
2991990
3626414
2952824
2926769
3302004
3174099
3100187
2819155
3110793
2984873
3083917
2946890
2658068
3429288
2712432
2661958
3533064
3164987
2933717
2871985
3661751
3409529
3599737
3318114
2863173
2852848
2836638
2864196
3596049
3501416
3095566
2752540
3202779
3392788
3004301
3754018
3041994
3033482
2814474
3477136
3210469
2911803
3411755
3558637
3526086
3180134
2691750
2595022
3009092
3199451
3266166
2780881
3006226
2639412
2873428
3453417
3597562
2821842
2914740
3242738
3533695
3230208
3012461
3400717
3289132
3462741
3442350
3218779
3206048
2811586
3085150
2800178
2601318
3447853
2934168
3292220
3293112
2993605
3049813
3065572
3586225
3048610
2957976
3058705
2914700
2651572
3101581
3372267
3116437
3141318
2853580
3350935
2737734
2809871
2630119
2906249
2855023
2818944
2406178
2510224
2858171
3579297
3004391
2730106
2833069
2959320
2824708
3572209
3352549
3064990
2842281
2538504
3818015
2820358
3251510
2868977
2538333
3101029
2967580
3318344
3094753
3446590
3211090
3344740
3137610
2966668
3053492
3037412
2889147
2715920
2676464
2836457
2979559
3195421
2652134
3104066
2975750
3156275
3541163
2836898
2608807
2700643
3609592
3318004
3114433
3296209
3239581
2963761
3671274
2912755
2983600
2953857
3537725
2711460
2738707
2928364
2993695
3008461
2852106
2666810
2546904
3006055
2626560
3040109
2762686
2699260
2753433
3001364
2706778
2380384
3551609
2606190
2568217
3486198
2918811
2978557
2530964
2476581
2757884
2678197
2742406
4132340
2998416
2800920
2763387
2924374
3266718
2833720
2884165
3086904
2831616
2782946
2806914
2635111
2847094
3238378
3725888
3133840
3503320
3324089
3761215
3835458
2811837
2732943
2903763
3581112
3095586
2731799
2466125
2461584
2406408
2332115
2631813
2453163
2482877
2614332
2456720
2439688
2445211
2449111
2648403
2611241
2472328
2409604
2349565
2485070
2501771
2446895
2428841
2632233
2619872
2584776
2677364
2825630
2562480
2537670
2847423
2844456
3075325
2956092
2962868
2963730
2583221
3294185
3558768
2564565
2664141
2645335
2644613
2957315
2921786
3496955
2560114
2442736
2978597
2735056
3173939
2916694
3465438
2971229
2842872
2670126
3538548
2998396
2367951
4029729
2930498
3412366
3126812
2815535
2880224
3271930
2866871
3539089
3383265
2897056
4295676
2821269
2846551
3211010
3139705
2787926
2648684
2959930
2829780
2860876
3610035
3674583
2858180
2903783
3192819
3307033
2891731
2904894
2755362
2637438
2690782
2680676
3585826
3071086
3328907
3479773
3112510
3064049
2980782
2445722
2520618
3248879
3136119
3143487
2799401
2918477
2726178
3599962
3653245
3360927
2884823
2870939
3706075
3917982
2879450
3605687
3491843
3307284
3128830
3875798
3230463
3146764
3546138
3104279
3624734
2965665
2892944
3290242
3592674
3521677
3247706
2759923
2912613
2760153
2782769
3114635
2774098
2497380
2711011
2606341
2457470
2724194
2817466
2849486
3132028
3253069
3649024
3037212
2806338
2880714
2719523
2649659
2835341
3017885
2563865
2555484
2764274
2830338
2986847
3085843
2427676
2658741
2956602
2694872
2638030
2675604
3202072
3074726
2935991
3723850
3017785
2938056
2829837
3215145
2940452
3265390
3101362
3399684
3180679
3116750
3431694
2891270
2907189
3030927
3509246
2819030
2819130
2812955
2747152
2926066
3095077
3402330
2641017
2685798
2759793
2726480
2653118
2929415
3277339
2935008
2812795
2630331
3500735
2613790
2517350
2621509
2628697
2691894
2622441
2681157
2611685
3187125
3047117
2999207
3098515
3268057
3007058
2538763
3238684
3018576
3078104
2669989
2818238
2815051
2617769
2504126
3159697
2881585
3720000
2910968
2734539
3005172
3007709
2678330
2865064
2925515
2613509
3137693
2998737
2992311
2860533
2576126
2894698
3348286
3285119
2827211
2786158
3643210
3155988
3075427
2482322
2734419
3223024
3237109
3413739
3412065
2969184
2574041
2638621
3459643
2995970
3338472
3472585
3200318
3147978
3015247
3293800
2806599
2815450
2365723
2318956
2691313
2456719
3169361
3191275
3280438
3246864
2826538
2644426
2445140
2404579
2606090
2485010
2652596
2421261
2511013
2533419
2566572
2479646
2607554
2347687
2568467
2905645
2825216
2694190
3181371
2866708
2511424
2490683
2471676
2719402
2613660
2766419
3126745
3022917
3802576
3071879
3130324
3046285
11020203
4514245
2867591
3096710
3350972
2666210
2875700
2845426
2971269
3336898
2746900
2920592
2813908
2814408
2824253
2807391
2740816
2984622
3483030
3189421
4091043
3458129
2665278
2501309
2535505
2800714
3256257
2979479
3459503
3007067
2826148
3019028
2955730
2725969
2725558
3521146
3553747
3012149
3159356
2591875
2764044
2618010
3139677
2911550
2836634
2853706
2880442
3582468
2919519
3186854
3011478
2669588
2854919
3509928
3062375
3041383
2840924
2914227
2600246
2779813
3403603
3448134
3621065
3053062
2836423
3143717
3536023
3364797
3054595
2790088
3294603
2925715
2715061
3655650
3792921
3680182
3137642
2978877
3384005
3490579
2989734
3175386
3474109
3123317
3631551
2811451
3047297
2776183
2774299
2953585
3319956
2687353
2995859
2746910
2779000
2813867
4180927
2651223
2459125
2708464
2683553
2532818
2430443
2541619
2965705
2700365
3028721
2685547
2842428
2824373
3105432
2934968
3118915
3190533
3089963
2538722
3008711
2557119
2692595
2864853
3267094
3292216
2726860
3091837
2925393
3740862
2616887
3152880
3582388
3410741
2873144
3593595
3173521
2731632
2871229
3060981
3060229
3324416
2449801
2976461
2454824
2576226
2555474
3410620
3071718
2980480
3570257
3208066
3698576
3021233
3190353
3136609
2803551
3349709
3028651
2626761
2721516
2628425
2732364
2936070
2836343
2709236
2706360
2854879
2705858
2908031
2949233
2519224
2737116
3167697
3627771
3309609
2760334
2840603
2866988
3286351
3522368
2859390
2596406
3159536
2814548
3214663
3478379
3364215
2847530
3046244
2989323
3101091
2879249
3019919
2886597
3030976
3304798
2717276
2874968
2926858
2702430
3432675
2921434
2892752
3268798
3532834
3478288
2965172
2947970
2840072
3053092
3070846
2910236
2590221
3097201
2846588
2631544
3113321
3132780
2938296
2779731
2776875
2856452
3371794
3193140
2522663
3150062
2808062
2820603
3151536
2997935
2709587
2604667
3728591
3819116
2686159
2875791
2876863
2599674
2904643
2861485
2723472
2634651
2610521
3082826
2671783
3328867
2799110
2722760
2779522
2771932
3278813
2738850
2496668
2657868
2502252
2913304
2722119
2909935
2734770
2711532
2978135
2968420
2762739
3016310
2540186
2829536
2659603
2879741
3365689
2940221
3090525
2954667
2837595
2689798
3009914
2592746
2788162
2663032
3703820
2811260
2427867
3011808
2775170
2637759
3383543
3013543
2785285
2682259
2797727
3002455
2742278
2479204
3135106
2700595
2791320
2966887
3205671
2517088
2729466
2762027
2653137
3417628
2899409
2728755
2736163
2526381
3256717
2906055
2750007
2896111
2673949
2844192
3182233
2485600
2432418
2986195
2652896
2825346
2616867
2515384
2533228
2718760
3001573
3275153
3769282
2771340
2670971
2752374
2765155
3341990
3093662
3352195
3116980
3508684
2786398
2960441
3170343
2734489
2602521
3005253
3105562
2912482
2665227
2702310
2897344
2701477
2936090
2952171
2605478
2842288
2489179
2834528
2861825
3316075
2710309
2660595
2954085
2620586
3346040
3570387
3035679
2589589
3465316
3304115
3400817
2559304
3184377
2988962
2852011
3059889
3417758
3020119
2978837
2688876
3689685
2599594
2586511
2660976
3126424
2849586
3188819
2693357
2749466
2731632
2933745
3139847
2717908
3598066
3091366
2912561
3035347
2809155
2561098
2924060
2761376
2802137
2985754
2747842
2969583
3104058
2990787
2630210
3478620
3422209
3267213
2907730
2960481
2717467
3157120
2884532
2761356
2934226
2862197
3125010
2750840
2970196
2911981
3337899
2725286
3174864
2935188
2760655
2990576
3187375
2813816
2646500
2640646
2999367
3110534
3347002
2714851
2745196
2662811
3276036
2747361
3226051
2663803
2727602
2739131
2946797
2844232
2620897
2933123
2771772
3458720
3143556
2953263
2902357
2918406
3764019
3423873
3118082
2836893
2821264
2771240
3300596
3067407
3336114
3408545
2749025
3214111
2678138
2725155
2865846
2801856
3319754
2805566
2695111
2519073
2485439
2583063
2928661
3730084
2883038
2987778
3349708
3716080
3329618
3194373
3042845
3160658
4213947
2798077
2903930
2836192
2792543
2727761
2757726
2835118
2700303
2643142
3006255
3008871
2675111
3030003
2746328
2894927
3024790
3110894
2641567
2606069
3066815
2838958
3460143
3190382
3240437
3094323
3329748
3502027
2875509
2977643
2898386
2984009
3271073
3425978
3151455
2849605
2728704
3041622
2777515
2474122
2547464
2903228
3423883
3126473
2976490
2821214
2890607
2892522
3003548
2830157
2746378
2650239
2636596
3003728
2961433
2864713
2801205
2795630
2738328
2526111
3010655
2485609
2577718
3150703
3364826
2877625
2897655
2535765
2991046
2327787
3159064
2593117
3524022
3114454
3357628
3106985
2714188
2581688
2538060
2673567
2478672
2560386
2598872
3226292
3234281
2784794
2771070
2552186
2601387
2431285
2474452
2519023
2454383
2790267
3075617
2492788
2527645
2481560
2573088
2737055
3511039
2750588
2918676
2917604
2500125
2523103
2475354
4596317
3311353
2564085
4321154
6581534
5131288
5059189
5699992
4360632
3055878
3593604
2932190
3113451
2700083
2845525
2570892
2708665
3262572
2802237
3332897
2749987
2626791
2620204
2487635
2710579
2612355
2600395
3036689
3228176
3571951
4026481
3993288
3170853
3030584
3764219
2669086
2903609
2516306
2608165
2649788
2719852
2883138
2567834
2645667
3297678
3446699
2747370
2661126
3434499
3381879
2643974
2624806
2596465
2592125
2736664
2504366
2618550
3039557
3371322
2432999
2610020
2863740
3359042
3254772
2719762
2390835
2480166
2695612
2526401
2433811
2507956
2492317
2507685
2570571
2494994
2479725
2396769
2681717
2398574
2486181
2718359
2474502
2739391
2613137
2518652
2420448
2502903
2435907
2609207
2419405
2491164
2430001
2563222
2669406
2618871
2476918
2663261
2826688
3799437
3222312
2471906
2904551
2655161
2574651
2458853
2380197
2566471
3086173
2647963
2680514
3640331
2934887
3519931
3763126
2874296
3032198
2804864
3066464
2620295
3140618
2662219
2706219
3032389
2561037
2732564
2505329
3451110
2942717
3160668
3233700
2959889
3693693
3065311
2779600
2665567
2783360
2890537
3131024
2786528
3045612
2677327
2790107
2544576
2455104
2857133
3257419
3077161
2607774
2532557
2577649
2979177
2915759
2737747
3851596
3168799
2675984
2452297
3437797
3157621
3579600
3133200
3062605
2870176
3087837
3286371
3262051
3167134
3112979
2907128
2818758
3258130
2803751
3061632
2932080
3121962
3267053
2895589
3148578
3136258
2910175
2950996
3230441
3428815
3086955
4140475
2678991
3408374
3356485
2744193
2975237
3793471
2858608
2799721
3553816
3789472
2934336
3002686
3206262
3381808
3285217
3434659
2940892
2943027
3188738
3385437
3236085
3574357
3067706
3378720
2909794
3180126
3253148
2961462
3288555
2904661
3687788
2848250
3295513
2935107
2890526
2856922
2988560
2760143
2606780
3239944
4057206
3464853
3365728
3579268
3278360
3329096
2704944
3099064
2682499
3053591
2776994
3363282
2756202
3528963
3418578
3279803
3545504
2714678
2613146
3047938
2716974
3599278
2593358
2687581
2692855
3103445
2841033
3796638
3393056
3373456
2790908
3657152
2717215
2780583
3227343
2939668
2613598
2754037
3219995
3750383
2585497
3063617
2906135
2998976
2628585
2833725
2737505
2555884
2409410
2619573
3190321
2739852
2659031
2766177
3868066
3574747
3287172
3085040
2756112
2886897
3139245
2806908
2875639
2715511
3467972
2928741
2787169
2713897
3002765
2730799
2977893
3312294
2724162
3079366
3059135
3534006
2779410
3252997
3159284
2886406
3142693
3393647
3144337
3494197
3785201
3298119
2987306
3095967
3066534
3567208
3153209
2905553
3255193
3394890
3195805
2965693
2750287
3159034
2793565
2964761
2976730
3042584
2557207
2517378
2666348
2942344
2838787
2727020
2603944
2455134
2834456
3439842
3324054
3127646
3242992
3383833
4198789
2927147
2849032
3245719
3169329
2826236
2981112
2852401
2812221
2833354
3149860
3430057
3364504
3142252
2726990
3156217
2709005
2982364
2496447
3664891
3570977
3090984
2704223
2757406
2865163
2978615
2709246
2852993
3351943
2990796
2812742
3170532
2894827
2601117
2660785
2729265
3374770
2976179
3590436
2778688
2560816
2724854
2820031
3265488
2697155
3157249
3254210
2696424
3104548
3203113
2812572
2993743
3174292
3358209
3001061
3150653
2714058
3207263
2984509
2915057
3138592
3026143
2929814
3600180
2622851
2930194
2838055
2904240
3091837
3022404
2735961
2827359
2936681
2878857
3135225
2794508
3183775
3195494
2949573
2683762
3119295
3153199
3189158
3267083
2960820
3460744
2851679
3015988
2719290
2895850
3404544
3427862
3344975
2848912
2932299
2951066
3613263
3128126
3761782
3059326
3267884
3467040
2833213
2857504
2762939
2991838
3241890
3060569
2696484
3042564
2886175
2929764
3146483
2795209
2764172
2851479
3384735
3156898
3065801
2851128
2792212
3096789
3046554
2879348
2612454
2823238
2665857
3190071
3190321
3556241
3273098
3328786
3135225
3243844
3308645
3140838
2962324
3814604
2715291
3053110
4414755
3215334
3813060
2967468
2834517
3063316
3875064
3157650
3445987
3360805
3245889
2817314
3567820
3300225
3142723
3229730
3736951
2871268
2830547
2809986
2738779
2759881
3260586
2846807
3102874
3306510
3216346
3507761
3011387
3028349
2893614
2775781
2798257
3141490
2912451
2960570
3138963
3856779
3353888
3385867
3061451
3119144
3476182
3624220
2669096
3023266
4057998
3449716
2985401
2848491
2873693
2741615
3718323
3177148
2669687
2715661
2787008
2914846
2900109
2569558
2991877
3001892
2898957
2815890
2908290
2618078
3264735
3429706
3365456
2825133
2504747
2927568
2602339
2895979
3217418
3118753
2529789
2819469
2950213
2523533
2622680
2936640
2422041
2517579
2495123
2764642
2576144
2738527
2857644
2837794
4665638
3840577
3097049
3112217
2925392
2890986
3131384
3021842
2570851
2607282
2973171
3152978
3754263
2811279
2975527
2921904
2789805
3074984
3687346
2682608
2669907
2633346
3056799
3703116
2585538
2989882
2846898
2766367
3205950
3033260
3171183
2851198
3136858
3152998
3355461
3414528
3130011
2979828
2870155
2935908
2752643
2790457
2720263
3426257
3760297
3109641
2709455
3165639
3047856
3593022
3336595
3107054
2884982
3086633
2658038
4329673
2957602
3055064
2716372
3466718
2992329
2899648
2788943
2717676
2784041
2769625
2713445
2750577
3360794
2817453
2658097
2788832
2785906
3013842
2941191
2934776
2845514
2546871
2607272
2886666
3835896
3438137
3504090
3333196
3688489
2534721
2814286
2619822
3135564
2874916
3156607
2893192
3348875
3077501
2887297
2579633
2712644
3084367
2620313
2833323
3012058
3113490
3184476
3219644
3128588
2743259
2866346
2701937
3141108
2632113
2661316
2870255
2890966
2624263
2422632
3132968
2676634
2507092
2793876
2899518
2903779
2760282
2565899
2433459
2780492
3595919
2880421
3117199
2863659
2732001
2634860
3091465
2641096
2696503
2534671
2992087
2828581
3037802
2387144
2941322
3169900
2906274
3071585
2988570
2810176
3043657
3231894
3068408
3152818
2671832
3313116
2986043
2912650
2755069
2924720
2874245
3262851
3667287
3414960
3182261
2720824
3319051
3278019
2887308
2579894
3284184
2920520
2982294
3370729
3186722
3192176
2846386
2861082
2935988
3218561
3295763
2843308
3382469
3107004
2800562
2704342
2820240
3091375
3258640
3263312
3021782
3034895
3323151
3406278
2522050
2685456
2880912
2798106
3046984
3634355
2820381
3049581
2867067
3443731
2551693
2503644
3372694
2748081
3512371
2873674
3163384
2648664
3014854
3333857
3362819
3180005
3333416
2844150
3116497
2917543
2594780
2880651
3486026
3562295
3599970
3279854
3124036
3056017
2779429
3066783
2966113
3116488
2785755
3524942
2895178
3270470
2692062
2961001
3375752
3382117
3266239
3009441
3230501
3168506
3301487
2879859
2786166
3122532
2884801
2827849
2654258
2587923
2772261
2703190
3227152
3169860
3180206
2679370
2827970
2984790
2959467
2808051
3229177
3572290
3565323
2782968
3691396
3212957
3567157
3001271
2831368
2714468
3020107
2648153
3434007
3395491
3303823
2779149
2716633
3009432
2641717
2948119
3115856
3406217
3702183
3012859
2568094
2894014
3468182
3613513
3963353
3018363
3331562
3653602
3198710
3238700
3010553
3473304
3387681
3623206
2742327
3129008
2951517
3434257
2688222
3218961
3334349
3255873
3339542
2815318
2736723
2908871
3433013
3070131
3210420
2907497
3404052
3176215
3099113
3104938
3259051
3028248
3688709
3001611
3456322
3334579
3266659
3771976
3016137
2782496
2938063
3683346
4310986
3723195
2947336
3325356
3093660
2879117
3189779
2949892
2781695
3573974
3583819
3239091
3125088
3137088
2904209
3362378
3165719
3509142
3359901
2927827
3080217
2889613
2980739
2882334
3326058
2615913
2589206
2913933
3309527
3309456
3212936
2996088
3080688
2861733
2747850
2767569
2576574
2780492
2796341
3270470
2536435
2706147
2504576
2926595
2839538
3268354
2627912
2864370
2839277
3524139
3241277
3340454
3339902
3302930
3956133
3306630
3434858
3092387
3784327
3116988
3056648
3310309
2749043
3127413
3023746
2795088
3282048
3209207
2719781
2543402
3324243
2649956
2707951
3767785
3539818
2995045
3053480
4128001
3004869
3001851
2963787
3344233
3535167
3354769
3046824
3197739
2985030
3501233
3039114
2859377
2945321
2806506
2772621
2882615
2473749
2527362
3396402
4069866
3211552
3281046
3034563
3424322
2936349
3949648
2754577
2846957
3789208
2786165
2534219
2656323
3256074
2936399
2765324
3395621
3291712
3112456
2827638
3077649
3395540
2729094
2693065
3446838
2887528
2466030
2884159
2677866
2676523
3032969
3175373
2585687
2476807
3574305
3315161
3097881
2942675
2778948
2865603
2806697
2743359
2889342
2676233
3233428
3630163
3693491
2878545
2916580
2733124
2732462
2602309
3334127
2717926
2814977
2583311
2743500
3779114
3220024
3434437
3285728
2804641
2608794
2795057
2613858
2522610
2399004
3268976
3829489
3062643
2751269
3032508
3015917
3043987
3106622
2919928
3344563
3112125
3234901
3027085
3230159
2806456
2992037
2971867
3158681
2559202
2565758
2796281
2982002
3035065
3300594
3020468
3039986
2858776
3481574
3930731
3337125
3231583
3828947
2978052
3039846
2666939
2629104
3271021
3044748
3407350
2995416
3185127
3683927
3069760
3087143
3006062
2836671
2887196
3071885
2533759
2793534
2880841
2915587
2976017
2636082
2599291
2564935
2530791
2732402
3584059
3437856
2770396
3095073
3131634
3086151
2769755
2555121
2515834
2504205
3521534
2996929
2459403
2451403
2429017
2392888
2368026
2561187
2398081
2947867
2411033
2509387
2342352
2427394
3263342
3039555
2869111
3027114
2698939
2635822
3143614
2965491
2591322
2715841
2894003
2632513
2521278
2525096
2506239
2425278
2893623
2655481
2615671
2586589
2616785
2729655
3069279
2557517
3377946
3374929
3084156
2930494
2728533
2874986
2894875
3735034
3629803
2961833
3536621
3529444
3650965
2846045
2643451
2440306
3235492
3095344
2710888
2419263
2820592
2482891
2727419
2630217
2615490
2690287
2830094
2795437
3012838
2731149
2517888
2716071
3221959
2697465
2863958
3046772
2591541
2709916
3331721
3720478
3270168
2527512
2673355
3771705
3696307
3265326
3029931
3521232
2836942
2854134
3009972
3231291
2660422
2776992
2592394
2630167
3674031
3051404
2588133
2554750
2946343
3311982
3042492
2743560
2562629
2590869
2620412
2850635
2887978
3238469
2625456
2464917
2791568
2533507
2712161
2786405
2752090
3041840
2895968
3389324
3347250
3287380
2709885
2577817
2921902
2796741
2980699
3006943
2778395
2550700
2883396
2967135
3007916
3281136
2592013
3094040
2642258
2861051
2880219
2830284
2911256
2646729
2459323
2836269
3149267
3338788
2804270
3049639
3120466
2880048
2701855
3061820
2747860
3186520
2838646
3356713
2736923
2826014
2821693
3310108
2950644
2958694
2865462
3193237
3343230
3541693
3374768
3316654
2963887
3323772
3578755
3280243
2821653
2871678
2742576
3930689
2931066
2906354
2780150
2915768
3012869
3424471
2828460
2748241
2969752
2875858
2888891
2616694
2705033
2967326
3681590
3319821
2877011
2702668
2874725
2878956
2874064
2664262
2520565
2942553
2575181
3270790
3260183
2938764
2730727
2591852
2998562
2691299
3421033
2665856
2636604
2582469
3667345
2849081
3461343
3101960
2722807
2549287
2478420
2731640
2942012
3510285
2635721
2790586
2874575
2896068
2854404
2621054
2915125
2519563
3139814
2863146
3319240
2989270
2741484
2898525
2653886
2706638
2769955
2811708
2781844
2679139
2921632
2990493
3250128
2629606
2825643
2572744
2555843
2559873
2672112
2772351
2706707
2785272
2803568
3885227
3453594
3253516
2962102
3424993
3722492
3284403
3000067
2972909
3327851
3262239
2601336
2616944
2837171
2710707
2801754
2652593
2689545
3027896
2680723
2968298
2765875
2822937
3674242
3558244
2623300
2589857
2667821
2701444
3465132
3279180
3168284
3331510
2768581
2707971
2651871
2737765
2779799
2956027
2865543
2645756
3003405
2724763
2737103
2471864
2795347
3472681
3070021
2572344
3191592
3371540
3035304
2917491
2964628
2497868
2802927
2906605
2497768
2731490
2444626
2521878
2612083
2552354
3287190
3222820
2579021
2968408
2777544
2581386
3522676
3082011
3158340
2935877
3565311
3634313
3205908
2858875
2814605
2676211
3376031
3345344
2602548
2666227
3679867
3443118
3403971
3257035
2954353
2717313
2701003
2792500
3557020
3016818
2475523
2679971
2765483
2701454
2702998
3335260
2807398
2501027
2934905
2599671
3073470
3385896
3504931
3072677
3617672
3608810
3121318
2582088
2755298
2759719
3224003
3565171
3030613
2819067
3259893
2902795
3108496
2875226
3449293
2720141
3050131
3176395
4052382
2585947
2758707
2539572
2856990
2976809
3778532
2799317
2620954
3071154
3501443
2847738
2607501
2956278
3096837
3049209
2769875
2945251
2406852
2802736
2613927
3464641
3204805
2990864
2998993
2622277
2618207
3395288
3020648
3120625
3044176
2992116
3935531
3440611
2979305
3067023
3348171
2995845
3023775
2555862
2764992
3090480
3401153
2728682
2890544
3308543
2952528
3056596
2977781
3191852
3203723
3309496
3539517
3636277
2672301
2948948
2796129
2749784
2840540
3024066
3568068
2691940
3068677
2724431
3278458
2771067
2913782
2781623
3079032
2952478
3163853
2397217
2781593
3129528
3835944
3289326
3019063
3145657
2945601
2872519
3411128
2646337
2580182
2819878
2587862
3781488
3289445
3252855
2898834
2978904
2691199
3239471
2650607
2927125
2767398
2688712
3150781
3092135
2989138
2532303
2934413
3160334
3138360
2700200
2842665
2726677
4101313
3037048
2950232
3349243
2807096
3129989
3714131
2915185
3024737
3059875
3489212
3414867
3303169
2968147
3159432
2872419
2794586
2753503
2738226
2723970
2883156
3480199
3312743
3042501
3285927
3446456
3283220
3418786
3070291
3535417
2832499
3208664
3004747
2744471
2740190
2931736
2827196
2827287
2821192
2524284
2959034
3221205
2911215
2633785
2800500
2621315
2703529
2684552
2856559
2835778
2541537
2844660
2805743
3291952
3015334
2755238
2817111
3254148
3182480
3465753
2980567
3005098
2471413
2407082
2516414
3208925
3610854
3127694
3102110
3027805
2869612
2905060
2955184
2825542
3166911
3569311
3806390
2764430
2872519
2863667
2817824
2963746
2820260
2994913
3351349
2972608
3420862
2689344
3162500
3037119
3103262
3265425
3146541
2489447
2651320
2590317
2989740
2776580
3195381
2823347
2670827
2512344
3211100
2952829
2554469
2857702
2699570
4230163
3202399
3177758
3054061
2527421
3358197
3144665
2692271
2453588
2812560
3120225
3206439
2421508
2522901
3432932
2902734
2948969
2960337
2633636
2723569
2724933
3157597
3920604
2992387
3217857
2916779
3411348
3069389
3064787
2719298
2699880
2652653
2960738
3276563
2817693
3215321
3186580
3204955
2722756
2811297
2587541
2630658
2628904
2692512
3672407
2754867
3135222
3199472
2985881
3003435
3095553
2838575
3251491
2570639
3116365
2626077
2644713
3255411
2857552
3062862
3172234
3475127
3344863
3328141
3576750
2962934
2664001
2993600
2636342
2924709
3516639
3534444
2820861
2744722
3166069
4018979
3208264
2941941
3366878
3735043
3303851
3332652
2908790
2670767
2768530
2722055
4034537
2809492
2896780
2936849
2834064
3293957
3014121
2746256
3132024
3696748
2886604
2688892
3152365
3337605
3197086
3695375
2959826
2969640
2755298
3236213
3486264
2537075
3296543
2685314
3408060
3653299
3315399
3394637
3426937
2863256
3254469
2896328
2817533
3112095
2727168
3237476
3112806
3273255
3049178
2452766
3146610
3121057
3208013
2721935
2739268
3196604
3610073
3245997
3228724
3476129
2806064
2894102
3492119
4014807
3940342
2827587
2790144
3190720
3339740
3351239
2826635
2609505
3172665
3631004
3130821
2849492
2976537
2742536
2544063
3513351
3623936
3187492
3097187
3297615
3580919
2727288
2667038
2765663
3512408
2675228
2903395
3656005
2858313
3059794
3006391
3636237
3351910
3092305
3858810
2672481
2704019
2567891
2552975
2449918
2916527
3612558
2743628
2697814
3310437
3318617
2967173
3046731
2855797
3092024
2785172
2690316
3061147
3975399
2750977
3029389
3527126
3211982
2901932
2891777
2764661
2906282
2564954
2990722
3056355
2780300
2346211
2722546
2802024
2835336
2998723
2801312
2526709
3105237
2668712
2643420
3258217
3095853
2600583
2608783
2700280
2741704
2653364
2940237
2914313
2666788
2706265
2982954
2776810
3245565
2732109
2726134
2733944
3064436
3048486
2932097
2652541
2976517
2900568
2965369
3709539
3374085
2747398
2586829
2589395
2765663
3078891
2837852
2660080
3154410
3095161
2636733
2765122
2530007
3052415
2711489
2795638
2972397
2690958
2599640
2670496
2623750
2854805
3325233
3127292
2809743
2940287
3051533
3113789
3182218
2957399
3007865
2982101
2892518
3110711
2894724
3314678
2719298
2716902
3098981
2972707
2591640
3068797
3185957
3140945
3258337
3624437
3169777
3125698
3173205
3047864
2623410
3155943
3512690
3754471
3218218
3506053
2963044
3196534
3082691
2526208
2535762
3086160
2923575
2893711
2608272
3142791
2669033
2640271
2842433
2974001
2812870
2794745
3199271
2684501
2925932
2869882
2513186
3167442
3117588
2562608
2758986
2830063
3014431
3146981
2689474
2699599
3552749
2680491
2919255
3634693
2788439
3016075
2962151
3267310
3062050
3082270
3710702
3349193
2755517
2792530
2687398
3244823
3202128
3267630
2778144
3225716
2806395
3239119
2975595
3141297
3351268
2824569
2783528
2678938
3516619
2948037
2584914
2636262
3781918
3698231
2428886
3162359
3365864
2894343
2911345
3196544
2907024
3080696
3136113
2928066
3349293
3087283
4161582
3183591
3184194
3105417
2682506
2842344
3098189
2946883
3124094
2822605
2434801
2605666
2647710
2698767
3445724
2877221
2727589
2553045
2768901
2805643
3156304
2642387
2644272
2744340
2964146
3417974
2913340
2946442
2727569
2821211
3603525
3522394
2984908
3062491
3072025
2897039
3147572
2676140
2603369
2619910
2772038
2900949
2891315
2768750
2744691
2687890
2780009
2701143
3053719
2740070
2572794
2715659
2714857
3301936
2734285
2774275
3014020
3119021
3498845
3506614
3071122
2591601
2887355
2712531
2883105
2583781
2646978
2818514
2841621
3454224
2909661
3296914
3715674
2634176
2749352
3387548
4881320
3125587
3400560
3037388
3053979
3222197
3610502
3252533
2929199
3774621
3375498
2861621
2757423
2663269
2820450
3640928
3425081
2980827
2657243
2826544
3572758
3376461
3418656
3561210
3252662
3407146
3169447
3209986
3438625
3027433
3234979
3058901
3225215
3078620
2656923
3264442
3346015
3226387
3286817
2965699
2949870
3110580
3261966
3124153
3136454
2656532
3384029
3382756
2881369
2933008
3107201
3263309
3365082
3627434
3222176
2473436
3086409
2959033
2734775
3086099
2813472
3061097
2908427
2931595
3478153
3112434
3351007
2870804
3032385
3475667
3120644
3193256
3280532
2496845
2757422
3425874
3060204
2651709
2583380
2700741
2752580
2639098
2856648
2794935
2854474
2707007
2679559
2638125
3048666
2594156
2781191
2767857
3243129
2660772
2592372
2996246
2869130
2639569
2910281
2731076
2594297
2459402
2523240
2620622
2570608
2960476
2733783
2916838
2918512
3662341
3044446
3077888
3311098
3276792
2501817
2711859
2821000
2649303
2877471
2714976
2710525
2570668
2639359
2830032
3451837
3044205
2731167
3041458
2874422
2575871
2734805
3384801
3328903
3139020
2853190
2805401
2606196
2591891
3282156
3042771
3115381
2961489
2514127
2768861
2815406
3029749
2823126
2612803
2458359
2620121
2663238
2833451
2896487
2740600
2533826
2768018
3014211
2683228
2882423
2676892
2613986
3185105
3033960
3069046
2884186
2776269
2718696
2421868
2766404
2970392
4478007
2915284
3470884
2919756
2721081
2968927
3112093
2633033
3066480
3499447
3201526
2828950
2863666
3224262
3068244
3164835
2959765
3061949
2772580
2692842
2862052
3038651
2917740
2636431
2969559
2637584
2719608
2829070
3098570
2614015
2579780
2357849
2677182
3226096
3047152
2677202
2746967
2613574
2907114
2806875
3061237
2853852
2899315
2925289
2911645
3533451
2945239
2742405
3200543
3236042
2815867
3416690
2776208
2975674
3663643
3222307
2977699
2687368
2961990
2704270
2887144
3064365
3426584
2555139
2506257
2465537
3069237
3330326
2872568
3339689
2855154
2882914
3389833
3296201
2660481
2555862
3028836
2545696
2949219
2663128
2408295
2892748
2645644
2949961
2935715
2882844
2659038
2622617
2828640
2822804
2745633
4154002
2742024
2861019
2907013
2883034
2598367
2701353
3355117
3055964
2954662
3084756
3289505
3403137
2912628
3670882
3033509
3557861
2852048
2698214
2685904
3013429
2737743
2524012
2820008
3426103
3242788
3249565
2537095
2723217
2888347
2826123
2932598
3215500
3081948
3261304
3101557
3058029
3062400
2562849
2693313
2980877
2921620
2853882
3271530
2807206
2607419
2703007
2552352
2891967
3687603
2890223
2576994
2653544
3782289
3670651
3414625
3839431
2933940
3305715
4031067
3004826
2982662
3068936
2961699
2777452
2982622
2736320
2690105
2511942
2780550
3485932
2825561
2573836
2781051
3256212
3793436
3238838
3046871
2600322
2995323
2863225
3580176
2761492
2904257
3309194
3243129
3602472
3244563
2892488
3413693
2756139
2781833
4644451
3168033
3193616
2950482
3116935
3027694
3166749
2951244
2957780
2981378
2896366
3659092
2950902
3170217
2828207
3365443
3019864
3007694
2593143
2504994
3646300
3891409
3160283
2889500
3141165
3130659
3886226
3621027
3242356
3392519
3110278
4132569
3412219
2754083
3102960
3256080
3188984
3457060
3319197
3109677
2889499
3278616
2737783
3539455
2843425
2921319
2993949
2930772
3526011
3145977
2959032
2982881
2742414
2969699
3257705
3678610
3219439
2715287
3052725
3089536
3314846
3719993
3235871
3156072
3266516
3590783
4027066
2831867
2887325
2818924
2948736
2700059
3150588
2533776
2701703
2435852
3147682
3334987
2950452
2667518
2622416
2945178
2736429
2847555
2845130
2605284
2749281
2822463
2687468
3606321
2782755
2615890
2860929
2947103
2720841
3617649
3163942
3092013
3625468
3830477
3127221
3125516
3185144
2993227
2821501
2986721
2693503
3208211
2924115
2820718
3503545
3516427
3144404
2979303
2810614
3525630
3317944
2782825
3047532
2893519
3079562
2793481
2558447
2505015
2986731
3047372
2808228
3629188
3595284
3125406
2789040
3529049
2784949
2893349
2823025
2710415
2852859
2663448
3385773
2642998
3162157
3594922
3032104
4040189
2603389
2887424
3027092
3023784
2980295
3363968
2875124
2585103
2644050
3357823
3269354
2799977
2629894
2867394
2795726
2614647
2811496
2955955
2685443
2383643
2306993
2710425
2654245
3722430
3133336
3048846
2947714
3158027
3054570
3195570
2706254
2727909
3089366
2943835
2853740
2642035
3328210
3090850
2727116
5078068
3015533
3033468
3375447
3470834
3000786
2690906
3317774
3570071
3300631
3212092
3838137
3274977
3479937
4066775
2849360
3165626
3074068
3059391
2865680
3593660
2925359
2981609
3516277
3427918
3150027
2926943
2798925
2975885
2708049
2837621
2927464
2665033
2576562
2990972
3144574
2752018
2801331
2578337
2633003
2414058
3371447
3139902
2611499
2568513
2473696
2922161
3522502
3224522
2565094
2501526
2471942
3086139
3099121
3095110
2929639
2726986
2538689
2581454
2756710
2996094
3056926
2617274
2581183
2780960
2883445
3129627
3084905
2916638
2758594
3404810
2743056
2869500
2828809
3091371
2888377
2708841
3416509
2735427
2816809
3219209
3067883
3312721
3254086
2913971
2991283
2572171
2782323
2810784
2689191
2671618
2711788
3155490
3129857
2753883
3194558
3171030
3508297
3027162
3088404
3319719
2845179
3192803
3409010
2642606
2736710
2911605
2913139
3122017
3030420
2749221
3000976
2859034
2749723
2764620
2844397
3308230
2992726
2551319
2694034
2651078
2793050
3502894
2865720
3143722
2789521
2662686
3014922
2798343
2965750
3148523
2693343
2680932
2552893
3561370
3248512
3226617
2875786
3146589
3446033
3491565
2807987
3614882
4229790
2650877
2894242
3255579
2913409
3069317
3054510
3118379
2856899
2928657
3001368
2769652
2764258
2777150
2537124
3154538
3163540
3223610
2749752
2634315
2603107
2496974
2557574
3486252
3737426
2570156
2545043
2513665
2525946
2679687
2768418
2586537
2543520
2635608
2549985
2581745
2669312
2795465
2759837
2595599
2755206
3607463
3470403
2926521
2663076
2740950
2594286
2758153
2875394
2675578
2422209
2495430
2744389
2603258
2828637
2668710
2556692
2556121
2528452
2837149
2654756
2410490
2788077
2408264
2521846
3006129
2922451
2450478
2435121
2657172
2725151
2585624
2476904
2526868
2503039
2680059
2477626
2625834
2628280
2869259
2459471
2644320
2671718
2528452
2564372
2912897
2520292
2839134
2503450
3013878
2720619
2403672
2771245
2462138
2557865
2590506
2572582
2461687
2620942
2607729
2766153
2551881
2661322
2935183
2679738
2906953
2594286
2417607
2755186
2644871
2539239
2507740
2534186
2450068
2451350
2339943
2560251
2496112
2527079
2688751
2696620
2629313
2566126
2555209
2713522
2590537
2519590
2518598
2981839
2718545
2546026
2533094
2482889
2581193
2613093
2623278
2808207
2739135
2733461
2960426
2544312
2489205
2402900
2687578
2972866
3040805
2474659
2459781
2609002
2561605
3250837
3741957
3174818
2823074
2382189
2633062
2949869
2632331
2636741
2314601
2432705
2397918
2589223
2533204
2659056
2481977
2407111
2283514
2560251
2440314
2520683
2454559
2360024
2863675
2431170
2504602
2347943
2449355
2553213
2553043
2410248
2810022
3052825
3284180
2900536
2712510
2886381
2975934
2487019
2519240
2837310
2789952
2426499
2441877
2641503
2478118
2566346
2548571
3008795
3183630
2471029
2658064
3199169
2767626
2476925
2472643
2613092
2563089
2549935
2692058
2439682
2519049
2462649
2465025
2508433
2399832
3232441
3697006
2828016
2413827
2562657
2427060
2512001
2446729
2951794
2788488
2489465
2682023
2559599
2665442
2658756
2778153
2631528
2805029
2620281
2389557
2453246
2690575
2778925
3036735
2631608
2589634
2479360
2505034
2582637
2929148
3805996
3214928
2878712
3272662
2973327
2671527
2540582
2647719
2883304
2745251
2582065
3121395
2607158
3761907
2810904
3578451
2994750
3073627
2627639
3078850
2777712
3040154
3215499
3722519
3185604
2829600
3500437
3356159
2716790
2801521
3199931
3498372
3625718
3400789
3123902
2484122
2763136
2938521
3527043
3289884
2976105
2712991
2597674
2780298
2429637
3341853
2704640
3006259
3274014
3102077
3315137
2989708
2484694
3021667
2875003
3416608
2629784
2688229
2934160
3434804
3855720
2858462
2713552
3269474
2944025
3255508
3617147
2862512
2845069
2782062
3259398
2992616
2609694
2799346
2882512
2926541
3033978
2479781
2861590
2657283
2736689
2743697
3052865
2712229
2982821
2586567
2780088
4200176
2787977
2597223
2775516
2576381
2440463
2765592
2845660
2602566
3124293
3122679
3120303
3632596
2566788
3532778
2821931
3229264
3113737
3357813
2940586
2611639
3531254
3457360
2842393
2548171
2645272
2495600
3075702
2890281
2932105
2902401
3242246
2808137
3262937
3217474
2647578
2510197
2613313
2603459
2813530
2556923
2500071
2365287
2664790
2465896
2733932
2246080
2257198
2392444
2361888
2507620
2512442
2595930
2704018
2429135
2379011
2474427
2535539
2496342
2536993
2419973
2423892
2398649
2398609
2527449
2492974
3106658
2893098
3191981
2720218
2749631
2742653
2819815
2529183
2436213
2381186
2550497
2658545
2465485
2475220
2554948
2761520
3211869
3199248
3150026
3407476
3198396
2784228
3141835
3472958
3573467
3062769
3060523
3145826
3816011
2845710
2730715
2964024
3318535
2996976
3101475
2907875
2999612
2864457
3512236
3745345
3596084
3255117
3615662
3529759
3261333
2867925
2989316
2520954
2437896
2540281
2946491
3036965
3710278
3229634
2942600
2795565
3066649
3169074
3101796
3685557
3159540
3106629
2713462
3719350
3015532
3129585
3650479
2793600
3269663
3417441
2422017
2677723
3186005
3121394
2901659
2764608
2790022
2827304
2695537
3093235
2981617
2962661
3070478
2731847
2695637
3337682
2655097
2452673
2771716
2679487
2761892
3186306
2977397
2529675
2496352
2971914
3115390
2954901
2763435
2589423
2812016
2650044
2777932
2642726
2744839
2719106
2491911
2452162
2565553
3361391
3269583
3043522
2646896
2699527
3382373
3265553
2825359
3139961
2928286
2637071
2678785
2710073
3225765
2944425
2731817
2561042
2806142
2879644
2779656
2806001
3099000
2717150
2567248
2771034
2961166
2613342
3427084
2723446
2723786
2990730
2909067
2725862
3416087
3400819
2557113
2933689
2709211
3047291
2742233
2538066
3381241
2706885
2778483
2752498
2692119
2867794
2778533
2753972
2384404
2952736
2819355
2394389
2764087
2780537
2845609
3050127
2778082
2767225
2893840
2520141
3157064
2737511
3363977
3106368
3010610
3316560
2918441
2903283
3155389
3253012
3091250
3213954
2876938
2593213
2869489
3205895
3067641
3023000
2817941
2791987
2727546
3565929
3014650
2352294
3708624
3292149
2669402
3049386
3193404
2516512
2709421
3208010
3309562
2734534
2612561
2894852
2589252
2806552
2784477
3078077
2485495
2830673
2925869
2821901
2986740
2721080
3094898
2623197
2620811
2824979
2823004
2728408
2894230
2888216
2857319
3185484
2579148
2712719
3194165
2751104
2851264
2949588
2572572
3116132
2874983
2944255
2548923
2748488
2681442
2540912
3146157
2710123
2536341
2608941
2805611
2481555
2563740
3165474
2725611
2511109
2674866
3290665
3557809
3279929
2780819
2775115
2909187
3000213
3191539
2774012
2623779
2713251
3306204
3580445
2832266
2774764
2739947
2697160
2981818
3155650
2479991
2749211
2817149
3377160
2923753
2711657
3149043
2726183
2690755
3091601
2889900
2491490
2522026
2694114
3156291
2991201
2698644
2821670
2587128
2688730
2579899
2915723
2628640
2702744
2683827
2642375
3500256
2869289
2558797
3495023
2952766
2776608
3047201
2985166
2680419
2757351
2743666
2975252
3056854
2607538
2858191
3238646
3164572
2878832
3564165
2805270
2993146
3242456
2870853
2809049
2520702
2754122
2594896
2773190
3835789
3113755
2933758
2799264
3552395
3646770
2784036
2741290
3710969
3255377
3395445
3154978
2500391
2991712
3325942
3187137
3217122
2354940
3711561
3107329
2732228
4200424
3296439
2782853
2712017
3333421
3665105
2683426
2575669
2708679
2770563
3470381
3217102
3093846
2567628
2447781
2877689
2892566
3378704
2992363
3488887
3378092
2947211
3422622
3469428
3353912
3486632
2754643
3902054
3442773
2968334
3064252
3180230
2923152
3023571
3128171
3095750
2907141
3394031
2949688
2803535
3499153
2905699
2726393
2688489
2691036
2536561
2756969
3694759
3331807
2862641
3253953
3064653
2831805
2776237
2866170
2625673
2617723
2765109
3516175
2910400
3444687
3099079
2847905
2523700
2654444
2878601
3286775
2901428
2520963
2531499
2589714
2658775
2697370
2573443
2615678
2589784
2832617
2468964
3171990
2772047
2495329
3122036
2960605
3186105
2809810
2988524
3242555
3598780
2878230
2809981
2830291
3745765
2561183
3086357
2550706
2748628
2532782
3726418
2969757
2368855
3015000
2703205
2551608
2625051
3147018
2485143
3051290
3552816
3303316
2898330
2747556
2502226
2376273
2450217
2545183
3382854
3315156
3488607
2671105
2526456
2460623
2390308
2589082
2562756
2562426
3687661
3277271
2554928
2777560
2627097
2515489
2827635
2779335
2952765
2802752
2561152
3368408
3569407
2715195
2513243
2491238
2750513
2454668
2558666
2750894
2948083
3649195
3258845
2411701
2926661
2691937
2882450
2594756
2619066
2614555
2999481
2838110
2476603
2485484
3155839
3014890
3736011
2701672
2557443
2459310
2931974
2467550
2488402
2869819
2846962
3046709
2793480
2971372
3205493
3858285
2695847
3023030
3619803
3432527
3257052
3712924
2623598
2824056
2572320
3161494
2877178
2456693
2497555
3060162
3121935
3333400
2923984
3015752
3615101
3405691
3572224
3271216
2802602
2857418
2675768
2677431
3273182
2953337
3215688
2989657
3184551
2970108
3170517
3433720
3319005
3690117
2860476
3541718
3216380
3010349
3039501
3099610
3078828
2774854
2994589
3172240
3376569
2936415
2887503
2758653
3074408
3502832
3659180
3093485
3348338
3307527
3194245
3251517
3159650
2655487
2674093
2729190
2913357
2739326
3306283
3232781
3390092
3084062
2958610
3147770
2911653
3064633
2794803
4405404
4238790
3137845
2980575
2914170
2615017
2736919
2802081
2785850
3135460
2696098
2972614
2642294
2560782
3073415
2584471
2572240
2941798
3229733
2446197
4087123
3073967
3094407
3020223
2573924
2922821
2675046
2663035
2692709
2698775
2695105
3204530
3389340
2909177
2681240
2827213
2923012
3025256
3013546
2835775
3126618
2943542
3122447
2938791
2916866
2935473
3565257
3024754
2887443
2655707
3278133
3181353
2806813
3010870
2888796
3190295
2827434
2916144
3430913
3012995
3268430
2587648
2792757
2919321
2845327
3142817
2982479
2774031
2735385
2715215
2562224
2832626
2785239
3272890
2961286
2802030
2753269
2635737
2854250
2905587
2650473
2645792
2300635
2407150
2399039
2457063
2411882
2423570
2458477
2624981
2585042
2320193
2422076
2655547
2512381
2564821
2613171
2560892
2498968
2486035
2385646
2949948
3458131
2897477
3100742
2740137
3196300
2538085
2795474
2816958
3876730
2660429
2550797
2482476
2751815
3263155
2776647
2623257
2686253
2705240
3625867
2805439
3143949
2721932
3220360
2431710
3223637
2662493
3041044
2825579
2586244
2647456
3558128
2693240
2913157
2711255
3255397
2954649
2858280
3056061
2979120
2502406
2562867
2928745
3130527
2579147
3576905
2906630
2868105
2716387
2689190
2600530
2851032
2901447
2619948
2529594
3241182
2783845
3802496
3104552
2996714
2868185
2507629
2774923
3549758
4065108
2926269
2945978
3024733
3261451
2820165
2863132
3187478
2946179
3419053
3314172
2840014
3389499
2968243
2839965
2762813
2561102
2883774
3615511
3288569
2550686
3042758
2951511
3137313
3819398
3142176
2785670
3237392
3679952
3207598
3039661
3297612
3129343
3113444
2949226
3044734
2590555
2846712
2975592
3240109
3361710
3039029
3081505
3232209
2954861
3703560
3351626
3199437
3286133
2827985
3448677
2768878
2712879
2710955
3092201
3040152
3185723
3110687
2534055
2692418
3026117
2633121
3621667
3109374
2871022
2747305
2733039
3118627
3185574
2619688
3084091
2894881
3922754
3324047
2889347
3779799
2868525
2578014
3092722
3056262
2617051
3754245
3343034
3523273
2844245
3407254
3250604
3108852
2662103
2872085
2801940
2756367
2869868
2679315
3002719
2516230
2669601
3083940
3030076
3034087
3030849
3337992
2694193
3920669
3091219
3248950
2768247
2460091
2823715
2420322
2640971
2586334
2734242
2641943
2865518
2777019
3771178
3107550
2675887
2667426
2799163
2696859
2860455
2893878
2669240
2703286
2650364
3178495
2841819
3390161
2683767
2819393
2830171
2838762
2688107
2821980
3607772
2661692
2920214
2988123
3228520
2743224
2776266
2537664
2624099
2598745
3548144
3253933
2530857
2612079
3354343
3196290
2985757
2804456
2642744
2882831
3016934
3194976
3110156
3321170
3266363
3040091
3330643
2962228
2932866
2510737
2675586
3243396
3475473
3233823
2921036
2790832
2789619
3361561
2876325
2995331
3599932
3246434
3474641
3244510
2918550
3891597
2911522
3506861
3451503
2941156
2650985
2938610
2899262
2892424
3087609
3372688
2542837
2921267
2949457
3061395
2924404
2684588
2674674
2840456
3220350
2675065
3181112
3125073
3139027
2894931
3157132
2851112
2851664
2663186
3210926
2888315
2972233
3291215
2956283
3003541
4133027
3343536
3166085
2870039
3271587
3265882
2845418
3214455
2583176
2675596
3435765
4171442
2954027
3043921
3248940
2877679
2865558
3090326
2613041
3001185
2785348
3180099
2726572
2985415
2971501
2738091
2754090
2682884
2896063
3063689
2710442
2707946
2605261
3129313
3012853
2849418
2687545
2613021
2457655
2744527
2571458
2606424
4127252
2867352
2675476
2597161
2779715
2708638
3351535
3104481
2608429
2759194
2809448
2675977
3014136
3133423
2702191
2815774
2794852
3448145
2803924
2518236
3733945
2893467
2809799
3181763
2822781
2869879
3190866
3525257
3572383
3016012
3283335
3163638
2729188
2557923
2666342
3164530
2992212
4486905
2761830
3289761
3057916
2752988
2663566
3370462
2630684
3361119
3146155
2942599
3210916
3335184
3528565
2961205
2746762
2896405
2697370
3155999
2892815
2546134
2623617
3022337
3406230
3044362
2937827
2467930
2346499
2942699
3966221
3484645
3089043
2699836
2745620
2467329
2694613
2579006
3071138
2663155
3429789
3451533
3138376
2922589
2729579
2735715
3705183
2674083
2627887
2693270
3121283
3122767
2896885
3091769
2653260
2790301
2887362
3080502
4129126
3062085
2880013
2959380
2776456
2945396
3221903
2616809
2770501
2975280
2921076
3468796
2716879
2494566
2744086
2794973
2842160
3012062
2953937
2634835
2596640
2721280
2697460
3168370
2682914
2674904
2548781
2656538
2602384
2544760
2863141
2856635
2854641
2808716
2501504
2839653
2560430
2823954
2822239
3771468
3153433
2919562
3043158
2695274
2652418
2992784
2812687
2775434
2735465
2663877
2660458
3517707
2933496
2899311
2973997
2756637
2899452
2849267
2827794
2914600
2726673
2458106
2766512
2664509
2749459
3119749
2739725
2474597
2807494
2706924
2584269
2968423
2971721
2604289
3001245
2819093
2957125
2683696
2346658
2885557
2736628
3013004
2725761
2837769
2677581
2693731
3011460
2664398
3132240
3332016
2698523
2954709
2987351
2925336
2902069
2816115
2534044
2838229
3348898
2974579
3089063
2936113
3283636
3032693
3122556
2621702
3262413
2871933
2890980
3007931
2830862
2628900
3046958
2787624
2792186
3468686
2561182
2465454
2439830
2874710
3082798
3063680
2639787
2448281
2417104
2962538
2778121
2853308
2844636
2581983
3011049
2593301
3028251
2735725
2721851
2779655
2656118
2889958
3258655
2944975
2592810
2918128
3027831
2930489
3625976
3345319
3294784
2817328
2634143
2811844
2614023
2510225
2738362
2701721
3395494
2964112
2922358
2595958
2479759
2921878
3156190
3617496
2812245
3051499
2905627
2833278
2704077
2966007
2885487
2626063
3067730
3054147
3275336
2746933
2490266
2897126
2789148
3173933
2828305
2692879
2566375
2824306
2475328
3090427
2770762
2594755
2620880
2526416
3349640
3247136
2955210
3082647
3574789
2994899
3911416
2729731
3049945
3569376
3245601
2946058
3020813
3110265
2977225
3109143
2748877
4045067
3212810
3089464
3403293
3395224
2813428
3111279
3091409
2745680
3249532
3301601
3072923
3684913
3167708
2995270
2729520
2896374
2788376
2845257
2628639
2695857
2729660
3389729
2783303
2749690
3058156
2911902
3299615
3267676
3668842
3571180
3463633
2727544
3262373
3034737
3993408
3835878
3366361
3178575
2702402
2522054
2538024
2705018
3222795
2686272
2730472
2899371
2675685
2432561
2418607
2399359
2544540
3052992
2522866
2540129
2981696
2786310
2677841
2832766
3068281
3233642
2823062
2715204
2711314
2541813
2904794
3009294
2616068
2445043
3313299
2717860
2597391
2427559
2658643
2623476
2722582
2748677
2700969
2610053
2359591
2858640
2988934
2610563
2730101
2475779
2809869
2834479
3064692
2983761
3256418
2624128
2701771
2666493
2654072
2687255
2676146
3368045
3075309
3000803
2550364
2625782
2553853
3010648
2899552
2705310
2931511
2970378
2762090
2892554
2830931
3141923
3397308
3308547
3355404
3653475
3023259
3106245
3107729
3281430
3459492
3157201
2668628
2980673
2906308
3204139
3087679
2910328
3345921
3037414
2991059
3022708
3100059
2572630
2832876
2956212
3696952
2706813
3144340
3070536
2891461
3213962
3232589
2802290
2873176
3143257
3553235
3131308
2729419
3546509
2958448
3258402
2852184
3102346
2681109
3317309
3137422
3207727
2808897
2904243
2799112
2930077
3168670
3025896
2838330
2646112
2719545
3056421
2620238
3083969
3568062
3180018
3075118
2992132
2984473
2911752
2576590
2622914
2762401
2790862
4275740
2862400
2772506
3069695
2641090
2836485
2943932
2928805
2818350
3349730
2956112
3159939
2532701
2700256
2576268
3092591
3160450
2739685
3121182
3844939
2794049
2604429
2978377
2869707
2576018
3177452
2712678
2449564
3251817
2902519
2894369
2685530
3206204
3350151
2737780
2737419
2685650
3091769
2549372
2709720
2853397
2794861
2717830
2947521
2884705
2584870
2512911
2883041
2641130
3414851
2730341
2839833
2592359
2708417
2676668
2976382
2925637
3040712
2780797
2691626
3034898
2951571
2485514
2644548
2979059
3084270
3106485
3128751
2620839
3554739
3282974
3116089
3126626
2827212
2963791
3296918
2772596
3203066
2551567
2970909
3103548
3287225
2920484
2585752
2795604
2693169
2797217
3132350
2957917
2535036
2804716
2576890
3854804
2929045
2464992
2966127
2853898
2927210
2863352
3394080
2577331
2662423
2821568
3391073
2886319
3089433
2924473
3210814
2870479
3198604
2718762
2790220
2631897
2556800
3034557
2820956
3094786
2569763
2450937
2530174
3424466
3035469
3486409
3181472
2943912
2682663
2634654
3137383
2539618
3157963
2626514
2613311
2477553
2783423
2661019
3098867
2767102
3239346
2815803
2778370
2819343
2744807
2974568
2654733
2650032
2980844
2707124
2650262
2877146
3017855
2692347
2921175
2574896
2596659
2725018
3160660
2946458
2727935
2899832
3387002
3326622
2843844
2708236
2965014
2916424
2472691
2681591
2657671
2991600
3371604
3170164
2642754
2814019
2793698
2571667
3054657
3177803
3797172
2555247
2967931
2870620
2577812
3351494
3483593
2844886
3120419
2750060
2704507
3169742
2938918
2530815
2829176
2806049
2406928
2498977
2946498
3530879
2673961
2568128
3071027
2850970
2802991
3132039
3323423
2884985
3408626
3070105
3237179
4051903
3373748
3430980
3182945
3156088
3004391
3374661
2631415
2617982
2840615
2696727
3295134
3303294
2655535
2985324
2613059
2903320
2900935
3055107
2635565
2682813
2956582
2914708
2820484
3314692
2882609
2469553
3066967
2625380
3262001
2884614
2911772
2664567
2489382
2545482
2560550
3242854
2826560
2769258
3141031
2867642
2759895
2753729
2986277
2456220
2754050
2951800
2833396
3390340
3027168
2842450
2914298
2795543
3576362
3925709
3280337
3399473
2855703
3041414
4076454
2845828
2780254
2877917
3007479
2630573
2883000
3049383
2895040
2738250
3669934
3633524
2790019
2634753
2820715
2871782
2926889
3013223
2739684
2792265
2670783
2528119
2991399
3166283
3291645
2964883
2792174
3235576
3366069
3247405
3234353
2769609
3155898
3588492
2916895
3199707
2701981
2474235
2809387
2841116
2565240
2785397
2806279
2799261
2845226
2756376
2821768
3030035
4069466
2632197
2482686
3103618
3020170
3015318
3313098
2924412
2816445
2819843
3290502
3763808
3182092
2921436
3745462
4056244
4163019
3968456
3335444
3925198
3989608
3859335
3178744
3506959
3526709
2865978
2837748
3174985
3121322
2619235
3255064
3272628
3218694
3051258
2725168
3066115
2812475
3308647
3343865
3641033
3013855
2956282
3236337
3384014
3603229
3526939
2863141
3002808
3120770
3363303
2889246
3457918
2703394
2524961
3157722
2770400
3564131
2590453
2832555
2751453
2803302
2566675
2575757
2920072
2881697
2536770
2668337
2932012
2873386
3366901
2983369
2706752
2736315
2742972
2639275
2781017
2899261
2782340
2381164
3023961
3384766
3105382
3255495
2900774
2825317
3470530
2998186
2942017
2882649
2940854
3196439
2995409
2687374
2599446
2772967
2783413
2699595
2577973
2879170
2846268
2645139
3001595
2989234
4090018
3069704
3467772
3087678
3131406
3112289
3051108
3087057
2847613
3195807
3876207
3371503
2797036
2686091
2774962
2983499
2975139
3485737
3134846
2461473
2764426
2968212
2808064
3207226
2684507
2697910
3114555
2946197
3138575
3731517
2762491
2620578
2771432
2595566
3563701
2944222
2674923
3139016
2920493
2716146
2891221
3136620
2938017
3699728
3413277
3333058
3172609
4046018
2534174
2885285
2828244
2916844
2653059
2761678
2810901
2655896
2588679
3493055
3748429
3922481
3034446
3025534
3557986
3389969
3362160
3355403
3243245
2940623
3172379
2722712
3553235
3898442
3385788
2907922
2991660
3271475
3630236
2668177
2730993
3214644
3002647
3277088
2626954
2796997
2513402
2699093
3255254
2875872
2771934
2582424
2544740
2617321
2633731
3182403
2909847
2411399
3182504
2720156
2719594
2850650
3267214
2669249
2551186
2711494
2798961
2967980
3267424
2761649
2574915
2896433
2967269
3251335
3097743
3398860
2789156
2624317
2970186
3460504
4577909
3182002
3295995
2919360
3373388
3632130
2917456
3088700
3198503
3172659
3250202
3405998
3116479
3310843
3051799
2689820
2823762
2798691
3360285
2736807
3096028
3163255
3035448
3507641
2608137
2673450
2631926
2912593
2724557
2870458
2788615
2517502
2728977
3249309
2964322
3759566
3242092
3334781
2700516
3124990
2566884
3444093
2576318
2618272
3047508
4314925
2892623
2593180
2724346
2707323
2773819
3093532
3407742
3629212
3403622
3213741
3173742
3544623
2750370
3235997
2861606
3146665
2779653
3239305
3109191
2881085
2805637
3022125
3470257
2740315
2617019
2848714
3010226
3039097
3221180
2817206
2597100
2773718
2728676
2934056
4135871
2887040
2543276
2714200
2693789
2991279
3706775
3523801
2863561
3316777
3181942
3943995
2555045
2539006
3007829
2981895
2985464
3139246
3124048
2902398
3625002
3189390
3666616
2618964
2786851
2700196
2794870
2923981
3027108
2660106
2766260
2637981
2949715
3981859
3184178
2827141
2883401
2793878
2963821
3058024
3818643
2911450
3170082
2900653
3560432
2851090
3093673
2873485
2770410
2959028
3065673
2981504
2347149
2653168
2690281
3132820
3654616
3388806
2799653
2731563
2714873
2609320
3828828
2864414
2609611
2698722
3016872
4146347
3112480
3388314
3265429
2981194
3401417
3351061
3089803
2655204
2837226
3177641
3493746
2602904
3048721
3176800
3197380
2900372
2964732
2898839
3407653
3110595
3210292
2706451
2945725
3246843
3118625
3372385
3080861
2710641
3341468
3048721
3343352
2759131
2751252
3015409
3020822
2745197
2850649
3197812
2737277
2651986
2866178
2660808
3751857
2561531
2744857
2652427
2883070
2629951
3155205
2825096
3179035
3302872
2723653
3705301
2637730
2384362
2598723
2894367
2598132
3121041
3235154
2688767
2771532
2807532
3870933
2943119
2652908
2909495
3158403
2874749
2774780
2842649
2696697
2703002
2643485
2860083
3855846
2756625
3111025
2670101
2922648
3009313
2757799
3066395
2537812
3090384
3194693
3797591
2728125
2711995
3422800
3056430
3045934
3107598
3136429
3104750
2923269
3223274
2576869
2970657
2784976
2881516
3053543
4272389
2739573
2853617
3164168
2973244
3687127
3454338
3522809
3262833
2900653
2731633
3646324
3113753
3358360
3561354
3186894
2908082
2615185
2640066
2770601
2930508
3093863
2919640
3045433
3558878
3296306
3011869
3195766
3143146
3501776
3190423
3060019
3309599
2957856
3059839
3328686
2905395
3287755
2984432
3040150
3494237
3119968
2817838
3018736
3083407
2864093
2875090
2926377
3272717
3224869
3289309
3545074
2781056
3236507
3105692
3095157
3120470
3317288
2574153
2894007
3108269
2785888
3176578
2942075
3457175
3371241
3281288
3466869
3343683
2930046
3398719
2901264
3513445
2816093
3488262
3063226
2961615
3262531
3170583
2958236
3014155
3997607
3834662
3166483
3160288
3550517
3330089
3207835
3149270
2753447
2766430
3789801
3433917
3289749
2729849
3490187
2907781
2969915
3274943
2871179
2928132
2995197
2921765
4221934
3114043
3476072
3144488
2845315
3367492
3147396
3016691
2937294
3466318
3236637
3587178
3115587
3100108
2823060
3157631
2928081
3214843
2782089
2580478
2806589
3747295
3063788
3201560
2962266
3344996
3059327
2669188
2638973
2619836
3229740
2936151
2491898
2667424
2501753
3073091
4011522
2667022
2647995
2988821
2659544
2658331
3039187
2979408
3107526
3089592
3166904
3204608
2748315
3786924
3423762
2980923
3546587
3484914
3619558
2903530
2552098
2633960
3009483
2793818
2746831
2684196
2646141
2731894
2835782
3121431
3014275
2524960
3083637
3427361
2709318
2863340
3399111
2756355
3251594
2644797
2466154
3476763
2478163
2745719
2503005
2658692
2996882
2836955
2517562
2822158
4201182
3777169
4420346
3098054
2668797
3383602
3282591
2947839
3284215
3409176
3212006
3169401
3082555
3181140
2882117
2646241
2424471
3289719
2955620
2579195
3131245
2883961
2481984
2637620
2669659
3297629
3105081
2624758
2822649
2488780
2546193
2429403
2461783
2395499
2567626
2882798
2591515
2465232
2512610
2716856
2818378
2997414
2958346
2577631
2719904
2627855
2746470
2567686
2495908
3067126
3326139
2919148
2713899
2465292
2540549
3146133
3373487
3620620
3431591
2827190
2503778
2680827
2658572
3072550
2403639
3281158
3358500
2945826
2814348
2744414
2541421
2590503
2598011
2456880
2688325
2499627
2574393
2426556
2575957
2623414
2747102
2428611
2442586
2440280
2835671
2836764
2705739
2720556
2619595
2618221
2820524
3286040
2847471
2559135
2392070
2301966
2496118
2637400
2526614
2608477
2732184
2712997
2705027
2762590
2543777
4206676
2608698
2612387
2632607
2575636
2515366
2571205
2415468
2396571
2808845
2459928
2501732
2599746
2428501
2698060
2429763
2378586
2385232
2325083
2418806
2412601
2627465
2441563
2739072
2401684
2361184
2694531
2521532
2745117
2876402
2432731
2937424
2738601
2719453
2721387
3528541
3549724
2850999
2627254
2719523
3091998
2856162
2416571
2452932
3081722
3211645
3387071
3211745
2848875
2630171
2573661
2561470
2696015
2590272
2680977
2546043
2454104
3142263
3257960
2698240
2756936
2613490
2863069
2680857
2533521
2434195
2424210
2654321
2382947
2742280
2315410
2379379
2777337
2481362
2808163
2484780
4258886
2705538
2479417
3076188
2954556
3166453
2990887
3220257
2916422
3032620
3156177
2696265
2589170
2745718
2506504
2491136
2886729
2717037
3023027
2916392
2740234
2672336
3423812
3463200
2443377
2873315
2718200
2594242
2645088
2997293
3146043
3163957
3325478
2691594
2816093
3008701
2511797
2698631
3247273
3240957
3238682
3632339
2786900
2537451
2662792
2578122
2531345
2618693
2747853
2863100
2789065
2938657
2932702
2553601
2835872
2597128
2604266
2631685
2495186
2494725
2477502
2460299
2421643
2732014
2535065
2652466
2796193
2997423
2535616
2688866
2483567
2657569
2610933
2639113
2352511
3052830
3345567
2350296
2542392
2405192
2399368
2573099
2497792
2417623
2499617
2592998
2544989
2623364
2709167
2438856
2440149
2842387
2409392
2517681
2480519
2670942
2646642
2373584
2624036
2916752
2834188
3072329
2470394
2598762
2784774
2525270
2371218
2388030
2568026
2876282
2628506
2477963
2677989
2895559
2563425
2815882
2608357
4347635
2691312
2463687
2798880
2567586
3294130
2803030
3412764
2717959
2852753
2615415
2496108
2429162
2607314
2501140
2627273
2849555
2495987
2722069
2461492
2477402
2462384
2527095
2676085
2612567
2485541
3488792
2640275
2731041
2659724
2629258
2553250
3025082
3466467
2596798
2806478
3150362
2415619
2453201
2806068
2623494
2767171
2476940
2931540
2674841
2440941
2612326
2587225
2740886
2841896
3051767
3253419
2609239
2462414
2518804
2403668
2612537
2602322
2533049
2507335
2375428
2411498
2417122
2613590
2392250
2486183
2398215
2669619
2680516
2568829
2718410
2531777
2535315
2582503
2451898
2416620
2434866
2693679
2580708
2513351
2628306
2678180
2510514
2737156
3117300
3516572
3170543
3337648
2790288
2618181
2574232
2579585
2618903
2496088
2378556
2371749
2308552
2353584
2761527
2653438
3032880
2577339
3074604
2571655
2601499
2532167
2525100
2469882
2648416
2519135
2615795
2443467
2714119
2726621
3236557
3862360
3617863
2904592
2676586
3143406
3236165
2594953
2413142
2415217
2590884
2629890
2507797
2326166
3029874
2982155
2435608
2380441
2599645
2792785
3062143
2538212
2784875
2823020
2902677
2475917
2419999
2553199
2815892
3167605
2423889
2785196
2438455
2508950
2425493
2839541
2881866
3456663
2828112
2427788
2764554
2835441
2488820
2434114
3358981
3708809
3012931
3367211
2570022
2375027
2378557
2270327
2535406
4253802
3673953
3711386
2596948
2398786
2460720
2640636
2438195
2481511
2421553
2544969
2454655
2600427
2758168
2392059
2985614
2560688
2620237
2620467
3343532
2748204
2500179
2661639
2697267
2682631
2634521
2561089
2540288
2519275
2486253
2639224
2771732
2947780
2797506
3204767
2918286
2788684
2998796
2766550
3086734
3180728
3297578
3164668
3147435
3551307
3147726
3059647
3366770
2834890
2814749
3309007
3122794
3320124
2886608
3136769
2490334
2529661
2479166
2569681
2549631
2623113
2878096
2896643
2558563
2838929
2941473
3143255
2937865
2629299
2660216
2815892
2762870
2592688
2422225
2444480
3451450
2753126
2819431
2782189
3533564
2636757
2577580
2695583
2663925
2565140
2405543
2648266
2437202
2576056
2688796
2598081
2789767
2467177
2428911
2723463
2399458
2345223
2508850
2514825
2669869
2364190
2400219
2627785
2565440
2428360
2637840
2657729
2840574
2486253
3441826
3531078
2851942
2795892
2698801
2711693
3209149
2687583
3015357
2978195
3210762
3328935
2735683
2566492
2476830
2558723
2819992
2828303
3839483
3595638
3376994
2863098
2773797
2755240
2544577
3060097
3316113
2711823
2521009
3128729
3338639
2469341
2546292
2496820
2597820
2575013
2495656
2586502
2545330
2684415
2440118
2410204
2297725
2648636
2866347
2638170
2877765
2753918
2508609
2681698
2702791
3249157
2701417
2681718
2845194
2614792
2730679
2495526
2364691
2494563
2676014
2696696
3434718
3373667
3506937
2990756
2698550
2580537
2965984
2454675
2500990
2370055
2590963
2534292
2694530
2833696
3474988
3873156
2682972
2622842
3144137
3064338
2552567
2517651
2754760
2598251
2499617
3055486
3236266
3198892
2897293
2825275
2849415
2893424
2823581
2869555
3224476
3835292
3493233
3370578
3172588
3981034
2615885
2443708
2894025
3636358
2897253
2570713
3356082
2766730
3283503
2817906
2663453
2668184
3236475
2876020
3067125
3167054
3394940
2759953
2939247
2839009
2840452
3515688
2805155
2594702
3524662
3383360
2693448
2659974
2743101
2886567
2681568
3553634
2690861
2824884
2726971
3126412
2972350
2559735
2816684
2860542
2622381
2570652
2916391
2987087
2923138
2858838
3020460
3178722
3048218
2607484
2800022
2986595
3163806
3218140
5008616
2946035
2934606
3137159
3384513
3241869
2636175
2919389
3138583
3964383
2913604
2945634
2876051
2683603
3127284
3530706
3346349
2843119
3146733
3065000
2664396
2988821
2852993
2888201
2483546
2694210
3072619
3690964
3061992
2492568
2824723
2802178
3136086
2802809
3129069
2597309
2773206
2658300
2808092
4205421
2834096
3079305
3231674
3293086
3006976
2884041
2429913
2812874
2930456
3359020
3338719
2757677
2661428
2915138
2983338
2873414
2919960
3098252
4023931
3276937
3146282
3148106
3849407
2636286
2793355
2822277
2950436
2988901
2959188
3236506
3694523
2940100
2938887
2987207
2688816
2441643
2500639
3092378
3704648
2630973
2699593
2681708
2636215
2739863
3229980
2996911
2647994
2572367
3567859
2775752
3276255
2676335
2620887
2898687
2857986
3575147
2666781
2714930
2752093
2975819
3332424
3308595
3264776
3019237
3132377
2994876
3147074
4152650
2721096
2410545
2559285
2777276
2726419
2530312
2414896
2766269
2745266
3095616
2821756
3279412
2965002
3223574
3696869
3049000
3538876
2850106
3073501
2545610
3131987
3425465
3042784
2986756
2927649
2565610
2751612
3050675
2768203
2841776
2579846
2681247
3213127
3088959
2838347
2646641
2492939
2711944
2746800
2631524
2464720
2229967
2341915
2853405
3354138
2522302
2674300
2604737
2416640
2652566
2528748
2576747
2723823
2861224
2564768
3194482
2962836
3095606
2603915
2753517
2762990
2383749
2404540
2386857
2364039
2424640
2535505
2603866
3381205
4088361
2951097
2979658
2977172
2923839
3211664
3547668
3034945
2576176
2652135
2459357
2907960
3508431
3308826
2724314
2814808
2957192
2823059
2911839
3239824
3104949
2564316
2679382
3437174
3302319
4200589
2940049
2896852
2757375
2711291
3212305
2980068
2905032
2660646
2749516
2812032
2835379
2957071
2650179
3089159
3563827
2824482
2487336
2726108
2954085
2961051
2487506
2612998
2605058
2933543
2793265
2902346
2606120
3380914
3649832
3386728
3831833
3481062
2608917
2703431
3203543
3025702
2528708
2820723
2606883
3091455
3160337
3263613
2635714
2587514
2837254
2800463
2732785
3306409
2607393
3526254
2725688
2640686
3236365
3408162
2764313
2559354
2918637
2935999
3028038
2507004
2861083
2677177
3155875
2884150
3031015
2862466
2977401
3515227
3310349
3072117
2636044
2989222
2600015
2845645
2875830
2899569
2715011
4566948
3495128
3712407
3170220
2817024
2615273
3058012
2767050
2763652
3126943
2863880
2628455
3875571
2985903
3428281
2714410
3076528
3168487
3248665
2565891
2762158
3692998
3868013
3619216
3229668
3325456
2761135
2777596
3919571
3278138
3479659
2905594
2628416
2801445
2833756
2848522
3414548
2639694
2668375
2682229
2883339
3167073
2940671
2793465
2996199
3633621
3549773
2793385
2614371
2775481
2643614
2624065
2925754
3263803
2735852
2602652
2842487
2502463
3484602
2865454
2650961
2857886
2735431
3331131
3398718
3028579
2516869
2779701
3550956
3385726
2723652
2718610
2813265
2695181
2736323
2832222
3398667
3081871
3150001
3013281
3104327
3387129
3015216
2859861
3036649
2749697
2670590
2484017
3074323
3171554
3713158
3314809
3158942
2888170
9933843
4198273
3419329
3289697
3359521
3867332
3124126
2608275
3069351
2767080
3592228
2821164
2761787
2488850
3158913
2714660
2997883
2520869
2572106
2916942
2672455
2881885
2842838
3302128
3084377
2535475
2431125
3351541
2951698
2827390
2831831
2639022
2883449
2582422
2713436
3170280
3050644
3477173
3461664
2974585
2908581
2840863
2671913
2637428
2571895
2556838
3566554
2979177
2500107
3361736
2955708
2955448
2956811
3330810
3054855
2901323
3037983
3053230
2702660
3465083
3278650
2769145
2988118
3172616
2472919
2684074
2460539
2744705
3643796
3093540
2733627
3039516
2806067
3073190
2706931
2927137
2548347
3293376
3720526
3617631
3349205
3156076
3136668
2823189
2908982
3166521
2688184
2756573
2632055
2717407
3302830
2925333
3027857
3128668
3312744
2986785
3438407
3328975
2799831
3438427
3879391
3623305
2893935
3311622
3550184
3429023
3527227
2652034
2997412
3301066
3640558
3872585
2947418
3732797
2939076
3216986
3201548
3468702
3101610
3100357
3371591
3779965
3280995
3440572
2815841
3083435
3300254
3021392
3698632
3171454
3455067
3141329
3154161
2570522
2700786
2784102
3270380
2994885
3075114
2963778
2882165
3132336
3034694
4082235
2881594
3085089
2888512
2897955
3154271
3132145
2996669
2747651
3075034
2607142
3810440
2775912
2857213
3242530
3178080
3157880
2853795
3106201
3093360
2924621
2787490
3967760
3217027
2879358
3464320
3115364
3064377
3128166
2783811
3309957
3352974
3216154
3386297
2858677
2963978
2722639
2993301
3311511
3986948
2818878
2581649
3436541
3111224
3796204
3074282
3428050
3073681
3169057
2880571
2856411
3185197
3034162
3590363
3169689
3211011
2991346
2760443
3603135
3369325
2828452
3289527
3525171
3224765
3408261
3197047
3391520
2960469
2617728
3402276
3084959
2633518
2857032
2609458
2957612
2736694
2984740
2802687
2763230
2912811
3115405
3126412
2758528
3165439
2970544
3020608
3307170
3117399
3173147
3399610
2815269
4100740
3509824
3431759
2657136
2872601
3565291
3174340
3252314
2976428
3339901
3388141
3685830
3091675
2568637
3295561
3725388
2534562
2516958
2572025
3130802
3016478
3132546
2754358
4007198
6800131
4303023
7608589
3807893
3575015
3747653
3132987
3464901
2697416
3055234
2683241
2683562
2826718
2922435
3258490
2720925
2766769
2617628
2692002
2488517
2428569
2671672
2600897
3406376
3042513
2614531
3047275
4785931
3231121
2718819
4251074
3585501
3209968
3382296
2950636
2532797
2756633
3426626
3167463
2839188
2718017
2778948
2812181
3241177
3213407
2963336
2725506
2751430
2596988
2402454
2658600
2529290
2496728
3111755
3143885
2630841
2505560
2602119
2758658
2719310
3078553
3621050
3143303
2734498
3167343
2606862
3487387
3426155
4028511
3206851
3335700
2986704
3646223
2651452
3436943
2812512
2469029
2440920
2549379
2542562
2546251
2415546
3032137
2548297
2711682
3117950
2575413
3058453
2944791
2843670
2683923
2436048
3428501
3171553
2735301
3157379
3029420
2751380
2789325
2830828
3280264
3035696
2732484
3682542
3461895
2582130
2612987
2539415
3099364
2647221
3136787
2549088
2487987
2550452
2610130
2559755
3022553
2884260
3147544
2766408
2483405
2810617
2835389
3650522
3278268
2934626
3521502
2990154
2720233
2786438
2845925
2895208
2931838
2452398
2588957
2613698
3706873
3410597
3634573
2692785
2703101
3106472
2893995
3075224
3170771
2842196
2679030
2769696
2708273
2982926
2730619
2567133
2550752
3103956
3242359
2702669
3411790
2755180
2736894
2780473
3586424
3377625
3114802
2967266
2578171
2939638
2571183
2787130
2680514
2381753
2798156
2946986
2779460
3690191
2507525
2936530
2929452
2757185
3222510
3924744
2852672
3319531
2965031
3604729
2524416
3172806
2848030
2913914
2660424
2741145
2539675
2690729
2353863
3035817
4046315
4348074
3276102
2973712
2925834
3235081
3230760
3433052
2864030
3147845
2674169
3083245
2663201
2679381
2863299
2701888
2621758
2786958
2656093
2696935
2515425
2806668
2659272
3308063
2754778
2597759
2666921
2479435
2623692
2669366
2909493
2912821
3121659
2991917
2938213
3967769
2989441
3167071
3015787
2870185
3204475
2930665
2646821
2458403
2591042
3350698
4580380
3174911
3107975
3383369
3406286
3249496
3370206
2876030
3047164
2873764
3045038
2851639
2941693
2949371
2923687
3659043
3086813
2796732
3025009
2582550
3240755
2748082
2731240
3086201
2867628
2910906
2967185
3051766
2903227
2806928
2637247
3182139
3045981
2737616
2642961
2817193
2798467
2895878
2960298
2660333
2522502
2706789
2624776
3835821
2640595
2964880
2676083
2975215
3022823
2708934
2822807
2514803
2739260
2606601
2869012
2670138
2587433
2809444
3408601
2865283
3410536
2764151
2827489
2680614
3307430
3027686
2918816
3032046
2977722
2775359
2759841
3220595
2837333
2776823
2980859
2924830
2590540
2653757
2890565
2866085
2971226
3016298
3306428
2770818
2525530
2744433
3099785
3337455
2978183
2629968
2784503
2909221
2634680
3250740
2625969
2636104
2711351
2575333
3078983
2797053
3478134
2602971
2742227
2809544
3030803
2991386
2816983
2787540
2654590
2682228
2842726
3612628
3262058
3250028
3170691
3010664
3139183
3529662
2811309
2725326
2765174
3065430
2621086
2481831
2781645
2764202
2715581
2869363
2887046
2570731
2639312
2921412
3151994
3789506
3298047
2752723
2927326
2698428
3210670
2706840
3461362
3169970
3891671
2935116
3239351
3370246
2994634
3147914
3220816
2875027
3265356
2944369
3136716
2816562
2704523
2842467
2707902
2937332
3572920
2763229
3200505
3232174
3831601
3335279
2997120
3049861
3107865
3171643
2987536
2733916
2569969
2646068
2662309
3000759
2758006
2448267
2986013
2747761
2672835
3960501
3332612
3169047
3290418
2940510
2980218
2544367
2719902
2961702
2811118
2810637
2545659
2843810
2431997
3223291
3395208
3044117
3010924
2585818
3030192
2636405
3485121
3388651
3439287
3105840
2765455
3099824
4018596
2982423
3191021
3273566
3224585
3275120
3079103
2671081
3572328
3595495
2838416
3271150
3031215
2826055
3202219
3332161
3235071
3951258
3390988
3864403
3223452
2981050
3118762
3597851
3288964
2691692
2779159
2847618
3113158
2935647
2630149
2821093
3256714
3194740
3093178
2856450
2856632
2882716
3083384
3862217
2785655
3412371
3358627
3045219
3104076
3282629
3084687
3334126
3145599
3806610
2821243
2637558
2612896
2592054
3389744
3038001
2461701
3004919
2881734
3270619
3309265
3399679
2991746
2686649
3104086
2969832
2596114
2408830
2834958
2968690
3204906
2791830
2991415
3084728
3547145
3648537
2715721
2566250
3263611
3630823
3479246
2773324
2952229
3028277
2969020
3222479
3240624
2751801
2933993
3485071
3643163
3256704
3091203
2892892
2912489
3055124
2830426
2923798
2913493
3156837
2818797
2891447
3227512
2700233
2823940
3187974
2863919
3358668
3624076
4104539
2761324
2971455
2608595
3354908
2971326
3119624
2915417
2910515
2980228
2716383
2717445
3033981
3115063
3424491
2828390
2878214
2629025
2994022
3270708
3340251
2973992
3853314
2954915
2794857
2992107
2878244
2684865
3533792
3309745
3112064
2933732
2837664
2674599
3068006
2784010
3324352
3497522
2841092
2803870
3232474
3835711
3275200
3706871
3431728
3124466
3464791
2979285
2916329
2969200
4013322
3050522
2938724
3214008
3350606
3361774
3468469
3217286
3938847
2932689
3276523
2584385
3048758
2804862
3139133
3213807
3116525
2509680
2508707
3428610
2802366
3715803
2876390
2791048
2900830
3605198
3041028
3298287
3334336
2898224
2854095
2732352
4092327
3065599
3256092
3146541
2669175
2962333
2699270
2537469
2378875
2641978
2437110
3260533
2728462
2731791
2662679
2509850
2523032
3290487
2832049
2950463
2846676
2641467
2770888
3433011
2898805
2961982
3172385
3035435
2888309
2915967
3256874
2708743
3038231
3038292
2756212
3166851
2725917
2936078
2695802
2978814
2990474
3682621
2725646
2651382
3484940
3919609
2785173
2563925
3208464
3660978
3998685
2614159
2669095
2565378
2467434
2689917
2644013
2503223
2851578
3297034
3005871
2925071
3038131
2523804
2566210
2724091
2966303
3387990
2466372
2811178
2797654
2392969
2505218
2571102
2628985
2593918
2915637
2526020
2507625
2489189
2398203
2475775
3302577
2818386
3232423
3128224
2735640
2490231
2571623
2496718
2517840
2563072
2558872
2541258
2552957
2652394
2882445
2962654
2936910
2873704
2703120
2424508
2580305
2424538
2654228
2478863
2522622
2563303
2387276
2516798
2731069
2825343
2828340
3347158
3130581
2651873
2406102
2585207
2587072
2868480
2696183
3154119
2793133
2482713
2621577
2826095
2759940
3382636
3604207
2581147
2861022
3362447
2803208
2846245
2523575
2674689
2425651
2425832
2506682
2675822
2451053
2480106
2802366
2801424
2861333
2595894
2764652
2493820
2875979
2427376
2627692
2801564
2783820
3862267
3202619
3694089
3195302
3339730
3177117
2784953
3005570
2882956
2708473
3278348
2584696
3496208
2578670
2639892
2820371
2696483
2748022
2885242
2561599
3203662
2553488
2783519
3638903
3853074
2984448
2769504
3216916
2841122
2927917
2830897
3339599
3115262
3040297
3020638
3360933
3927108
3105348
2795980
2814566
4022695
3619454
3306287
2923106
3281816
3676044
3243220
2956198
2674328
2448357
3122652
3381454
2938133
2984689
2959396
3095103
3112747
3130100
3159071
3034823
3333524
2886595
2746628
2730728
2857383
2809704
2787358
2906835
2834035
3088256
3343910
2845493
2912770
2628113
3037801
2697024
2953411
2611452
2773975
3322336
2681125
2905723
2879056
3185317
2817473
3228132
2809844
2846897
3402154
2998994
2663862
2839408
3122220
2667963
2692874
2967957
3430154
2958744
3301585
2667442
3599815
3043715
3309365
3008147
2663701
2761053
3061007
3119172
3097729
3085629
2722357
2917863
3232262
2747850
3271640
2828411
2627732
3014583
3029008
3485852
3049549
3719522
3384450
3048616
3075072
2611181
3020798
2732763
3138179
3117468
3035584
2764832
2560235
2619472
2678167
2737064
3847901
2862635
2950363
3440118
2876018
2730949
2825443
3390505
2878825
3142149
2741584
3132374
3254488
2645526
2406152
2766186
2628264
3424008
2931706
2851558
2719420
2715450
2820220
3005048
3608596
3064928
2911146
3006021
2727470
2828751
2880259
2764171
2794717
3063284
2784351
3570913
2798877
2737705
2493890
3420109
3005490
2827217
2842104
2548586
3054111
2838154
3791520
2695651
2999515
3049660
2662308
2925180
3027143
2554551
3059704
3634120
3734178
3238839
3193517
3109217
3359067
2803850
2937561
3190479
3153216
3152064
3134340
3075323
2651271
2942393
2820501
2771549
2643823
2902484
2893632
2791349
2956157
3545921
3233546
2610028
2673386
2610339
2745435
3087764
2789584
2606831
3005159
2726978
4291040
2569057
2583132
2640013
2620915
2623993
2955064
3076817
2571071
2983596
2431535
3276282
2817403
2433069
2845723
2807418
2624204
2831779
3516178
2735008
3079182
2780983
3505902
3524047
3054652
3175512
2897813
2525488
2542431
3048717
2383215
2759920
2900108
3012638
2909682
2524677
2819809
3064116
2846545
3057358
2733746
2517128
3087834
4071877
3736344
2973551
2971445
3522673
3202729
3150109
3299400
3033830
3361403
3038402
3673528
3436951
3301816
3018803
3093047
3259219
2606289
2720542
2673516
3082460
3510162
2874976
3502364
3316311
2805754
3280161
2686147
2977330
2880349
3989101
2729405
2465209
3029159
2762396
3347338
3301224
2804371
2551483
2604886
2950874
3224222
3180144
2857322
2801493
2656614
3126079
3019906
3014202
2643802
3239431
2904369
3275349
2601968
2807890
2681646
3000498
3327820
2995434
2961330
2612404
2612495
3054622
2922594
2963104
3021639
2622088
2977681
2682017
2656423
2616725
2836801
2897753
3390345
3706529
3138801
3311479
2906083
3045840
3141879
2705966
3131613
2758015
2686047
3168074
2671180
3091835
2509057
2760732
2729013
2921190
2828300
2680674
2871738
3019876
2959967
4122352
2827839
2980979
3149106
2868410
3524939
3019655
2925130
3089970
3004959
3442695
3112536
3074842
2842365
2601998
2737234
3149437
3500990
2688904
2837132
2941781
3079543
3155281
2879497
3478033
3034633
3072907
2916489
3401112
3248613
3243561
3752263
2967355
2775700
3003706
2857923
3379237
3051534
2862825
2744262
2778336
2557568
3461612
2743249
2843999
2714106
2595803
2896399
2910003
3237897
2863377
3398616
3659854
3358536
2753304
2847147
2899477
3130350
3491175
3630962
2753765
3415528
3206128
3351930
3220223
2930454
2854956
2704834
2655481
2885201
2874435
3121528
2637006
3261475
3944641
3117066
3241736
2941861
3155642
3255540
2936408
3603263
3537811
3444670
3243069
2754486
2997379
3183471
3792302
3319729
3103704
3046651
2931906
3023184
3048135
2624023
2760552
3224453
2944267
2945771
3449762
2416879
3161617
3173306
3620887
2712562
3036286
2922614
2727540
2950222
2868199
2788942
3729415
3641307
3268722
2740922
3004546
2570509
2756290
3361794
3156143
3339428
2587822
3028075
2769193
3483797
2930172
3151080
2978663
2951996
2867567
2799438
3355067
2914173
3135552
2604895
3842075
3104856
3345393
2733354
2698969
2810556
3121076
2636824
2513548
2773985
2587292
3264121
2945470
2597877
3288071
2969310
2779017
2691521
2900077
2736170
2883807
2634919
3001179
2951074
2996747
2398683
2710738
2848570
3471145
3294697
3570582
2967635
3630270
3941342
3602962
2827627
3085197
3453632
3050802
3217727
3560918
2804611
2894724
4114502
3396449
2890413
3315458
3021910
3023815
3225776
3003915
2987153
3419928
3515676
3246788
2802395
3024417
3066300
3492608
3718920
2839919
2826194
3938014
3554633
2947194
2878363
3070932
3010061
3199892
3007274
2940007
2535693
2627150
2905852
3653899
3418664
3011464
3102952
2755910
2642138
3126239
3044796
3040536
3057228
2816300
3293193
3175481
2689044
2987705
3150058
2963315
2815467
2804070
2441500
2764862
3666941
3873133
2773172
2563251
2992247
3717476
2963796
2954432
2719098
3840542
2996257
2913050
3536206
3356570
3128534
2887797
3742418
3166279
3316421
2774246
3207621
2580535
3010221
2640333
2777664
3070150
2745243
2651421
2909190
2563652
2860238
2462501
3044286
3187421
3202167
2705655
2688583
3367036
2971074
2765453
2700151
2468166
2479534
3389923
2809493
3301664
2607923
3062370
2575572
2636514
2818826
2728041
3394004
2736993
2562490
2728642
3934886
3759560
2667992
2803347
2627862
2795318
2876048
3278707
2596774
2570830
2500807
2815298
2906985
3631744
2780772
2823638
3448278
3382364
2893812
3437742
2717183
3146159
3218147
3208242
3401472
2585227
2739328
2563492
2505268
2659401
2731359
2786897
3282457
2977189
2614409
3077037
3154760
2838114
2767939
3038942
2474431
2577437
2557968
2634969
2776831
2565176
2444949
2346384
2563161
2647622
2479814
2612363
3609358
3019434
3313704
3061588
3628997
3345784
3202799
2694447
2779317
3036396
3026642
2538250
2531633
3176504
3038451
2928819
2480015
2417881
2532605
2710827
2537137
2525518
2426723
2398022
2641987
2475946
2661636
2555853
2987294
2970102
2852850
2478240
2468858
2478522
2560415
2653586
2396819
2498641
2691530
2535402
2616002
2550190
2644543
2449259
2383475
2499795
3564637
2691671
2522441
2962994
2596314
2652142
2706618
2922513
3023103
2484366
2778696
2519173
2716983
2663611
2595973
2696362
2567011
2714176
3588285
3352350
2536636
2571542
2743049
3321844
3146279
3164253
2859638
3335498
3033137
3060907
2962142
2677725
3139372
3250357
2677695
3553008
3112394
2967946
3011915
4076407
2708251
2799879
2607401
3094309
3059603
2464185
2789012
2710286
2951775
2641886
2823658
3118209
2912408
3048215
2743709
3353933
3975596
3133306
2915616
2987233
3577518
2976146
3640465
3181726
3491275
3356420
2956026
2949289
2800160
3160463
2775427
2520495
3647402
3005710
3138609
3911477
3217054
3165206
3057778
3565739
3542412
2675490
3150970
2753223
2780259
2758977
2810385
2564805
2556173
2358804
3076134
3463947
3199952
2633857
2634849
2720472
2312309
2950863
3092585
2697153
2628924
2861161
2887536
3466964
3028787
3048937
2892559
2909320
3029258
3087031
2698888
2498741
2502100
2581346
2868279
3079883
2716561
2912398
2719268
3036997
2923104
3141967
2930362
2476015
2490210
2656643
2610739
3391597
2494470
3068886
2655601
3105788
3184693
3374544
3177295
3523835
2705965
4321485
2549256
3209315
3086149
2728372
2690798
2738386
2595441
2744120
2531833
2616092
3385342
2717464
2765373
2654297
2687911
2861211
2789974
2978511
2672532
2609406
2753473
2778837
3495445
3243539
2538249
3045990
2972547
2971825
2979524
2980457
2537968
3268422
3119772
3205505
3999296
3545269
3019203
2926683
3384739
3382153
3083272
3273754
3007905
3387416
3082230
3347347
2954061
2791097
2631060
2646478
2826234
3050841
2975875
2705003
2819327
2838043
3762969
3062109
2792279
3051744
2708161
2916518
2931936
3209525
2491453
2681705
2785303
2566639
3162619
2814014
2550510
3099492
3052545
2903847
3132544
3437822
3330676
3481570
3712453
3751490
3155461
3578581
2893591
2946482
3277824
2954051
3306475
3414283
3341553
3083733
3335758
2953861
2997870
2782075
3137807
3019183
2731830
2883095
3432389
3173646
2656864
3427376
3024756
3487575
5376293
2989670
3481801
2993599
3453611
2710236
2707840
2907655
2860529
2667470
2833262
2613807
2982401
2808841
3149276
3239309
3232261
3240842
3361532
3739500
2810053
2951906
3284662
3107051
2893952
2990050
2458181
3172884
3545870
2867125
3681546
2943826
2567772
2719700
2715338
2702035
3199229
2681103
2508976
2835597
2865852
4012197
2943225
2621666
2940167
2678428
3223409
3292060
3665026
3064365
3631012
3665156
3524668
2904168
2778776
2898423
2524495
2614799
3295999
2695219
2835396
2746115
2773513
3197175
3445652
2831828
3052596
2653796
3130670
2954392
3203971
2763839
2460506
2928889
3043654
3617828
2931134
3364139
3383387
3215891
2925630
2454271
2854574
2940808
2864198
3682108
3131381
3337031
3191229
3039403
3307307
3189194
2533879
2664402
3209946
3754257
3116774
2903175
3019453
3166218
2978733
3006862
2983124
2775218
3074991
2548816
3279980
3151110
2974381
2924006
3504186
3422423
3038972
2898423
2942804
2890243
2740681
3129496
2840579
2608944
2964927
3180522
3361702
2989118
3080625
2679499
2952036
2984146
3026511
3142799
2765462
3046871
3016265
3029929
2895536
2735318
2591601
2761964
2674958
3033828
3070039
2580954
2816720
2696341
2725313
2628754
3006250
2553246
2903996
2735869
2493047
2598338
2729704
2554860
2753513
2763959
3037377
2874704
3202246
2662196
3165506
2736611
3305834
3255459
3027623
2835807
3439436
3209194
3045959
2588904
3320851
3366123
3531814
3579703
2909139
3162347
3404428
2802644
2676452
2581977
2595842
2733102
2657475
2639330
2511833
2390923
2663951
3404900
3092153
2750525
2554901
2452275
2587291
2839938
3514712
2978622
2711549
3149636
3067723
2712471
2539151
3591603
3227549
2726015
2956146
3277934
3039352
3016737
3198587
3277934
2944548
3262596
3153114
3170337
3676544
3302505
2921460
3105587
3169104
3191249
2825190
2722887
2832038
2409219
2771307
2626858
3088945
3912389
3204793
2996706
2996406
3464507
3081075
3229835
2859627
2827216
2743238
2713764
2549537
2532635
2629505
2500565
2939324
2569767
2831457
3240993
2742415
2693314
2651360
2816509
3139972
2827416
2837992
2854724
3653908
3085767
3589789
3366885
2737243
3044305
3244813
3294496
2675860
2486381
2671098
2706347
2722145
3145787
2640683
2858513
3389230
2645775
2553165
2547451
2668061
2471172
2358372
2555322
2840328
2431544
2418923
2381209
2353541
2613636
2500967
3257904
3204552
2494270
2762165
2581607
2398412
2622979
2460887
2497659
3026500
2719609
2832248
3095171
2995744
2878182
2785532
3073959
3022621
2713384
2592965
2789402
2712621
2502751
2465267
3224241
2921700
3878304
3340319
2451925
2683399
2565347
3604615
3194698
2614759
2320078
3377943
2325541
2334594
2372427
2583221
2463383
2640623
2349631
2379806
2611080
2594248
2516245
2618187
2363305
2976426
2398131
2548515
2455875
2493878
2463523
2545658
2487904
2654417
2636503
2639691
2710316
3528917
2960256
2365129
2399745
2626919
2485548
2672291
2616944
2447614
2593707
2881451
3231319
2929018
2553868
2626207
2728160
2540896
2780891
2620844
2322583
2662056
2486490
2679600
2603221
2756170
2656853
3654520
3260171
2459072
2355897
2405489
2648373
2499643
2386071
2366412
2442772
2394092
2627450
2386593
2435514
2523452
2710968
2453298
2578419
2450712
2849863
2809261
2559843
3097527
2775036
3966603
2933661
2445909
2438792
2484876
2545016
2713584
2931676
2905620
3350624
2861902
2956116
2547332
3190407
2814273
4045188
2854052
2399385
2477889
2577717
2472466
2451424
2536334
2490250
2410221
2656091
2539943
2767268
3607652
2614257
2465519
2625585
2477999
2733504
2641485
2523302
3028786
2461227
2566388
2734185
2843617
2716631
2600142
2652001
3025147
3096444
3871186
2744050
2715569
2870022
2609766
3085376
3423255
3084414
3533388
4120736
2938512
2530721
3167009
2957930
3046100
2866373
2884338
2953570
2740531
2450652
2737122
2719559
2709845
2634699
2945660
3152643
2582819
2522831
2730396
2617375
3406232
3004575
2926001
2970321
2931665
3045146
2906863
2946251
2744851
2931704
3213955
2949710
2614207
2503423
2503863
2572353
2470249
2411885
2456606
2750565
2587149
2521677
2560043
3720994
3519493
2692310
2398552
2471533
2627059
2490079
2608824
2436305
2681163
2523773
2503382
2589656
2397769
2510780
2629325
2520474
2625876
2385569
2407835
2578679
2636803
2644332
2777212
2398842
2548213
3090399
3351757
2670667
3127050
3252601
2780390
2438010
2591902
2609565
2813943
2778515
2875165
3949931
3094298
2986170
2781712
2519351
3173345
3285633
2936606
3755108
2530850
3201805
3029658
2732480
2798564
2796399
2952857
2851847
2859706
2876357
3573638
2911655
3460437
2858955
2788399
3031382
3515323
3070109
2749593
3113747
3345110
3272871
3579031
3082860
4056646
3043652
3076033
3384569
3213324
2986110
2878332
2538319
2632442
2817712
2856588
3454272
2726335
2413468
2657313
2590077
2687609
2635520
4069818
3351106
2640853
3198958
2642096
3144132
3338946
3242617
2990030
3049858
2785212
3218968
2745543
3131310
2982411
2988736
3101335
2645965
2580934
3032645
2971603
2826624
2887455
3341432
2692291
2500866
3120824
2808419
2795668
2409599
2756240
3352088
3451655
2823536
2843587
3013036
2523662
2538860
2613857
3072915
2859857
2987433
3526841
3355777
2817321
3207700
3071301
2777783
3069848
2699048
3622649
2978661
2865681
3159901
3262806
3228742
2746445
2741372
2798654
3011563
3242767
3114589
3023021
3156894
2690266
2692020
2672271
2613525
2721694
2956787
2491734
3377380
3024215
2903575
2771037
2759607
2640713
2905710
3055392
2501066
2459563
2825321
2933259
3256591
2937249
2650708
2966451
3259348
3167310
3429781
2625505
2641905
2911885
2672692
3227028
3272791
2855916
2741853
2596362
2603691
2874553
2760891
2452686
2736360
2669454
2580343
2585175
2565266
2858603
2537998
2690546
2936587
3396558
2846263
2653123
2766384
2546859
3573958
2719669
2631179
2872608
2890904
2759176
2852137
3223198
2592743
2730475
2740210
3073517
3359697
2713724
2853230
2925780
2716050
2614257
2401008
2666888
3087221
2500234
2657233
2613545
2704762
2728210
2593887
3462261
3023181
3433399
2551661
2721533
2466160
2449388
2450721
2594538
2843526
2309692
2568724
3143811
3323477
2925369
3788481
3158829
2626678
3501499
3183400
3085416
3019303
2986080
2674296
2969018
2824779
2567531
2800960
2743367
2753272
2600232
2879465
2944877
3414964
3506692
9353861
3430512
3322183
3203008
3230446
3792391
3283407
2695117
2946843
3600404
3401229
2927003
2824319
3461891
3648474
3080745
3597337
3389611
3150117
3594360
3076063
4058541
3143139
2989708
2789110
3133997
2653063
3251348
2949890
3125967
2681203
3092454
2767527
2615370
3092333
2522440
3115361
3052254
3074008
2753693
2908106
2955985
2659258
3148272
2649595
3281693
3248892
3328550
4003435
3317121
3152232
3078569
2762845
3070569
2729853
3748812
3125134
3013256
3063933
3257773
3460967
3341932
3046609
3131190
3006991
2603470
3275829
2458520
2733973
2652551
2482219
2446731
2364046
2713954
2699909
2766895
3015542
2682486
2975834
3166557
3162036
3230295
3178918
3264610
3201333
3035813
3170156
3104143
3252530
2908266
2696310
2778724
3300258
3863306
3216050
2696611
3040183
3229924
3155108
3359566
3265633
2850192
2811466
2881831
3599491
2828068
2614928
2840097
2825120
3126738
4308400
3320519
2689995
3264320
4408288
3033837
3151460
2965338
3267006
2790986
3633275
2935965
2798463
2687398
2938331
3447113
3190627
3185955
3698306
3200532
3173254
3498160
3186918
2710295
2628502
2914511
3358453
3253082
2622107
2880156
3260339
2885690
2700230
2869220
2961718
3580213
3488285
3420708
2808408
2843215
2771226
2866182
2992365
2914432
2752741
2547782
2702536
3173083
4367266
2871585
2987413
3502711
3602037
3204231
3681896
3201975
3501448
2707127
3448948
2821711
2985428
2984064
2850483
3219850
3220882
2890773
3567421
2661664
2989869
2755667
2550228
2893681
3047742
3101154
3712632
3201103
2775216
2551381
2642768
3035632
3993920
2966711
2958892
2926291
3317271
3216791
3496676
2593836
2756049
2796529
2905540
3682628
2728330
3581778
2691007
2748450
2902402
3268320
2866994
2818925
3624222
4230747
2923143
2403704
2682115
2600874
2781542
3240380
3457028
2833119
2760741
3124573
3376969
3184702
2843796
2865791
2523682
2851756
3032545
3573487
2801581
3130969
2991673
3033377
3274836
3116453
2980225
3192853
3420738
3211178
3063983
3286194
3082088
3270194
2666797
3220752
2940176
2922301
3205544
3132251
2896246
2603611
2949919
2661293
3993870
2989488
3755037
2974290
2695297
3441649
2703789
2871214
3544174
3563632
3686147
3042679
3293361
2947293
3144943
3511613
2957208
3007132
3412958
3438943
3705575
2839355
2824629
2796640
2948215
3118959
2863395
2737803
2484325
3281011
3348057
3325833
3140863
3352989
2948396
3116824
3199228
3517989
3224059
3455945
2788308
3346503
2628773
3087982
2651088
3159420
3149635
2678647
2415724
2587300
2912246
2774755
2864667
2537546
2519011
2736821
2690235
2982951
2750836
3128573
3359165
3261483
2732901
3571281
2817230
2738094
2621656
2868247
2691398
2752179
2956616
2582558
2522148
2829010
3143159
3055993
2618357
2747978
3001318
3416899
3077967
2858603
2767677
2909700
2993729
3422151
3811297
2754755
3180471
2802584
3225353
3050810
3396988
2713132
2914963
3156783
3352799
3615100
3375645
3277793
3333842
2908507
2887876
2642026
3186356
3983906
3558179
3050629
3451123
2987643
2664421
2816569
2942882
2857730
2699297
3235167
3172522
2923554
3263688
2601565
2779076
2708150
2764990
3209694
2963683
3169334
3359295
3340067
3922442
3107780
3709654
2996886
2879585
3014660
3263427
2517195
3077094
3225793
3533818
3169594
2878542
2671048
2897790
3303767
4146468
2693824
2960946
3606659
3703910
3171670
2593395
2934240
2959814
2738906
2898391
2993858
2866993
2860286
3080423
4353251
2777732
2980144
2791305
2749753
3194947
3137604
2864537
2590207
3526911
3337481
2944436
3533497
2801130
3118007
3528976
3593897
2777832
3398572
3031973
2836087
2836899
4194457
3076323
3063521
2742183
3034890
2878923
3308058
3624162
2911012
2664701
2693704
2708550
3404537
2541546
3087059
3197042
3122989
2896216
3245222
2595309
2746223
3482701
2599159
3157444
2757030
2609665
2786875
2627790
2967042
2859665
3542429
2827856
2791997
2752259
2877630
3297481
3162667
2574307
2986520
2830382
2885920
3338764
2906261
2635639
2881139
2758324
3696471
3371104
3150337
3030259
2778945
2662476
3775808
2691237
2687689
2973157
2567159
3212360
2837521
2700811
2872758
2882292
3000936
2865930
2576482
2746845
3043170
2882070
3588212
2909929
2809861
3170807
2673834
2642577
2743597
2830131
2541505
2603409
2805451
3020354
2623299
2631399
2637184
2590527
2583901
2796678
2796057
2747778
2605945
2808619
2935945
3774976
3381800
2924586
2861951
3061115
2991984
2711818
3276199
3048855
3083691
3243608
3255467
2868658
2939824
2631620
3376999
3076723
2857460
2960595
2666346
2936205
3636582
3214185
2689743
2922631
3191379
3415915
3323786
3069726
2767797
2971392
2864206
3248280
2648190
2534027
2595149
2803516
3027130
3006820
2830643
2629063
2542328
2850603
3637595
3511793
3108101
2947694
2629945
2680621
3006620
2573425
2806965
2857991
3114728
3527732
2651058
2960195
2601274
2985087
2929218
3558549
2820027
2829591
2989307
3739278
2907835
2787476
3522510
3334503
3668833
3118607
2561546
2850513
3714005
3042739
2560844
2671990
2588001
2957699
2694335
3006530
2863023
2763597
3476415
2649583
2937428
3128171
2550267
2796318
2562197
2899203
2866321
2743196
2619339
2692330
3220159
2969478
3510150
2634216
2900927
3098417
3245191
3326794
2563260
2805250
2811766
2823095
3239407
2917599
3235618
2937248
3221604
3260149
3039181
2582839
2752860
3238575
3864719
2962029
3596594
2988134
2892656
3081716
3251077
2689232
2906933
2647318
2880326
2867284
2727928
3148211
2785591
3601867
2674306
2743467
3412306
3342213
2893158
2614979
2987261
2820548
2869279
2848488
2611179
3097194
2874812
2496274
2500845
2369028
3262595
3109896
2854332
3032834
2902702
2912747
3300168
3335104
3299276
3114408
8278981
3861832
5667071
4775739
4589106
4143841
3019913
2971954
2492665
2544192
2486480
2474760
2857671
3420096
2809280
2764218
2989628
3546389
2912507
2689032
2537626
2567330
3249222
2982509
3393499
2736620
3119920
2777120
2763085
3958722
3106016
2706305
2535912
3164120
3002369
3347285
3148712
2828097
2383694
2666375
2663378
2696109
2632932
2414580
2714815
2479983
2476765
2533766
2757832
3417369
2885328
2540853
2587509
2378311
2433317
2656261
2479542
2449146
2634446
2752780
2448064
2462500
2395824
2847384
2355986
2536453
2512794
2414932
2613454
2537034
2712359
2507000
2402721
2410109
2440445
2514619
2477366
2477366
2473457
2406380
2359965
2517365
2517015
2490118
2615309
2841891
3452175
2446349
2690886
2567971
2692280
2317289
2386009
3341280
2554538
2553506
2656912
2610446
2436023
2518027
2588382
2545315
2598617
2558398
2938631
2464986
2606737
2735747
2842823
2974580
2482419
2891975
2591961
3507833
2562247
3408597
3271667
3303787
3433538
3256709
2924686
2997928
3001778
2633122
2497767
2950540
3627821
3768850
3230404
3015612
3010659
3361880
3106057
3297711
3235537
3319626
2772939
3056925
3012334
3808749
3193463
4103260
3279998
2564733
2755938
3260700
3400687
3285711
3227718
3335405
3018007
3247005
3145353
3128011
3378973
3139980
2960395
3061936
2883985
2926611
3205292
3639569
2571299
2728510
2745922
3197172
2504955
2909027
2878862
2549094
2887975
3097324
2955473
2965788
3072523
3307576
3177984
3228230
3375785
3656342
3194265
2868236
3729643
3201132
3346943
3096623
2924145
2718435
2786493
2702395
3548855
2861750
3202134
3001557
2993948
3126507
3811567
2799395
2648872
2893128
3172732
2939433
2669523
2797611
3122457
2685994
2961227
2876537
2705823
3038318
3244700
3231137
3619851
2997857
3358262
3298133
3342393
3218314
4122758
3005256
3043140
2610858
3324468
3183118
3192741
2593705
2631920
2771827
2906110
3022659
2842944
2901348
2998750
3133224
2938139
2903935
2811626
3267858
3268188
2991442
3296669
3258875
3329319
3004413
3052463
2601845
2861720
2693974
2732910
2931493
3730114
2679568
3114878
3646748
3390692
2698234
3363736
3109204
3165703
3894251
2782082
2945919
3380105
3468134
2826783
2603981
3322172
3343786
3189403
3550599
3175478
3079971
3378612
3911173
3012062
3174195
2849249
3049446
3167809
2843895
3070788
3582087
3467503
3240279
3388357
3127088
3349059
3164471
2841119
2654716
2960986
2857630
3120181
3830353
2936475
3082969
3004705
2964124
3242013
2884055
2505797
2476233
3505778
3227408
3070147
2725512
2816969
3338332
3329741
2797551
2730003
2593735
2755006
3012383
3732731
3483322
2861800
2982720
3340568
3075109
3100181
4017226
3221221
3554969
2849509
3423945
3575480
3522530
3415093
2849700
2861368
3000985
2544062
2498930
3559321
3408797
3106928
2533045
2570758
2713693
2639157
2860447
3079871
3226465
2606818
2796448
2789371
2811535
3262604
3118357
3372588
2901639
2655969
2776558
3132401
2609674
2711837
2792097
3254885
3641864
2520112
2683197
2606396
2541174
2817259
2876506
3110317
3143919
2925237
2685312
2613022
3377289
2782844
2713722
2781661
2654936
2559760
2722494
3650507
2862000
2632962
2735567
2775305
3196079
3431764
2653673
2708850
2759436
2530728
3407252
2678103
3957057
3052423
2665673
2745000
2596722
3624331
3036673
2835273
2572892
3500684
3239266
2826582
3160401
3327776
3658315
3357018
3361790
3163849
3120381
2713121
2869128
2741190
3105645
2798673
2846081
3018128
2646485
3735677
2772117
2899443
2859675
3262614
3157444
3499261
2931813
2623428
2501165
2595199
2945086
3371002
2856717
3052102
3490549
3200169
3248900
2812828
2582989
2689903
2643799
3209953
2740328
2553886
2836918
3122517
2681653
2936725
3098276
2501285
2539750
2819184
2549635
3699177
2772889
2668601
3121444
2783555
2983872
2604261
3138616
2794042
2809049
3998108
3444616
3901288
2936805
3246815
3005225
3039350
2937247
3086006
2524864
2579209
2894752
3099600
3686897
2892596
2772398
2784889
2879273
2725271
2769159
2508874
2694304
2790563
3166786
3207668
2660711
2843424
3072572
2980063
2773561
2956375
2990779
2737130
3239246
2995321
3624973
3209653
3493036
3255426
3078858
3302282
2865919
2757039
2697061
3330673
2941126
3872096
3008082
3136902
3145604
2751436
3095359
3439172
2776218
2922360
3309199
3330953
3689533
2783285
2864676
2922540
3141183
2886140
3117774
2858572
3201422
3281300
3366482
3781291
2977306
3314483
2914861
3055620
3161253
3068543
2745621
2944755
3393418
2796197
3662627
3048322
2961426
2772237
2746363
2808347
3725462
2768348
2763275
3165022
3472204
3628993
3782363
3079118
3109554
2949868
3269852
2489706
2562206
2859404
2543089
3373650
3343545
3254223
3076964
2914080
4114006
3584603
3188440
3235135
3004233
3289821
2637031
2753421
2939723
3064272
2896797
2959341
3628311
3103289
3505236
3138837
3139278
2587850
2801169
2811605
3123127
3349600
3029045
2720058
2543961
2634195
2736348
3574017
2839414
2812307
2915713
3004233
3517236
3584573
3117905
2935582
3449779
3804258
2772398
2686355
2868957
3123319
3306613
3094237
2619920
3181312
3096041
2969977
3089494
2455151
3000273
2850181
3204129
2817851
2711386
3001546
2694705
2849109
2927111
3448304
2939252
2836166
2837670
2695668
2942750
3199316
3180981
2904706
2599008
3546428
3053204
3446841
3196691
3384065
2941677
2857128
3125624
3360868
2858642
2676430
2676159
2636991
3496604
3073806
3391504
3003381
4114267
3211347
3742424
2728088
3102347
2926730
2478278
3862803
3417950
3399263
2805671
3096963
4036945
3179498
2869889
4109063
3279396
3327074
3460996
3081073
2995842
2939081
2942861
3394040
2747195
2686776
2845369
3056102
3860788
2865899
3343494
2968404
2824237
3512444
3247667
2711376
3338120
3179798
3696179
3097645
2958239
2835725
3194073
2783294
4065606
3803255
3121202
2829659
3535991
3400155
2856546
3098356
2958980
3572643
3382411
2534758
2719105
2889137
2822652
4116451
3191677
2835504
2906901
2762372
2985135
3004232
3102998
2610286
2647558
2990559
3287876
3794021
3221471
3468786
3083439
3227526
3405799
2574286
2535771
2771926
3185171
3144310
2903502
2992333
2685502
3075640
2920294
3132500
2677864
2983972
2648320
3062988
3058116
2988564
2964604
2953116
2978207
2905598
2771305
3136380
2749941
3218052
2733591
2784718
2586004
2652901
3027380
3522729
3353970
2650756
3447382
3073784
3367804
2744999
2919552
2731155
3091920
3086176
3115128
3145613
3071660
3055239
3537225
2973817
2571990
2947883
2704950
2708017
3068171
3430710
3144962
3234895
3108822
3150635
3307756
2649212
2797971
2748769
2722785
2931311
2984303
2453456
3073966
3425086
3768939
3039691
2860286
3031049
2701492
2744799
2917738
3326331
3115518
3159999
3706414
3461046
2978519
3219356
3065695
3523450
3322000
3449046
2656409
3033074
3578357
3318242
2964113
2933828
3300668
3011801
3186304
3182926
2554908
3168680
3420806
3888657
3180299
3630957
2962941
3406250
3361258
3200790
2969736
2852766
2836246
5045567
2825068
2745400
2960123
3026578
4242454
3420455
2739004
3021315
2786572
3636401
2813689
2914159
2678895
3433898
3183147
2842070
3195577
2619378
2916605
3795746
4224640
3363142
2903913
2851193
3709321
2558246
2448564
3294022
3210133
3371343
3332246
2927262
2831053
2797440
2954379
2783115
3109794
2937918
2739256
3224378
3362381
3274122
2970519
3234955
2866461
4017226
2867313
3110315
2852577
2779415
2743205
2946620
2958249
3353168
3087028
2766061
3215446
3828046
3382761
3313429
3257451
2840747
2982850
3063339
2534517
2901487
3070658
3335314
2707195
2947272
2957376
3113383
3756910
3687437
2780337
2953868
3111238
3827846
2842241
2754684
2952695
3071429
2969707
2928785
2937367
2969115
2835273
3006368
3587229
2695336
2714133
3025204
3056783
2971912
2910841
3125043
2607709
2776678
2951632
2569744
2848927
3707226
2782262
2827804
2835694
3058266
3020313
2715667
2839744
2514357
3041385
3353329
3664882
3068060
3037515
2727777
2718764
3583429
3564332
2901537
2706464
3051560
2945116
3375915
2459852
2852396
2614605
2724468
2926649
2833128
3505726
3242714
3352767
3246343
2924766
3019089
2925397
3432315
3325099
3335604
3006287
3583489
3073735
3484835
2713391
3077975
3476996
3168921
3275797
3349830
3116581
3740469
3274473
3358741
2853869
2760658
2675317
2632751
2936825
2827825
2480644
2498929
2888185
2681953
2900605
2680930
2264618
2620381
2606977
2746052
2609012
2478779
2784046
2487922
2904786
2623307
3377318
2839673
2745149
2763214
2524081
2983580
3428765
2695416
2595408
2901929
2740057
2535439
3589373
2770793
2745019
2970829
2870640
2786732
2870530
2705050
3256739
2698895
2887743
2907122
2670184
2463972
2988383
3159176
2412153
2727145
2995822
3166214
3177552
2849027
2527098
2386370
2701812
2464092
2606906
2745992
2743115
2636540
2513515
3406840
2607348
3142325
2977927
3306372
2823083
2668098
2738995
3053253
3630014
3242453
2862902
2980463
3697863
2968463
2822652
2998257
2546828
2819093
2665131
2625353
3694634
2587137
2686884
2996573
2907412
2991000
2695917
2519039
2806542
2703566
2892806
3455662
2637552
2947883
2776708
2544822
2643407
3391633
2542497
2631438
2602897
2810060
2954197
2915652
2543449
2797038
2979391
3411352
2927572
2772657
2531900
2584842
2614365
2660860
3319363
2711686
2578646
2876977
2613312
2659777
2768397
3145592
2754512
2650845
2685932
3251746
2819503
3147708
2846952
2673241
2625984
2389256
2629953
3296326
2771615
2863723
2626626
2660349
2626244
2944003
3626105
2939963
2560532
2892485
2813689
3149743
2923141
2782803
3169272
3421778
3212339
2943060
3470670
3466699
2866691
3256427
2976323
2902460
3484613
3640470
3242894
3155136
3434540
2760066
3706444
3172760
3223937
3377337
2874912
3008232
3073735
2803284
2734944
3745130
3979050
3016944
3599369
3386901
3007780
3068321
2881879
2669582
2851944
2795023
2697892
2893478
3140470
2813409
2653412
2858851
2782121
2865618
3124430
2893066
2552842
3152109
2895573
3139999
3284828
2451270
2762443
2919141
2996944
2952514
2815564
2493365
2508282
2955020
2579438
3413357
2639297
2826200
2907372
3258513
3129162
3128360
2677722
2625894
2291193
2751816
3267244
3863784
2604290
3021835
2945667
2606425
3153192
2911311
2509986
3098756
3223616
3327765
3476714
3183446
2644870
3186374
3425267
3405307
3314492
3132491
3113403
2855152
3465828
3078757
3408204
2463251
2992643
2702142
2852145
2980835
2844606
2869769
2763355
2648820
3001675
2924084
2658154
2712599
2595137
2939541
2788546
2904053
3046236
2847243
2550998
2559349
2843764
2930960
2989505
2468463
2736608
2542045
2790942
2938629
2853347
2464212
2756167
2781279
2590535
3163587
2841578
2644490
2778141
2555148
2900905
3034136
3300798
2556993
2626285
3006377
2621101
3403764
2651527
3519901
3505605
3107448
2777420
3060562
3105884
2551018
2760207
2711516
2775896
3314993
2685721
2912224
2748397
2796817
2906981
3056231
3742484
2663046
2740778
2926269
3154825
3913357
2748277
2745771
2928604
3112651
3183376
3146595
2585945
2881587
2900244
2798612
3540412
2942358
3163697
3328737
3291014
3220419
3068662
2823644
2885547
2739264
2757329
2432794
3707016
2914389
2582306
2834842
2923492
2493877
3090175
2936133
2816676
2725551
2491560
2851363
3282071
2897568
2644229
2540081
2604681
2666023
2751415
3042447
2406760
3095779
2819303
2915973
3215005
2983129
2650835
2789379
3117753
2942549
2686744
2915001
2660750
2782030
2936563
2862129
3246042
2683345
2697601
2655256
2734804
2886499
2729801
2891532
2606084
2761148
3762743
3561734
3379663
2908925
3300867
3124109
2976843
2898038
2810391
2714824
2775775
3101814
3509164
3037804
3061013
2635307
3030497
2809980
2916484
3429145
2791955
3291324
2898409
3125433
3499821
3198864
2701831
3147457
3151096
3333178
2995440
3069554
2751875
2965115
3735696
3624209
3053684
3268317
2823383
2702002
3096851
3100941
2734492
2496974
2976984
3021926
3254192
3069945
3292376
2868435
3011329
2816717
3259665
2798141
2792656
3139377
3200448
4452734
3145251
2863322
3042767
3134575
2892775
2830490
2623727
2654665
2905807
2464102
2747615
3464704
3168990
2853607
2864575
2941837
2731655
2778581
3207566
2602756
2629031
3128621
3061062
3107497
2609131
3190082
2773990
2629573
2778331
2826000
2750211
2573663
2712408
2645281
4546407
3088842
2858631
3082616
2969335
2817268
2924052
2890770
2768346
2585122
3802973
2997746
3107889
2555459
3038136
3440243
3315744
2523078
2778943
2747284
2869648
3207004
2713561
2987190
3017444
3454197
2927361
2945556
2748227
2811433
2933686
2730041
3331955
3318852
3053394
3199356
2996833
2987299
3219756
2489565
2734302
2849929
2799554
3337729
2750041
2560390
3395331
2878219
3314160
3105603
2884084
2855794
3037213
3111778
3568341
2914790
3581033
2944684
3043740
2780948
3291665
2938619
3057253
2647798
3972664
2917005
2852445
2857949
2585794
2803273
2972934
2595187
2687326
2700268
3076551
3584500
2535098
3215766
2926859
2932604
2965004
2912655
2798291
2665412
2787785
4043399
2837639
2717681
2615487
2656209
2742893
2875974
2941857
2564592
2417877
2749490
2590365
4213110
2583298
2647296
2707687
2906589
3049233
3624731
2756477
2662234
2775003
4535440
2889487
2976062
3080431
2748427
3451230
3353097
3244868
3651126
3208188
3742052
3430951
2848375
3303194
3659487
3088361
3018306
3267865
3214753
3106916
3192429
2967561
3372565
2634043
3017555
2989756
2819975
2822351
3184699
2905737
2721129
3042587
2841598
3349258
2794802
3219365
2850400
2897297
2940594
2817027
2688548
3427441
2842060
3626505
2749460
3241570
2639969
3214393
3731626
3263495
3104140
2984362
2807845
3007189
3258302
2691436
3601804
3571849
3313749
3354250
3016221
2737320
2659126
2651627
3705211
3357378
2796958
3284968
3041434
3072331
3777329
3025645
2740899
2698894
2959991
3504683
2680519
2758913
2881657
2837949
2957075
3126134
2799885
2629362
2649362
3185170
2835995
3473897
2674183
2595257
2729460
2638555
2776687
3050206
3164439
2576731
2524131
2910940
2898649
4106105
2727796
3225972
3152790
2688217
2601502
2957556
3173331
2596249
3243355
2914699
4018266
2748577
3069463
2646062
2672658
2631055
2809748
2614265
2757740
3490678
2819062
2945425
2717961
2676709
2781459
2633582
2657983
2693992
3353277
2942989
2668859
2672810
3633171
3043479
2905005
2915471
3277639
3375763
3389537
2649512
2922057
2847452
2969355
3230994
2793559
2857548
3224858
2954477
3336134
3097192
2780416
3270451
3240888
3524952
2877858
3882951
3097011
2908373
3169370
2742863
2993194
2661141
2694412
3286561
3793729
3124490
3178113
2860775
3320074
3050867
2635105
2829217
3114214
3300376
2849778
2618674
2714292
2924133
2916734
3144008
3189882
2956934
3030426
3336616
3107156
3656158
2883542
3018768
3079357
3281198
2778251
2825959
2780867
2625892
3061804
3031478
2948964
3272066
2590906
3115617
3377277
3177741
3367953
3177762
2925917
2842339
2767644
3482227
3579167
3115126
3114375
3117803
2685771
2935601
2799763
2678964
2700899
2923150
2894930
3385717
2813077
3173250
3614013
3126734
2853096
3179205
2796065
2672940
2591608
3030045
3248948
3268497
2713640
3169692
3564962
3532682
3065884
2714904
2613171
2966698
2761138
3353748
2878018
3054215
3159546
3099748
2600019
3209350
2993966
2653822
2499740
2627617
3208608
3393306
2821016
2597903
2825928
2713069
2768497
2926979
2922949
3298741
3199887
2969485
3127086
3432985
3272076
3665832
3122545
3227134
3251505
3113151
3566175
2929686
3032892
2764767
2757349
3404825
3064561
3000302
3396443
3212698
2613733
2599979
2667025
3150113
2962027
2970978
3663085
3245669
3128820
2963621
3350991
2635627
2987590
3393476
3698242
3310902
3399011
3398098
2745279
2688207
2875913
3275394
2863041
3406940
3011329
3604690
3341387
3058936
3296436
3356054
3276497
3686152
3447621
3394339
2917566
3202333
2612199
3032782
2703536
2914619
3045303
3162102
2819673
3002157
3871993
3596560
3375442
3350942
2836234
3321438
2916774
3152208
3400814
3111457
3204066
2798190
3393828
3027128
2701852
2982417
3647086
2874820
3259294
3039007
2713210
2762131
2613101
3074375
3050445
2775895
2791343
2568120
2751925
4149902
2782300
2486146
2826951
2616299
2962107
2996923
2818641
3021925
2713139
2709259
3135727
2857518
2965715
3202292
3084500
3182905
3358800
3020772
2951671
3214022
3393015
3181651
3520140
3282140
3084670
3813147
2696458
3460343
3113732
3210763
3938227
3705340
2826290
3264908
3247193
3680268
3052561
3160358
3139286
3045895
2873327
3659557
3138033
3040652
3191746
3271424
2938509
2749780
2951390
2850099
2901346
2669952
2799032
2558867
2657241
3231916
3405657
3041975
2617953
2814691
2793459
3010085
3603718
3504191
2816094
3178473
3038366
3506907
3194553
3333578
3193139
3166744
3632700
3407442
3067849
3125873
3398028
3405145
3588500
3277718
3227815
3121993
3910108
2948372
3531228
3082224
3629371
2916924
3429115
2890719
3116770
2979760
3003429
3440403
3028752
3129943
2764295
3200287
2548520
3386849
3162874
3389937
3518055
2954949
3306731
3362560
3151336
2929545
4091547
3025945
2809137
2938989
3014757
3259503
3578745
3220978
2936422
2828224
3070145
3281127
3073442
2675346
2809878
2879922
2861085
2845557
3109031
2666804
2673471
2767313
2622314
3508171
2722011
3174954
3241820
3101653
3553112
3367331
2699354
2766331
2479821
3123176
2900122
2446317
2893566
2827422
2701119
3005424
3571708
3179055
3239645
3208307
3578655
2954457
3566775
3165380
3011218
2988131
3119166
2806701
2833657
2913797
3424263
3385797
3408874
3487569
3277207
3969424
3191184
2872824
3068480
4121331
3108409
3183185
2771524
2843201
3070084
3393266
2635667
3060560
2931781
3269268
2790210
2719996
2797318
2761860
2865798
3111948
3358580
2940283
2934708
3124159
3167586
2451079
2942848
2968271
3099778
3064581
3686944
2984963
2890208
3558867
3822230
2687245
2770521
2725550
2586666
3585111
3563608
3155005
3079417
3892664
3167687
3399621
3142354
2930388
3017133
3029483
2459479
2479349
2908583
2737429
3279543
2882429
3054114
3673350
3074655
3145190
3025804
2576229
2508601
2788185
3194282
3067137
3064921
3246402
3460793
3327652
3333047
3271343
2801097
3207665
3096509
4082936
2879050
2662974
3071266
3395431
3068580
2898018
2426077
2577622
3144809
3786581
3552601
3074405
3005003
3076059
3810641
3360464
2893345
3384002
3813077
3377175
3113411
3384534
3080801
3073592
3950126
2940262
3375401
5690723
2860886
2696528
2920804
3392483
2977574
3494747
3121180
2843091
3004331
3311332
4891572
3026907
2998646
3441736
2729359
3525053
3340976
3517544
2779875
3149010
3092760
3668739
2597061
3171966
3566104
3835502
3501253
3133882
3198061
2878239
3975831
3197841
2940713
3578264
3494908
3331413
3554976
3178333
3545894
3348595
3401376
2868574
2938679
3132278
3083968
3265759
3840404
2742441
2630605
2763674
2495540
3795433
2864905
2957655
3382419
3379842
3604529
3327673
3340796
3295744
3220056
3066846
2513494
2658444
3057192
3843833
3254180
3095698
3349036
2653791
3228086
3319232
3560371
2618955
3225539
3111507
3471460
3140338
2573533
2569783
3050576
3053292
2852074
2566586
2992552
3041603
2858359
3995980
2985364
3118033
3261930
3106936
3163386
2609642
2727875
2842029
2768566
2925335
2974387
2808365
2638674
2813096
2772085
3052561
2752346
3428323
2908092
2840915
2852545
2665982
2647306
3097663
2516321
2886158
2484602
2724266
2900504
3519108
3057513
2960602
2752386
3181681
3246773
2816846
2764877
3248116
3064029
3295263
3217119
2840715
2882940
2677721
2797949
3489554
2693219
3043729
2970697
3434578
2946096
2633882
2879481
2852785
2862249
2924492
3003568
3381406
3000110
3560600
3708156
3031909
2732917
3034476
3250250
3034054
3233409
2972281
2748917
3040651
2744496
3522777
3784947
2616398
2989072
3146794
2928944
3003478
2859731
2802861
3155295
3324634
3451379
2854138
2892152
2732596
3386017
2866769
3033182
2719955
2517383
2603115
2969744
3707173
2939941
3000712
2908253
2784485
2970887
3008701
2786661
2802209
2655666
2949344
2971729
3169931
2797076
3687886
3013403
3195826
3130102
2896262
2889366
2546696
3027939
2839693
3415621
2914729
2565011
2844444
2647736
3215324
3282299
3181329
3207644
3042104
3323963
2858750
2690984
2782079
3153530
2720065
2868313
2938748
2545653
2641440
2841436
4030736
2855100
2964141
3249869
2622634
3130925
2788195
2847542
2725730
2634995
2946076
3349617
3098304
2676508
3066515
2696357
3034716
2834851
2719735
2755373
3294009
2497092
3838599
2669530
3041673
2635867
3090033
3498415
3188086
2633311
2654834
2580951
2661490
3611456
3002275
2609832
2895009
2744085
2583968
2930658
2963851
2511187
3265999
3025834
4332424
3213349
2922117
2566876
3021704
2840675
3393215
2523759
2482587
2692738
2828825
2817638
3161420
2897696
3152919
2937113
2668768
2774351
3001333
3164057
3270290
3068509
3327001
2497354
3087236
3288816
2817848
3030737
2886598
2894348
2881014
2694873
3510296
2563167
2577181
2837316
2935720
3384042
2944081
2699204
2877376
3807312
3899099
3058525
3081582
2617381
2723905
2823713
2969384
2451259
2549222
3522105
3321187
3187625
2619296
2822359
3041774
2643155
2875401
3666112
2693941
2750622
2938267
2779814
3154012
2656658
2642423
2518696
2896303
2578816
2817337
2894769
3018095
3280506
2897997
2693830
3941555
3834530
3406829
2994947
3268185
2919240
2999849
2639525
3066434
2907901
3045533
2704848
2737018
3093712
2790370
3967810
3008902
3128328
3313918
3276445
3168046
3468011
3052310
2928443
3549834
3042364
4049151
3262882
2609993
2753198
2776946
3076860
2971810
2930507
2529182
2588479
2707355
3042565
2743474
2600890
2617812
3466035
3056179
2800796
3173781
2700587
2846950
2606133
2881325
2617231
3477083
2437454
2866789
2805498
2998957
3300635
4796716
3330449
2812936
2983008
3159345
3305878
3276054
2656568
2692197
2902999
3007227
3275853
3330459
3250531
3335572
3307473
3050515
3059567
2607616
2796174
2591738
2786741
2542485
2680046
2808204
2636298
2509494
2745799
3279985
2533974
3026004
2827813
2473955
2978286
3262661
3607577
3103205
3438637
3408202
2612830
2562565
2818549
3032811
3647787
2982587
3191194
2905506
2852123
3234341
2547427
2703835
2998155
2841045
3426057
2961724
2520240
3294901
3170373
3438117
3242982
2784475
2795362
3306569
4050213
3469103
3070675
3379892
2937906
3231102
3388954
2790540
2653239
3016240
3438617
3213789
3740596
3162823
3434296
3551567
3417535
3617049
2665430
2623436
3028941
3185890
3687654
3281587
3107505
3365385
3129560
2867791
2819321
2815492
3246712
3150543
3698431
3015758
2854619
2716487
3346268
3028290
3058786
2774761
2615135
2325226
2682964
2736646
3487529
2715253
2958446
2831021
2845376
3385175
3398799
2626032
2711223
2970556
4139546
3368513
3080238
3106253
2826860
3115165
2855230
2595697
2569742
2858168
2980471
3343993
3265297
2950878
2937725
2953474
2769799
3024330
2829266
2626333
2600389
2792445
2422748
3863681
2795763
2700376
2961433
3005272
3001503
3209188
2705810
2857657
3077191
3328243
3314229
2695724
3056680
3183595
3108779
4179996
2973152
2869365
3564429
3492270
3881265
3176346
3350720
2926106
2806559
2759743
2574865
2521222
2658363
2836043
3896613
2858448
2902598
2943980
2646694
3134332
3430828
3469644
3229669
3261237
3303382
3516991
2920342
2808705
2932994
3252055
3013443
2918688
2567126
2767763
2651585
4293297
3316604
3201860
2937815
3453473
3152387
3546625
2908633
3146343
2862167
3660948
3251744
3377576
2976601
3107035
3347220
3080700
4097200
2604127
2849957
3308675
3910157
3127385
3305427
2762561
3384743
3359642
2835923
2928272
3556339
2859671
4141931
2861205
3213198
3510566
3113120
3023709
3272615
2763824
2425906
2782099
2652257
2905244
2972341
2780686
2396693
3089040
3323361
3312955
3297336
3320815
3039548
3256595
2788886
2881095
3336364
3237529
3147355
3088559
3006436
3184908
3677028
3076620
2902919
3875811
3166893
2786449
3383119
3334970
3474305
2910928
3384714
3266049
3234330
2897635
4079696
2936372
2698732
2796795
3733578
3436432
3323402
2636067
2568890
2705259
2807502
2991769
2895961
3085411
2899079
2730942
3257969
3532620
3017091
2734501
2791472
2889576
3944432
3092549
3521402
3083937
2731845
2916793
2863811
2600058
2811412
2663706
2910688
4318078
2668217
2734360
3024029
2734671
3241568
3171946
2666442
2844825
2869887
2614454
4231834
3248305
3246090
2982627
3182422
2999328
2924472
3029112
2958366
2833316
3385616
3143465
2734381
2982356
2685770
2615346
3030916
3066695
2541823
2832575
2859972
2664798
3862528
2814800
2793918
2813266
2973233
2827001
2848654
3329867
3140227
3669741
3792745
3186522
2853326
3330098
2876523
2977303
3172357
2874258
3458717
3132318
3736907
3123586
3954727
2812394
3196627
3196547
2925635
3223263
3369857
2952642
3053141
3172176
2752064
3924502
2783011
2805918
2770370
2969163
3127827
3765849
3480972
3295482
3038755
3815271
3346278
3402447
3258410
3296475
3087416
3080630
2564730
2667846
2813226
2722240
3588218
2638442
2752696
2619124
2682411
2574584
2766961
2928251
2752075
3007828
2814961
2798419
3501673
2900662
3112929
3012770
3186240
3037582
2935689
2577731
2811662
3200416
2584479
3745939
3551176
3012681
3191905
2912081
3112338
3241819
3536900
3245317
3777637
3843480
3493001
3498886
2781567
2990746
3599375
3431419
2876303
2780916
2649991
3156557
3410968
2809958
2610654
2521533
2661449
2819070
3046625
2758841
3018656
2759412
4127305
2954786
2668036
3192616
2639605
2937595
2777106
2614633
2569612
2502064
2738681
3417845
3287863
3003789
3138242
2925454
2819933
3161590
2664968
2699784
2795993
2606533
3638372
2788384
3046664
2691443
2742280
2894086
2891600
2850248
2622864
2964762
3031748
3625911
3548610
3350077
3039055
3430265
3467228
3041161
2598203
2729999
3330659
4442937
3274720
3110282
2714290
3186702
3142532
3255472
2369255
2514014
3291010
3056048
3572949
2718901
2933243
2736094
2914277
3047878
2957854
2665309
2613511
3546815
3841727
2692136
3171244
3235483
3953524
2639876
2798911
2881194
3204386
2881755
3046885
2896111
4727423
2935429
3153730
2971398
2957404
3072579
2912702
2655946
3413564
3104298
3685348
2716807
3359550
2757217
2893756
2872433
3245087
3246911
3509652
3566874
3458817
3102453
3110292
3278500
3411189
3008650
2865264
3256545
2912612
3903369
3143475
3016651
2817516
2922537
3480641
3217689
3078624
3425013
3498565
3593641
2687845
2672808
3393004
3171545
2909906
3037342
2760836
3043296
3289647
3534966
3183784
2519818
3129531
3419298
3882567
3026325
2888372
2600027
3162842
3052048
3030555
2486415
3221889
2909775
2942576
3699213
3837706
2884642
3069872
3230401
3292574
3304213
2872182
2807722
3138844
4012570
2913585
2603065
2818108
4410656
3114453
2935790
2846619
3029722
2917354
2921755
2525983
2597480
3061140
4846197
3113451
3049732
3218450
3169781
3302529
3230521
2755503
3340363
3653239
3191835
3361425
3123265
2903159
3208426
3228014
2823952
3097671
3697829
3764605
2918206
2881104
2810900
2644206
2822097
2651003
2755974
2754991
2710030
2640377
2851781
3033692
2775602
2830187
3053221
3034836
3288995
3297697
2860744
3267613
3007989
3291502
2583025
2828062
2894547
3446736
4687855
2893876
2646853
2553662
2676346
2582333
3807341
2955999
2849395
3128348
3569632
3349505
3438296
2943770
3663243
3183464
3745758
3366628
3277648
2969252
3052169
3730871
2674321
2803652
3070704
3761788
3375942
3160427
3080679
3620287
3212637
3354969
3013082
2922277
3509372
2706391
4036188
2712646
2813987
3268033
3513963
3446867
3185770
2971809
3413214
3032079
3755793
2868322
2798539
2811361
2791121
3027728
2940521
2504801
2549231
3540660
2665689
3661318
2882798
2628337
3619174
3288805
3273436
3467527
2805727
2651915
2797888
2871640
3004279
3731653
3110392
3220375
3340443
3395820
3414897
3583806
3180456
2580158
2723152
2750279
3798178
3340323
3065731
3247352
2884633
2985282
3455367
3576137
2946115
3124266
2808363
2983779
3881113
3291251
3028489
3250048
3414606
3160305
3364091
3422195
2784494
2941744
2993603
3169569
4049711
3131114
3331030
3198912
3212475
3414566
3059175
2641279
3077380
3187543
3405875
3831450
4222991
3817746
2907539
3974324
2783111
2863159
2972330
2869866
3626422
3032609
2787010
2673580
3202210
3379810
2923368
2469885
2492851
2756836
2815662
4442054
3081089
2635575
3771922
3129460
3235903
3721367
3174281
3657559
3405784
4231312
3205719
2890847
3442636
3214260
3642712
3549842
3746399
2705378
3370497
2959147
4395669
3052208
2872242
2984941
2511367
2866137
3474866
2699414
3539125
3158852
2982856
3587435
2854176
3136106
2989352
2806338
3082132
2938747
2830729
2932852
2766951
3254109
3919659
2827140
3339039
2891259
2997763
3311451
3238911
2681449
2602192
2960711
2910317
4698400
2710351
2806769
2799441
3239202
3212986
2953494
2526765
2799472
2678291
4117620
3006194
3569341
2940662
3220054
2875991
3126502
2816795
2869184
3181398
3550002
3515356
3176687
3098783
3217237
3263592
3470595
2768294
2859019
3062494
3254149
2714420
2625630
2845997
2721458
2606152
2757587
2858218
2692516
2503207
2688877
3174882
4020318
2897635
2668757
2792584
2691735
2672777
3193819
2829566
2740305
2649920
3561651
3420632
3378717
2766579
3012650
2944130
3427338
3515947
2980099
2584629
2677148
3368152
4068879
3191383
3341696
3065872
3149208
3183664
2963187
3076388
3442676
3253928
3823661
3198911
3089219
3267993
3023367
3200666
3299992
3121510
3279952
3308513
3410666
2623695
3541110
3080338
3026073
2881715
3525632
2918657
2982084
3258720
3289075
3341515
2731182
2731343
2730771
2848794
2724114
3317886
2864252
3357445
2748745
2783812
2775142
3053972
2670442
2724877
2717989
2839150
3072178
2916151
2547537
2528058
2731573
3114532
3426245
2613902
3105009
2932180
3934746
3584237
2845135
2824724
2905464
3156667
3331431
3239583
3203162
2844964
2999487
3578984
2981704
2524219
2571255
2815491
2774840
3584759
2615345
3025392
3001262
3219002
2840824
2940351
2575687
3289015
2918136
3779942
2994916
3275482
3142492
3123224
3082312
3456130
2623736
3100628
2687433
3495869
2905374
3127715
2993191
3124798
3177348
3083596
2604668
2796173
2883319
3153629
3507808
2573431
2708034
2697399
2697027
2694461
3059416
2737197
2707332
2851139
3263522
3648487
3243192
3754329
2822218
2959298
2814118
2989964
2902026
2884974
2803221
2805626
3779982
2670792
3348523
3477111
3302518
2998524
2970535
2703282
2547206
3216986
2603556
3293416
2890667
2754209
3251983
2996719
2813385
3406095
2900271
2670180
3014013
3016108
3198961
2814367
3530433
3092888
3390737
2984820
3101038
2624186
2707854
2893474
3022474
3101901
2650221
2965212
3512760
2991387
2509011
2778349
2562413
2782850
2766018
3737526
3159243
2685418
2675013
2882105
3119544
3219602
3316543
2698060
3547375
2947629
2977392
2856051
3151323
3050052
3123705
2997121
2920491
3055757
2983207
3408351
3196315
3183613
3182080
3116467
2548779
3263572
3344372
3384210
3159714
3229668
2737457
4011456
3256935
2757427
2785306
2966224
3040388
2872091
3497101
2609630
3037250
2857114
3446536
3268264
2775401
2819601
2730099
2639815
3038895
2924581
2796253
3019606
3394987
3550242
3076908
2485362
2913474
2744966
2796313
3195964
3297716
3086713
3181128
3651393
2787251
3683072
2727473
2638271
2631524
2658512
2759462
2653499
2800182
2487628
2699794
2582694
3004208
2905173
2593059
2684677
2733096
2714269
2692786
3441323
2391209
2448541
3023848
2546033
3354156
2897815
2728795
2814528
2707573
2798529
2702110
3451648
3373334
3150682
2945914
2962535
2755371
2562574
2866568
2767351
2936411
2999106
2569851
2654381
2619485
2746911
3330989
2498856
2931448
2673900
2671203
2825045
3046544
2628437
2752334
3081961
3060519
3416350
2547597
2798839
2842978
2805716
2718340
3020620
2735282
3023457
2884201
2878537
3171804
3233016
3030955
2716204
2958465
3068949
3414666
2916161
3041391
2765376
3842888
3832021
3569901
3075194
3194050
3384291
2967477
2772694
2778259
2639294
2998825
2579756
2376703
2351881
2594653
2505071
2727783
2619765
2999246
2790799
2767723
2640797
2660646
2602272
2498715
2421073
2505222
2920300
2381855
2435419
2622392
2429845
2588939
2735172
4286047
2753116
2745908
2474224
2528961
2363560
2334659
2908802
2787612
2619795
2718029
2536328
2567315
2648406
3923999
2914486
2613961
2888021
3167564
2521131
2476189
2940651
2727994
2451839
2370076
2467387
2813555
2550884
2446485
2832222
2451288
2448892
2399590
2319721
2658020
2692035
3601238
2838568
2493743
2832984
2620438
2383409
2411890
2477993
2499306
3446064
2531878
2485482
2571366
2618643
2786318
3571244
3144617
2665950
2583175
2725037
2578283
3080748
2991747
2755933
2704906
3486023
3458144
4316011
3143855
3138752
2862608
2857515
2776354
2692646
2876813
3436881
2601380
3293356
3182631
4048538
3421543
2950376
2810929
3740774
3362597
3067205
2749297
2994214
2641930
2501122
2817636
3352873
2791542
2739612
3287220
2872532
2615585
3213177
2996420
2959127
2589971
3519175
3105138
3240725
3039556
3157829
2962545
3188957
2866136
3260504
2917594
3033882
3114371
3744263
2890667
2783160
2569320
3388471
2984801
2607655
2486234
2548228
2463117
2475628
3803360
2783922
2706901
2439699
2354377
2316854
2676605
2837505
2498204
2879058
3598391
2608076
2407970
2408100
2901735
2596858
2498144
3101880
2594062
2951728
2527617
2633128
2577891
2946205
2683894
2675984
2512469
2771040
2904812
2983838
3022895
2743331
2934244
3774598
2746810
2934656
2797897
3185057
3798548
3162461
2676195
2934455
3619313
2744515
3402014
3330197
3753897
2700004
2774939
2766559
2682480
3006343
3057841
2369976
2939187
2930656
3321264
3171985
3146611
2736534
3270197
3593479
3200054
3302097
2652386
2430786
2497411
2537933
2543817
2775341
4042783
2634792
2698711
3470284
3897292
3147002
3058121
3766698
3002333
2527696
2945402
3093640
2528629
2518203
2821856
2771291
3595996
2627795
3231923
2980780
2492540
2586723
2415238
2591665
2476159
2548819
2465503
2589660
2601028
2514555
2420952
2499517
2483016
2351991
3021922
3009231
2377465
2380041
2494795
2329816
2415258
2303430
2301676
2600948
2896521
2455087
2423659
3182200
2591445
2803220
2892622
2430395
2425934
2601761
2382787
2563916
2839309
2800173
2581069
3075024
2846467
2567244
2745607
2491918
2458746
2775993
2608407
3326076
2896701
2959527
3047295
2717347
2607124
2880822
3670300
2863830
2624577
2695212
3606141
2782489
2578322
2921613
2987367
3045471
3055876
3072607
2600276
2882055
2969382
3850486
2540709
3389884
3040007
2621720
2630421
2893083
2883228
2900842
2595444
2828753
2856301
3814647
3338397
2828774
2578543
3279100
3280674
3306869
2984760
3094362
3615273
3491606
3449613
3270669
3330347
2931768
2970815
3166320
2480409
2662762
2671814
2939517
3167914
3878817
2836071
3315780
3473181
3077931
3287791
3115444
2776272
2760674
2463408
2665288
3010524
3530453
2957122
2999116
3429573
2876943
2967447
3053871
3222660
2484320
3214028
2994103
2955768
2621991
2660556
2724675
2983607
2855059
2711091
2884712
2732685
2790148
2676796
3177818
3301676
3015095
2950645
3061260
3628627
3035776
3219632
3735020
4251932
3281516
3209016
2755963
3032859
3146110
2902556
2439849
2615795
2738970
2741476
2972961
2814868
3196856
3022895
2940119
2796222
2867951
2625911
2588507
3118621
3288393
3519365
2626481
2877644
2998414
2619033
2536709
2843620
3233898
2921995
3002083
2850478
2955026
3034534
2584678
2489362
2592157
2928120
3404120
3592416
3079314
2789596
3713185
2989882
3021330
3394245
2995616
3622501
3642922
3493361
3312542
2824333
3018273
3140556
3380963
2456179
2971797
3333595
2679894
2514534
2697066
2444862
3539526
3686500
3399919
2695533
2746880
2503647
2520539
2356562
2357866
3337936
3031366
2603725
2797946
2722810
2443077
2382296
2624006
2495758
3891708
3725145
3243211
2883519
2905995
2635053
2788974
2673047
2474174
2791691
3481280
3044568
2820643
3234800
2956861
2752564
3010834
2856632
3710119
3314899
2695804
2652917
2718309
2664757
2689157
2834789
2892090
2514484
2897133
3289004
2947186
3143123
2650140
2534774
2601539
2841614
2839469
2793937
2916701
2713126
2628526
2396010
2582832
2694720
3339098
3599473
3123324
3411828
2900401
2573279
3063935
2824813
2811380
2576718
2478124
2516358
2745987
2763922
4185817
2775981
2721477
2642932
2561521
2579655
2563987
3427507
2632858
3075063
2820783
2938795
3034312
2524819
2522794
2930465
3010624
2561540
3186700
3552296
2759020
2689126
2554823
2979677
2947187
3122561
3461311
3116336
2781315
3096296
2640446
2527616
3006032
2733477
3679833
2559175
2862065
2970554
2926846
2958945
3277906
2920791
2930054
2555666
2669718
2856872
3837033
2779269
2853023
2559946
2930033
3018774
3124987
2814327
2594281
2855800
3194520
2607304
2914857
2706449
2633929
2915488
2910525
3043334
3968869
2659884
2548859
2979616
2919888
3998803
3431747
3220343
3584035
2527927
2791781
2928580
2732363
2567274
2903919
2610321
3905703
2864291
2950836
3053520
2940509
2959948
3109148
2553941
2833936
2932470
4179903
3141569
2755681
2803229
3409402
3197356
3140576
2577791
2854116
3749095
3540969
2829896
2783711
3024828
3191121
3456108
3200284
2624677
3273706
2768534
3251511
2929713
3011435
3144535
2708965
2796242
3399347
3141618
2680185
2998594
3338827
5014882
2790358
2912872
2976810
2741506
2894896
3028979
2740394
2816272
2881424
4421060
3319830
2981031
3155303
2779330
3229436
2823128
3199953
2804352
2602542
4490592
3130441
3184024
2955056
3183302
3200263
2898306
2503206
2982795
2931768
3418725
3482613
3264022
3428229
4215350
3577680
3462965
2802147
2861454
3493702
3594441
2837183
2707513
2928711
3095935
3121719
3008658
2753195
4242568
3391588
4203541
3068346
3001231
2863008
3357985
3036919
2928961
2572387
2777255
2656516
3033821
2867018
4181998
2775932
2680064
3282738
3003626
3026493
2844071
3479065
3132726
3265184
2948058
3404179
3202339
3388290
3077139
3359820
3048758
3213185
2516147
2700414
3065660
3154019
3294177
2652957
2804082
2784704
2845093
2891909
3495787
2712775
2965381
2763040
3138521
3079775
2573520
2420039
2842367
2823420
2705758
2770458
3122430
2860271
2500278
2546232
2846567
3102651
2518033
3559234
3305806
2717226
2516168
2539886
2928730
2879719
4465250
3189247
2562814
3049701
3517430
3099143
3241446
3115725
3009922
2570322
3098481
2756213
2694981
3379849
2649087
2783621
3792723
2352081
2529160
2587144
2728073
3190750
2590452
2632827
3036528
2959386
2461903
2697608
2816673
2941562
2712715
2763841
3016879
3650630
3090772
3159413
2603304
3467226
3488929
3621258
3419608
2612196
2882846
2631203
2779932
2849795
3030232
3022713
2679774
2766148
2802859
2614341
3622160
3320210
3097639
2891890
3141468
2803571
2853354
2686730
2955567
3332201
3124787
3764091
2962163
2919498
3203793
2964268
2749717
2847077
3202308
2806447
2571394
3011466
2701757
3127553
2870576
2472358
2722619
3118160
2568497
2974574
2960268
2717887
3235070
3031685
3817474
3039164
2700795
3203321
2744473
3296672
3126300
3050041
2525852
2605178
2873653
3925241
2787851
2700093
2694249
2655113
2662760
2886626
2784011
2415458
2524989
2908790
2829704
3130731
3315800
2899728
3184946
2686470
2886225
3481090
2816101
2564768
2905954
2897362
4229183
2951216
2716805
4499685
3163833
3163783
3592967
2975747
2420681
2700865
2617058
3361222
3123072
2709267
3022101
3245445
3326105
3305996
2979707
3271740
3211772
2637849
2884611
2582572
2795731
3608526
3272091
3325383
3601598
3527525
3313835
3607372
2693477
2593429
4328500
2978132
2943717
3072546
3949811
2837284
2659653
2993110
2687162
2705256
2702790
2583474
3248372
3214860
2765035
2729597
2816532
3086271
2856933
2646240
2711843
2945722
3389232
2746438
2771441
3015575
2976829
2804121
2621770
3046712
2614301
3057750
2780794
3070973
3474844
2497110
3012588
2860772
2888731
3136746
2994664
2927928
3214008
3324080
2952719
4023344
3007816
2830056
2930876
2905433
2785776
2820933
2804633
2727541
3242528
2536689
2903598
2793646
2672766
3090511
3419346
2881774
3028067
2830477
2797374
2823068
2970414
3423146
2683382
2931879
2902686
2778929
2786959
2948740
3115402
2728895
3043224
2564728
3545228
2805806
2536538
2715061
2614501
2908048
2547224
3209797
2808783
2397914
2563304
2779390
2666450
3106661
2798888
2762959
2497882
2518202
2610822
2373053
2534723
2826216
4401712
2944269
2426375
2594572
2811369
3436138
2887428
2704594
2738649
2627934
2559154
2643513
2654781
4042401
3378947
3149497
3283550
2602461
2694278
2506122
2766167
2975376
2457502
3612976
3104576
3224614
2641909
2353104
2560969
2596597
3249145
2631944
2826957
2845945
2734890
2600787
2401673
2823390
2664806
2646340
3776563
2830777
2513070
2816633
4817322
3345233
3089318
3050863
2534462
2928700
2598271
3152124
3735540
2851950
2580216
2857935
3024016
2754388
2770348
3443306
2578723
3277996
3059244
3408028
4318386
3482012
3102281
3109458
2959728
3190890
3637949
2895859
2737426
3314878
3213717
3900449
3104276
3493240
2836712
3140124
2593730
3158319
2856592
2655874
2540839
3468067
3577830
3222478
2743621
2734659
2832662
2866987
3491585
2997220
2878596
2417663
2554082
3585839
3652293
2694991
3369533
2608517
3041129
2916179
3060767
2510734
2431808
2691713
3031245
2823108
3243020
2774488
2636666
3476789
3072787
2809785
3065519
3352411
2519145
2972679
2738409
2620847
2582001
2569069
2558823
2434736
2420892
2486173
2735532
2410124
3003224
3004087
4261003
2821775
2846977
3164445
2934735
2928279
2818006
2868511
2541571
2433462
2888350
3095684
3323469
2664997
3191181
3510914
3457982
2725396
2565379
2679562
3405111
2713396
2712544
3291288
3464829
3743640
2818396
2713827
2914565
2866997
3246788
3161196
3445381
2794126
2858797
3120205
3547995
3456047
3105578
2908350
3024638
2922314
3149527
3423015
3102771
3215792
3320751
2820832
2994543
2772622
2525430
2994884
2780673
2833584
3644534
3221215
2668756
2651773
3112014
2608195
2910996
2700634
3148555
3620123
3827587
3172695
3546962
3127973
2915998
3318496
3008838
3872269
2794517
3079855
3134891
2935818
3665827
3548967
3063133
3213094
2867678
3327588
2786017
2817133
3178569
2966373
3012628
3031053
2786367
2413743
2604596
2664435
2919938
3278227
4679309
2581900
3733424
3157547
3194128
3393822
2845443
2642289
2622711
2992117
3192835
4308901
3272271
2538061
3244843
3026733
3194358
3350475
2929722
2653027
3039354
2599974
2665918
2960048
2705887
2461893
2631523
2985391
2910715
2649949
2807490
2694850
3509158
2918704
2682008
3289154
3007375
3067705
2872771
3115914
2867007
2679231
2501431
2903698
2779189
3333032
2978163
2448128
3780541
2827068
2869293
2613669
3026452
4011183
2875467
2811098
3106681
3885912
4243850
2787289
2845052
3199622
3273033
2939657
2858365
3542120
2985260
3198870
3169306
3008638
3732462
3070551
2582272
2862496
2999315
2865844
2661849
3061569
3388680
3097629
2790818
3524577
3308822
3703350
2794658
3040999
3037089
2991325
2935778
3263380
3127363
3410685
3080516
4340650
3397232
3405001
3090170
3925300
3223310
3356390
3074190
3572185
3703771
3381071
2723992
2759691
3909671
3110872
3161487
3140234
2544668
2844922
3229114
4457048
3641577
2966173
3108836
3356951
3707140
2964669
3037098
2793875
3712032
3508296
3288080
2882916
2782026
2810557
3476387
2843248
3199231
3168935
4802685
2596275
2787740
3203401
3450634
3167622
3455175
2762338
2933552
3047424
4028215
2642349
2462875
2675292
2442444
2871377
2649537
2899277
2573288
2724213
2855328
3346415
3245545
2863418
2782368
2628716
2842456
2676054
2909061
2711220
2524418
2753977
2830928
3319759
2748664
2505160
3267539
2885934
2688955
2753956
2809134
2745836
2712343
2795199
2597980
4023954
2512107
2679121
2724544
3334717
3320471
3335026
2563013
2640655
3828520
3606209
3315138
3190088
3294617
3184323
3391337
3077148
2876832
3406173
3301654
3714197
2904189
3286527
3099604
3049850
3193666
2796582
2619062
2461100
2712995
2949381
3162930
2915887
2577830
3431667
2850707
2872480
3330465
3085719
3432970
2825283
2496378
2680434
2518964
2741145
2503957
2587384
2530844
2639663
2564386
2839558
2619102
2878244
3144806
3025219
2723481
3496938
2641978
2769475
2547224
3054412
3931675
3233736
2983536
2847949
3299168
3091103
3036808
3171702
2663052
2837504
3754336
2511697
3130610
3139833
2666830
2797284
3126731
3596424
3156204
2693406
2561189
3225204
3224904
3177767
2843609
2597639
3158058
3085248
2674960
3346505
2743099
3121708
3848008
2884420
2785655
2712815
2817303
2495105
2948609
3054802
2855949
2906044
3004136
2961391
2973731
2938474
2558883
2640876
2770437
2681887
3083362
2756953
2696483
2617638
2759189
2876319
2746437
3555773
3410745
2806396
2485471
2770056
2761936
3781283
3201476
3691120
2972488
3419266
3188834
3236031
3282306
3065458
3126590
4006170
3250717
3354314
3582530
2476067
2873141
2605538
2575113
3276290
4292129
2915576
3060255
2995876
3196934
4014672
2949230
3419355
3213545
3271740
3133588
2922885
3147221
2841293
3021720
4164613
2731881
2577178
2860370
2713055
2833594
2926875
2857172
2749114
2887747
3068586
4321451
3075724
3599763
3563372
3146299
3309434
3393862
2785444
3621437
3136053
3676534
2585228
2722228
3313714
3453049
3401521
3231891
2898003
3662288
3735880
3093007
2621819
2963285
2956227
2817163
2752222
2757174
2637658
2807880
2847578
3298496
3105006
3001651
3360871
2721285
2580035
2852129
2701958
2995595
2724383
2668214
2595063
2561670
2498042
2396149
2643423
2445953
2493410
2658970
2787118
2620405
3578069
4232421
3184413
3278978
3811047
3689586
3320831
3560466
3133226
3085498
3639591
4797372
3056967
3081408
3763769
2572346
3184583
4111190
3040165
3034211
3924126
2947697
2579785
3666428
2963696
2628275
2622210
2710499
2654099
2528598
2661958
2579354
2725436
2549971
2708203
2633006
2617086
3025439
3047324
2636515
2768221
3302516
3030803
3178398
3043353
2661326
3298185
3498422
4476907
3288793
3114269
3618339
3801914
2720443
2718449
2459426
3141978
2767429
3003204
2684143
2739119
2700795
2567173
2696503
3362705
2980197
3863597
3190970
3236112
3104675
2913672
3564937
3332961
2871738
2764994
2985300
4770304
2880429
3269804
2854646
2728463
2658630
2866937
2806867
2957440
3113206
3452056
3078570
3359377
2683512
2812040
2661918
2983385
2877393
2887577
3206468
3040095
3434904
3754166
3791027
2937170
2961010
3497930
3185195
3405151
3070371
2845413
3091343
3301062
3535102
3800611
3336891
3732993
3109066
2876229
3012387
2951456
3329614
3613236
3503053
3384179
3254306
2553328
2544066
3922452
3016727
2680294
2706299
3540967
3669666
3181987
3338245
3465139
2555083
2948469
2695812
2576226
3105116
3792099
3201746
3209997
2745636
3496688
3254156
3332050
3155281
3510381
2979496
3171521
3410163
2633076
2681788
3026121
2903266
2812221
2477010
2680344
2800742
3217846
2797063
2854235
2804813
3163461
2410264
2559584
2419667
2716393
2564216
2464118
2649658
2621027
2383177
3309363
2727260
2667713
3081578
3519544
3922162
2839268
2819569
2750889
2801123
3601817
3256853
3529799
2949691
2855748
3444517
2833894
3874183
2965701
3589277
3741213
3333493
2983023
3264601
3007444
2613367
2749475
3268040
3252432
2655331
2545118
2853954
2762668
2663783
2727229
2355849
2634610
2716624
2842886
2777364
2523605
2354055
2713064
2598220
3106650
2532888
2613678
2681386
2389813
2542552
2653777
2682057
2642721
2989740
2782035
2562161
2691992
2755941
2564026
2677707
2599453
2828600
4669453
2575614
2598841
2555163
2621988
3042621
2704032
2601808
2760853
2660053
2856300
3599131
2935345
2630760
3881030
2720693
3132644
3611862
3252101
3617707
3330976
2939436
3298927
3352179
3711268
3086460
2822375
3099733
3430392
2948889
2840320
3339307
3455124
3167240
3471324
3192904
3404208
3059102
3090199
2842014
3091452
2700333
3131381
2974964
2636896
2568596
2797203
2827157
3187811
2900720
2638259
2775359
2679201
2651632
2625398
2874254
2632335
2492588
2848330
3116133
3101838
2692904
2784552
2655922
2926533
2953451
2743761
3127071
2755339
2679492
2785163
3789242
3212833
2866344
3623381
3293844
3225404
2896770
3382894
2956628
3800119
3972166
3391014
3190708
3061297
3420327
2973229
3024887
2962543
2896098
3545788
2931737
3582028
2753865
2534171
2589919
2986702
2946554
2966473
2916338
3089217
2670278
2726979
2757334
2875036
2662740
2654620
2487224
2444448
2385262
2645196
2977510
2555875
2576556
2962402
3662599
2959535
2570470
3001138
2633006
3211390
3003986
3396097
3217284
3234658
3191159
3465760
3771478
3014221
2680654
3591622
3074340
2899226
3581076
3017349
3472266
3350605
3276892
2681426
2604275
2716894
2859257
2686148
2888409
2707511
2502723
2734127
3411907
3069668
2748502
2650961
3120695
2678378
2898674
2429772
2469481
2620004
2631653
2436830
2466303
2307670
3121096
3237063
2706689
3795718
2725345
2805825
2693145
2474935
2827889
2883678
2649186
3385812
3374203
2903517
2869001
2716644
3358905
3387817
3066140
2675672
2806647
2619182
2520517
2597909
2745535
2532627
3508826
3079944
3328169
3611903
2875287
3089588
3573959
2956478
2914093
3074501
3073478
3208202
3838384
3238096
3049087
3087462
3079863
3079493
3085177
2603052
2776241
2705316
3155521
3218458
2463566
3453640
3171872
2525490
3921450
3109948
3421691
3151722
2790898
3846694
2880068
3025349
2922593
2911085
2680563
2974532
2919135
2631433
2469019
2416128
2948248
2890795
2887567
2818155
2855738
3248361
3625005
2746006
2894505
2492007
2536376
2733876
3006061
3496206
2861282
2651653
2785123
3721976
3471895
3470752
2900490
2970913
3076586
3073739
4007533
2848400
2988226
3107983
3024968
2992197
2872800
2906173
3018933
2959615
3034281
2871768
3732251
2609788
2619262
2864249
3042702
3108124
2770758
3902042
2981008
2636234
2837723
2662278
2575965
3032887
2734077
2535524
2651852
2810355
3423033
3425309
3181485
3403184
3474853
3308530
2720393
2561499
2895787
3114610
3164102
2761745
2558110
3169725
2668694
3582299
2724382
2425021
3796379
2913932
2417902
2455305
2568035
2548206
2310526
2357843
2706248
2643351
2455816
2287520
2416810
3657575
2641647
2511244
2939235
2558541
2348782
2215461
2635151
2538171
2452088
2409031
2508306
2558080
2603984
2988236
2710057
2376550
2415326
2320411
2628355
2806876
2519434
2986903
3707008
3382293
2989560
3845852
2878865
3489529
3513538
3193495
4224670
2895647
2802606
2999434
3430311
3375115
3006301
2801774
4285210
3344268
3396929
2684774
3294515
3133928
2646730
2982131
3019524
2676313
2955325
2914634
2828721
2738447
3114679
2714908
2946763
2926403
2461460
2719941
3004136
2959114
3109748
3533187
3596403
3095863
3396799
3463695
3621616
3140995
3405701
3358273
3399304
3483153
3168693
3113617
3021098
2949289
4275025
3374433
3244862
3002061
2971685
2663201
2447245
2636244
3709494
3185536
3564093
3104735
3077919
3359757
2846826
3231981
2763659
2634078
2720162
2849633
2800391
3440327
2761755
3064225
2700794
2907596
3041328
3219881
2838655
3497448
3569347
3104394
3274054
3211810
3017178
2985178
2820500
3301161
2643040
2633777
3205013
2594249
3868127
3163771
3177575
3231189
2871758
3151741
2911235
2711731
2736523
2932347
3322073
2718137
2703280
2698337
2705155
2951365
2946402
3258186
2447737
3200663
2832721
2634148
3600343
2651622
3015604
3080976
2696473
2781544
3159300
3436116
2995564
2938873
3170036
3529969
3244281
3192713
3051353
2574400
2796581
3301513
2438072
2605277
2513911
3079933
3347857
3429139
2834404
3330374
3062149
2700082
3372679
3322475
2739600
2695661
2972727
3392678
3398934
3243218
3163671
3207450
3391846
3013729
3384327
2945801
2978131
2831658
3210136
3639651
3406112
3005369
2906955
2990682
3229223
3089006
3869229
3002632
2594881
2639873
2600465
3228492
3546450
3291719
2738327
2688654
2700623
2505018
2661727
2971875
2879036
3450602
2453912
2334496
2916679
2604184
2702809
2914113
3046561
2421031
2633226
2512607
2653697
2724803
2866625
3306325
2623573
3043844
3951403
3009739
2629898
2757535
3482000
2707320
2793213
3335878
2604967
2536055
2591122
2449711
3303898
2857442
2584004
2699571
3346624
2454774
3289843
3248641
2608064
2779439
2670850
2513530
3313582
2565919
2859858
2421531
2657997
2380209
2619602
2477841
2572416
2596716
2758066
2799428
2834164
2935816
2958602
3016907
3258607
3078520
2904799
3482120
2662690
2870404
2551323
3015644
3222788
2939245
2622580
3896006
2724874
2995595
2671020
3772229
2906795
3399055
2601898
2508266
2808510
2642660
3461128
3614609
2990442
2498452
2678268
2599392
2887968
2673236
3528425
2790115
2628615
2967264
2894113
3230376
2826154
3347486
3183590
3186879
2862976
2692042
3245674
3077096
2710477
3249272
3039052
2702558
2722046
2830956
2639281
2387196
2674148
2448959
2958091
2666037
2907486
2864369
3270064
2654198
2886724
3214687
3225263
3126649
2570300
2791318
2879296
3138789
3089958
2882744
2703500
2932247
3110749
2720853
2752552
3151210
2815117
2613788
2572085
3077667
2668694
4173243
3286545
3464968
3238396
3254185
3410913
3633686
3038570
3055743
2720622
3749874
3158919
3371005
3022531
3564795
3508044
3455163
2712753
2728582
2692282
3420618
3310825
3327848
3199559
3213083
2996858
2764221
3274435
3077416
2653075
2606269
3552304
3139731
3109767
3401430
2997449
3159521
3455122
3419134
3447985
3178778
2565448
2554431
2699250
2963624
4166776
3535642
3095662
2821172
3436858
3027974
3040967
2549418
2766647
2982923
2838765
3590247
2652172
2665746
2635923
3349271
3153185
3113487
2700513
2604475
2748973
2683040
3840819
3138619
2695150
2737023
2820781
2670779
2842305
2695490
2849000
3325030
2878383
3972034
3192051
3186708
2910724
3101296
3000767
4337760
2865812
3500896
3247559
3304930
3868106
2922222
2799718
2974221
2940417
3247478
3042170
3220922
3421910
3098520
3441850
2722448
2760662
3143892
3257803
3036716
3143480
2642349
2755409
2736472
3222487
2944648
2632915
2821423
3403665
3186788
3952225
2709656
2800069
2468126
2765193
2691721
4135790
2666799
2615151
2729625
3234326
3237634
3456938
3182167
2748111
2646659
2873311
2551884
2698527
2611913
2757344
2629747
2650399
3368679
3145405
3296219
3867225
3924065
2858514
3247097
2620264
2609878
3107662
3294905
3534890
2989418
2956788
2943997
3769011
2921761
3272320
3748089
2580355
2574641
2536597
2523704
3880296
2653958
2483796
3537046
3011934
2566099
2606651
2763118
2683841
2548226
2613778
3890121
2821954
3256411
3104634
2615001
2549108
2708813
2785242
3278556
2589257
2718277
2828810
2591864
2903556
2623151
2545940
2445782
2596996
2705625
2656233
3156242
2762065
2706888
2634940
2466714
2611071
3196252
3359416
3162808
3012667
3134117
3594468
2837503
2896508
3190868
3130558
2780711
2441882
2462764
2602400
2604254
2940037
2820941
2703640
2796109
3075381
2713334
3115121
3186086
3391545
3291508
3013419
3375967
3076545
2560636
2896800
2809743
3263047
3749703
3674225
2831307
2960377
2844840
3602067
4059901
3158939
3581496
3397681
2932187
2865913
2867978
2618299
3360860
3360549
3537998
2688011
2739119
3040275
3003905
3018431
3319176
3107992
3053778
2869432
3546329
3887405
3149375
2782024
2907365
2626369
2662960
2711029
3102409
2420138
2362294
3727257
3253063
3732711
2794666
3219138
2860068
3479202
3157785
3464155
2473490
2813392
2622479
2734106
3222787
2741615
2783438
3131882
2940848
2599432
2663691
2937180
2486532
2796280
2457400
3068575
4031752
3340949
3316528
2865602
2701605
3258916
4133323
2900057
3071110
2858624
2637426
2570932
3499162
3390071
2841842
2727389
3295587
3089286
3324889
3312799
3236631
3276731
2825041
3949207
3165916
3262996
3325291
2670137
2995272
3189915
2815047
2924608
3681834
4037646
3380067
3085687
3103060
2897540
2841783
3603360
3105566
3188271
3257633
2800160
3937127
3373680
2858824
2859206
2657426
2961028
3479182
2933650
2607863
3541235
3845008
3928655
3149154
2891576
2821653
2691299
3113696
2780701
2812019
2839276
4199587
2937450
3574428
2947144
2893951
3169765
3265002
3306454
3268921
2677736
2517689
3062851
2814044
3961337
2926292
2685144
2624544
2790164
2547382
2713725
3413219
3303958
2999143
3102559
4024824
2784791
2544977
2952427
2832840
2773904
2933640
2863867
2393602
2413040
2689465
2694467
3963603
3207980
2834625
2807808
2812439
2891836
3452927
2657014
2748211
3337561
5363110
3050941
3546498
3107671
3507442
3974670
2725324
2927756
3037217
2908809
3648411
2686127
2445661
3199138
2785012
3175399
3212842
3581786
2622699
3172302
2826635
3295798
2923565
2472848
2838815
2795718
2743659
3041498
3070449
2694327
2578771
2688773
2619832
4032103
2552335
2764411
2586190
2617326
2788681
2867526
2795858
2581096
2610550
2615241
2694317
2869260
2874273
2720361
3566840
3345270
3104724
3278735
2907135
2803908
3248801
3329331
2926132
2565458
2818745
3510900
3088645
2983814
3222034
2687169
2636654
2438493
2742897
2876369
3782413
2594199
2710918
3153485
3501297
3120302
2745604
3719859
2858273
3300138
3413309
3268530
2845080
2672262
2857221
2981088
3185203
2862934
3446982
3397189
3076875
2932928
3363987
3108053
3431895
3005027
3176873
3634466
2977007
2905630
2995404
3226766
4075259
3207359
4120201
3201835
3080765
3139580
3376518
2752913
2742837
2348490
2428237
2835055
2784640
3855434
3428626
2543043
3098889
3104704
2996766
2971143
2539022
2398474
2447926
2574961
2913881
3131451
3061697
3291166
2990662
2874875
2990361
2982010
2725855
2968447
2923054
2815768
3566699
3093967
2741393
2732180
3371244
3124272
3140172
2521027
2669585
2909330
2761393
3001508
3357511
3162066
3350884
3244540
2725414
3408096
2897921
2438914
3297090
3782253
3226596
3550739
3042139
3185484
3467553
2851426
2847105
3256861
3279988
3095682
2849691
3075391
2594640
3153424
2872228
3027984
2681084
2884829
3033999
2715048
2770325
3050239
2546781
2839677
2711489
4152481
3055311
3160893
3209314
2830184
2730697
3289592
2605557
2678678
2704242
2884278
3769491
3184201
3215980
2522180
2713675
2784962
3011533
2907967
2859025
2778737
3157996
3722385
2908598
3010731
2528847
2819798
3066450
2880969
2850474
2912207
3616472
4248128
2752311
2489800
2848478
3401870
2953990
3907543
2589557
2678036
2665615
2638900
4282021
2968766
2974882
2941790
2761483
2636172
2920087
2666247
2450502
2585266
2576746
3271637
2736912
2612985
2827296
3250756
2682848
2719700
2941589
3107270
2547814
2596454
2710457
2631481
2881260
2415967
3082899
2792250
2584775
2888147
3136111
2524225
2616033
2990410
2928227
4521946
2950712
2803758
3364458
3253913
2834163
2871386
2659159
3272078
2884789
3039663
3038018
2733263
2889611
2653225
2828188
3647789
3710083
2949398
2948215
3800999
3590347
2673836
2959464
3071842
2723419
3238445
2681465
3160402
2615792
2759448
3227397
2831195
4141352
2924998
3572664
3150387
2894633
2935815
2967804
2680412
2723208
3298203
5092700
2948717
2981558
3622617
3423834
3694565
3112022
2982451
2829412
4344295
3113435
3246315
2929219
3251247
2975142
2962481
2695971
3584552
3187047
3448896
3737262
2707900
3472615
3654987
3096623
3529155
2797012
2680482
2711891
2792329
3438390
2880768
2961057
2835757
3502249
3222927
3522679
2547533
2585527
2815317
3414762
3807625
2670728
2823176
3221874
3363605
3253633
2990882
2669515
3203027
2783037
3395424
2775157
2738356
2659721
3082258
2845582
3316118
2793001
2696943
3547751
3532162
2780871
2570270
2663991
2789994
2761564
3859925
3108182
2875977
2949199
2933078
3713152
3366272
3104433
3312539
2940467
2911525
2781994
2740411
2772561
3374693
3300750
2915725
3155911
3225282
3216029
3271056
2614369
2559202
3296279
3328298
3345972
2676663
3211970
3302022
3448796
2947073
3041678
3200781
2822915
3153595
2719981
2661876
2646218
2820219
2768962
2885330
2994110
2771227
2720131
2816008
2883215
2852749
2487304
2932717
2845020
2780751
3240881
2855656
2570018
3436707
3779646
3041477
3955753
3496385
3242275
2774154
2918221
3282925
3036705
3077266
3375675
2957619
3255247
2804500
3352578
3245463
3091441
2935123
2793492
3243678
3355214
3512193
3198646
3003893
3510689
3149464
3017607
3116021
3290885
3029197
3028986
3458320
2897229
2710556
3330192
3244359
3048895
2817211
2819837
3365800
2884609
2877781
3259728
2726777
2590961
2922372
2539764
2557287
2855576
2719690
3776859
3126628
2950271
3866311
3045357
2577788
3168201
3327946
3397078
3683979
3652531
2554420
2897741
2790926
4137172
3233262
3015602
2955534
2929519
3184541
3973777
2858132
2889811
4399642
3441168
2777703
3038670
2929028
3122698
3522770
2868398
2713413
3157915
3283858
2943234
4126556
3095190
3726023
4132109
2888097
3327787
2918462
2580635
3182326
3598146
3127209
3247507
3075511
3440225
3110979
3631188
3279698
3318724
3052594
3284649
2813171
4095850
2769453
2707259
3393850
3116222
3334573
3066078
2939745
2543794
3028114
3837880
3247678
3044203
3535931
3181744
3552162
2958010
2923314
3411514
2950401
3899763
2550199
3416556
3258374
2933259
3257793
3255026
3004405
2640583
2812259
2784490
3835855
2904396
2807125
2735177
3491090
2716461
3244149
3387233
2497379
2976054
2449720
3398652
2840408
2971824
3112462
2878553
2682497
3351675
2795848
2565287
2621275
2689875
2811748
2562931
2782725
2742214
2547091
2832299
2541768
3020505
3088513
3246154
2869149
2707950
3205152
2658608
2838483
3051972
3191378
3305420
3541365
2592284
2720591
2917980
2678317
3922620
2807877
2935283
3248680
3463953
2871345
2908638
2651430
2806885
3081716
4121432
2904437
3571309
2925750
3042288
3032575
3041316
3374090
3158436
3330172
2953478
2553988
2929840
2850393
2602840
3052524
2881009
2620073
2852107
2779488
3256499
2529638
3247266
2719438
3018279
2562259
2669586
3043622
2618328
2758535
2531793
3191488
3338403
2837050
3229403
2631922
2621356
2911193
3032434
2712100
2674437
2559091
2693234
3510729
3074789
2997948
2751397
3032815
3127500
2837360
2722015
2992606
2743037
2467154
2551112
2623701
2940848
3250454
2496867
2842383
2730115
3193835
3384887
2959433
2574980
2506210
2636884
2658307
3295707
2906633
2713845
3018840
2958551
2924617
3418240
3003262
2828980
2757643
2789793
3181533
3191007
2913871
2828168
2797813
2702617
3041536
2995844
2577246
2876908
2832027
2657785
3574838
2711128
2726837
2715289
2721403
2856127
2870293
2623220
2971664
2990891
2811055
3861128
3010951
3038148
3186275
3208941
2978520
3566578
2684872
3923662
2593586
3688510
2740320
2952697
3058539
3291456
3128993
3013457
3078880
2693474
2782113
2780219
3266855
4181170
2804850
3102558
3008946
2930892
3275687
3489476
2857490
2864668
3330111
3138236
3777551
3324789
3083912
3730314
3460635
3405709
2601857
2720882
2936637
2855986
3684911
2635982
2884829
2655580
2671239
2825662
2819336
2724451
2567221
2626067
3072022
3283526
2743699
2777753
2590269
2719849
2525488
3319796
3152852
2819797
3469096
3160432
3542007
2918712
3272358
3089485
3403684
2979764
2820710
2800910
3194044
3501416
3647468
2972074
3243768
2708100
3202666
3126878
2797472
2944015
3422992
3086368
4034237
2720361
2771637
2877891
3138857
3452936
2899836
2836839
3201894
3034760
4074657
3273582
3417819
3239918
3383755
3458149
3400536
2682476
3229422
3612171
2978811
3365580
3007733
2992977
3249221
3067270
3226285
3247276
3188591
3090267
3008304
3544964
2702978
2898362
3172321
2737263
3070950
2744010
2544465
2589848
3583199
3634165
3709301
2910141
3147860
3083350
3240279
3597514
2852929
2610539
2762506
2650207
2575993
2775868
2797021
2495404
2803056
2678577
2923916
2708932
2976916
2798484
2568474
2616413
2797883
3303395
2971533
2521799
2805212
2572976
2936757
3353159
2656482
2683378
3292578
2897579
3225893
2953578
2580634
2754666
2985768
2849030
2794625
3063090
2707509
2411174
2405239
2793271
3046829
3071921
2766865
2749593
2663670
2681815
2772350
2966661
2473479
2718516
2610348
2591130
3108332
2514701
2728581
2814865
2840137
3389568
3130457
3136612
2608955
2622488
2591522
3968774
2674096
2606167
3226234
2787517
2793090
2897058
3248740
2543903
2613105
2720651
3044273
3102658
3849197
2797733
3337840
3004454
2613025
3068594
3053967
2689434
2655239
3049165
2694777
4479689
3085094
3479150
2765482
3371925
2886462
2834132
2707028
2552695
2795938
2973969
3509085
2933840
2603661
2811977
2857229
2846563
3339154
3355013
2769221
2645535
3196731
3576853
3818161
2602148
3268920
2973989
2705443
3287786
3328908
2550951
2920697
2859205
2656251
3271506
3370672
3250615
2819376
2791246
2894903
3073425
2928907
2744410
2489669
2709434
2874091
3820797
3018670
3212600
3148230
2831054
2828980
2936737
3066889
2723488
2749583
2737041
3683466
2906081
3189683
2798353
3058959
3528031
3407132
3027210
2753953
2969769
2803867
3698153
2954701
2822423
3456133
2871495
3466620
3398501
2823015
2493759
2847445
4418879
3495902
3257973
2625215
3741631
3678284
3509256
2924867
3767555
3514849
3345399
3077716
3329239
3458640
2888297
2807978
2817922
2869781
3398892
3315706
3700869
3233222
3389107
3323775
3376266
3463442
2626999
2691198
2845992
2873339
3315986
2651420
2653074
2921910
3497326
3409828
3502749
2884487
2784449
2903354
3630054
2667109
2954190
2841140
2905459
2886562
3051220
2816088
2844317
2781031
2891785
3183999
3571740
2755407
2777803
2671890
3117043
2907184
2961298
3419834
3275425
3195698
3154156
4280095
3048704
2965017
3371164
3532603
3151258
3381017
3002991
3571048
3164932
3566647
3218344
3524773
3026108
2888678
3061014
2755799
2632573
2547161
3074589
3950258
3423713
2737793
2874292
3216760
3320137
3149925
2649926
2640653
2537478
3519631
2938531
3473526
2900557
3194766
3589314
2909118
3112793
3190205
3257081
2764290
3515952
3105465
3706574
3133234
2976676
3347655
3552422
3397458
3095761
2694106
2624212
2614688
2854834
3201212
3194335
2628923
2587551
2417901
2703178
2823777
2619541
2594599
2718887
2542189
2936245
2697133
4157432
2655179
2661735
2727167
2845781
2761251
3476414
2858643
2607791
2878031
2872337
2757231
3382331
2796991
2697213
3064674
2752069
2863224
3010730
3145904
2552003
2908606
2855104
2531201
3429678
2924446
2612172
2750535
2781672
3016053
3033246
3292398
3094217
2866272
3103420
3071440
4185470
2440788
2606428
2926421
2794815
2954782
2642397
3022369
2674467
2574840
2802324
2573045
3203377
2686407
2489528
2601055
2720330
2797391
2821411
2784710
2939904
2653084
2839887
3680289
3927401
2555862
2671128
2996274
2916446
2785572
3487170
3570897
2976685
3132211
3033616
4011209
2952766
3438289
3330431
3060232
3367564
3103188
2532474
2868898
3343444
3529816
3630966
3025467
3347264
2967443
3234805
3459712
2735468
2675749
3023922
3434881
3675036
2846553
3356065
3147729
3466518
3234423
2765602
2729653
3293851
3587889
3906189
2732220
2831616
2762535
3248719
2959011
3349559
2516124
3084573
2576323
3470268
2918622
2437810
3106667
3112391
2838312
3010209
3348606
2605746
2732701
2935022
2798675
3346511
2525908
2834153
3175668
3465016
3242163
3001807
3123569
3125163
3186976
3548532
3098467
3352947
3004724
2707428
3341008
2625626
2845089
3175648
3839173
3301971
3097274
3091911
3242654
3482018
3326051
3097956
3255887
3023301
3951580
2778835
3347313
3070067
3527290
3390080
2814644
2759718
2897349
2843205
4442988
3247797
3238784
3151679
3272508
3101816
3003572
3262062
3337179
3406560
2950039
2689563
2693062
2670877
3051591
3261953
3162997
3118266
3298843
3590566
2897249
2532104
2882802
3437547
3659447
3499781
3509314
2937628
3525685
4020852
2946811
2811777
2868628
2848007
2940114
2995853
2677194
2667359
3102547
3406820
3444755
3129765
3524372
2973056
2959734
2728420
2951664
2577506
2503804
2869780
3304818
3010941
2957467
3553805
3337779
3157583
3412725
2655950
3494668
3201031
3802422
3248930
2629425
3180380
2894962
2908115
3102527
2715828
2869449
2725563
3011361
3492754
3225862
2834723
2755246
3019592
2881400
2804138
3024844
3349599
3122808
2792269
3657923
2590678
2767396
3195157
3042779
2810533
3082949
2811346
2742084
3023371
2937960
3993825
2906982
3389688
3025255
2745793
3062698
3449857
2892215
3519259
3852555
3545354
2806744
2867344
3177913
2936876
2961167
2856447
3064413
3217031
2953278
3876755
3250513
2617405
2587421
2520274
2648743
3340627
3000744
2567792
2985818
3175859
3441858
3745079
3046588
3043160
3131619
2813351
3111038
3092703
3188570
2724430
2700711
3287535
2910592
3343645
2915885
2642578
2514861
2916547
2403886
2519031
2810774
3861718
2765512
2619921
2542991
2567722
2573667
2970470
3082848
2827125
3074006
2959583
2665805
2474381
2508445
2544384
2478892
2808338
2479774
2705784
3401037
3182997
3391403
2958019
3258894
3640871
3240028
2404207
3411863
3088953
2681193
3109565
2885660
3127800
2768449
3286934
2839305
3497897
3626235
2833560
3167388
2960765
3028954
2945347
2913789
2672863
2802654
2882492
2693473
2825822
3147188
3568763
2923453
3670885
3127348
2603410
3717661
3262283
3067952
2826804
3153203
3035762
3129574
3087149
3190555
3210805
2880256
3016864
2677915
2678296
2866142
2690446
2722485
2529487
2545306
2647259
2810533
3524773
3584682
3061725
3636661
3618375
3486989
3341809
2724440
3258393
3289140
3441697
3690343
2630277
2804088
2798593
2718214
2892596
2914521
3051169
2819545
2787757
3758381
3436755
4096820
2834583
2660171
2985116
2701262
2613315
2465288
2691559
3024884
2683789
2894070
2430601
2596974
3241782
3832205
2863845
2834022
3294453
3139889
3029976
2863895
2952325
3506578
2584864
3022840
2964455
2972775
4039478
3383723
3016974
3115910
2924485
2856366
2647509
3724358
2692460
2503423
2513698
2849680
2699618
3888594
3204018
2892336
3252438
3098145
2880676
3485234
3335013
2656501
2686957
2895043
3042708
2621866
3317239
2584764
2747256
2918179
2873359
2794744
2895754
3259696
2902882
3193583
2895514
2782474
2563381
4157951
2814493
3574365
3238714
2947703
3108592
3184800
3593422
3086426
2946189
3132200
2717342
3633010
3162254
3101084
2931493
3123168
3834811
3677792
3198454
2858533
2850813
3804746
3277450
3102778
2889258
2753401
2691167
3567518
3357138
3134366
3184259
2612292
2684120
2992625
3417346
2690405
2603361
2585696
2712260
2636502
2667630
3024293
2703087
2832087
3128401
2647299
2702586
2509608
2626798
2461879
2644582
2513868
2475583
2614507
3156079
2779216
2587130
2954470
2641064
3908925
2958510
2572524
2770073
3148430
2820338
2564604
3284958
3242012
2573045
2506510
2630918
2846171
2981537
3699856
2583109
3343113
3431191
2760109
2756329
2507182
2642928
2650106
2458702
2519001
2375125
2623931
3179067
3182755
3410360
3418960
2869539
3198044
3289389
2871163
2576342
2829670
2495502
2624813
3035481
3080582
3136310
3289249
2767176
3161172
3143047
2938349
3282733
3154686
3470980
3399202
3181473
3039580
2490089
2544294
2419464
2876898
3299405
3963440
3028012
2378783
2783997
2906360
3118005
2906150
3333489
3054357
3366371
3419151
2943242
3481897
3255115
3811763
2646075
2990138
3095590
2771867
3088722
2891073
3124712
2793321
3134506
2779506
2758174
3835543
2840046
2975562
3048964
3165171
2613655
2635129
3008514
4036631
2607661
2791366
3098657
3478849
2864286
2810843
3419983
2826744
2989256
2767266
3229451
2487042
2572053
2672691
2557005
2921949
2763556
2628011
2825551
2619019
2820899
3243957
3362742
2600703
2495201
2710676
3102456
2749712
3126346
2680051
2966099
3561012
2706044
3471982
3508161
2781672
3125444
3608971
3444795
3639316
3573193
2867023
2857279
2942119
2742044
3401348
3050959
2838202
2673444
2432156
2971242
3053114
4190602
2952204
2488686
2926621
2767828
2571832
2834282
2822573
3251295
2590388
3007902
3339303
3457716
3349479
2727848
2682125
2856607
2897218
2879354
2547091
3301861
3669672
2986750
2697533
2902641
2801541
3074898
2980143
2765712
2686987
3119008
3586546
2788870
2758204
3099409
3009717
5075024
3161413
3240288
2841761
2559171
2833340
3397277
2608523
2673603
2893137
3472263
3332706
3486307
2784499
2555561
2634577
2597545
2985747
2918200
2566889
2670967
2858532
3135869
2607751
2671328
2646286
2977246
2698816
2943743
2872596
3252287
2470641
3084582
2686626
3226945
2802924
3799804
2710375
2961216
2811806
2711116
2862832
3092913
2624181
2966610
2539592
2632793
3082025
2809801
2844898
2686756
2654096
2872907
3355332
3651546
2522609
2706946
3130937
3208679
3896574
2631659
2672933
2812738
2883574
2861599
3553693
3354881
2898441
2738194
2984685
3710061
3286302
2746645
2947823
2991351
3149342
2989426
2852075
2613103
2648782
2707107
2979632
3875291
2931222
2693644
3004273
2687448
2397800
2767025
2593676
2511392
2629855
2482831
3099147
3385026
3454228
2763827
3159327
2992684
3016894
2928325
3284958
2558619
2841209
3407542
2650195
3688358
2718785
2635469
3003972
2896155
2786554
3168971
2949507
2671127
2947512
2959101
4546424
3104752
3259576
3434709
3052101
3431171
3285971
2824017
2690305
2806483
2581486
4482044
2786513
3512372
3046016
2986880
3102787
2739968
2530800
2751667
2662487
2668391
3895681
3296787
3318762
2843454
2767757
2881729
3001496
3123027
3060402
2916766
2765351
2721573
3398941
2606547
2930770
2844337
2851595
2747156
2908214
3133422
2706675
2705212
2716770
2816668
3576130
3067219
2570428
3204118
2685082
3124189
3284587
3370601
2688992
2898451
2932986
2767056
3554737
2760188
2796899
2752719
2664020
2577004
2728801
2795596
2340739
3468724
2991582
2764519
3500713
3152390
2803596
2601315
2855564
3087789
3353969
2825089
2807025
3338130
3328335
3916112
2602147
2805571
3705971
3111187
3135087
3026137
2620161
2802764
2850212
2943582
2748719
3464212
2995120
2902862
2717152
2687959
2883715
2806362
2935232
2701513
3080101
2980423
3209552
3392545
2969888
3187658
2968965
3198283
3034999
2554008
2732199
2422943
2551632
3180008
3291184
3671055
2567380
2789420
3104572
3192690
3388796
3103048
2765041
2878922
2928786
2855685
3181913
3648950
2896475
2701994
2728349
2899272
3189511
2448315
2766072
2855935
2728309
4229789
2724048
2810873
2678325
2789641
2706856
2721472
2413880
2618788
2514209
2791907
2659208
3455671
2501016
2544213
2842692
2683468
3214704
2866612
2517086
2594288
3106626
2915623
3163638
3073795
2980594
3020704
3124471
2989857
3255454
2565355
3234564
3302733
3195567
3471511
2559060
3200960
2964845
3044803
2997656
2789220
2665794
2702224
2591701
3391061
3433255
3253470
3096621
3245681
3462177
3271204
3118917
2917387
3173482
3407382
3131649
2560955
2990759
3630604
3258372
4234070
3473706
3596550
3289679
3846118
3080272
3277911
3053575
2777722
2676160
3267114
2914640
2485136
3394730
2811776
4144828
2815165
3133012
3320245
2735547
3275946
2779315
2388247
2607610
3207837
3205832
3610103
2766644
2614477
2635820
2787315
3141874
3585683
2488554
2735847
3137483
2667058
3322070
2752599
2844416
3684838
3262984
2804237
3570114
2746794
2714825
3191085
3037535
3553021
3431952
3138184
3109213
3251836
3178644
2951211
3343724
3067890
3306381
2971702
3782190
2820968
2953115
3573563
3140790
3273640
2838141
2550649
2634607
2761852
2789310
3836364
3146635
3240718
3426349
3217952
3693831
3358690
2723517
3074356
2684981
3815833
3116019
2878271
3425346
3314461
3143628
3193140
3255616
3364775
2845890
3202925
2965958
3215947
2765220
2931041
3073645
3575447
3215977
3594996
2960103
2714996
3585091
2882231
4480880
3318441
3550626
3432674
2874932
3273580
2941898
3247384
3131898
3379112
2790623
3365678
2866792
3156399
2838472
3084572
2913979
3156650
2574388
3522325
3284076
2630727
3006217
2758975
2905368
3086105
2823194
2693342
2708951
2717732
2826503
3668939
2707678
2724770
3445947
2888355
2866662
3084211
3349066
3177291
3176960
3159858
3364154
2808638
3283184
3436232
3226172
3675886
3179797
2993856
3087518
2848085
4095195
4028821
2745511
2956063
2723717
4009863
2940886
2734314
2978679
2646406
3428574
3343733
2951161
2672360
2858892
3358821
3258312
2565967
2740900
3672006
4659904
2897207
2986368
2836727
3368264
3133623
3092521
2999631
2988343
2880225
2493177
2415764
2653754
2465999
2657564
2505346
2600803
2556664
2418120
2614257
3239616
3227896
3140239
2959812
3438769
2597395
2770674
2560503
3087068
3570696
3363302
3155046
2637554
2822181
3039841
3569162
3981312
2557104
3537262
3515580
2605855
2814943
2655158
2357039
2732669
2446110
2412726
2552774
2499141
2465989
2417428
2514780
2619359
2300709
2537747
2473116
2422783
2947020
2562979
2390141
2356288
2422621
2503622
2451914
2390803
3642263
3643315
3195807
4433513
2563289
2412747
2487492
2533055
2842482
2717763
2672029
2650175
2697824
2532153
2753511
2404246
2731877
2947682
2804518
4201850
2876035
3328386
3029114
3025245
2898771
3008473
3146023
2641655
2613324
2711287
2649834
3895169
2839795
2431523
2720750
2659949
2805490
2943903
3476432
3004954
2736750
2638035
2782995
4006234
3063950
2688800
2671809
2779977
2877057
3358490
3450708
2701121
2542128
2445117
2570046
3286902
2794623
3702973
3088370
3718823
3630684
2961156
3106255
2713101
3113152
3061434
2481487
2778844
3398248
3718391
3262131
3305789
3317358
2846281
3436724
3369237
3292246
2946340
2761140
3968642
2714224
2933978
3054698
2909979
2851855
3251986
2684380
2823414
3349628
3323283
3883431
3240789
3314311
3106015
2833038
3387963
3290923
3178404
3497866
3240437
3372484
3392093
3517253
2621133
3171877
2898962
3077935
3336045
3020734
2639037
2686405
3443571
3830239
2994037
3212408
3002868
2717391
2767174
2934820
3021104
2997716
2989877
3474497
3246071
2791736
3503128
3307052
2809259
3249289
3466447
2627909
2453598
2842040
2541896
2787846
2543009
2455211
2427894
2556904
2667639
2364938
2519432
2606005
2613744
2985034
4162933
3272897
2970087
2741973
2735306
3519679
3622493
3335973
2995129
3236648
3212538
3125222
3546777
2587520
3611697
3425536
2950699
2845759
3247214
2807264
2548824
3203957
3109122
3066126
2788678
3362760
3061022
2746453
3238793
3596579
2748178
3180809
2970318
3019781
2770703
3282982
3787583
2785139
2937086
3177522
3234102
3227856
3114095
3173842
2921818
3567568
3119578
2898691
2970017
2672751
2684510
2783626
2686665
2778021
3562775
2995961
2788788
2610497
2653503
3181200
2580161
2942068
2938459
2639328
2726033
3082165
2636811
3733097
2906580
2991370
2730824
3164809
3375872
3348023
3287062
2992583
3206483
2866712
3945474
3239645
3026778
3286762
2879994
3076762
3079799
2504865
2757601
2828166
3309779
3627937
2950639
3001796
2788858
2900465
3008592
3336424
2778042
2810813
3108781
5045569
3154644
2975471
2929166
3245981
3634784
3080982
3134805
2563390
2844526
3089594
3384865
3427110
3359212
3252016
3146284
3424714
3281248
2864947
3636749
3192729
4096237
2891763
3367502
2944324
2935472
3644869
3554656
3075900
3002227
2919131
3735694
4494724
3007820
3352384
3564359
3184017
2769280
2932454
2844246
4360773
3348445
3027149
2886060
2558137
2625173
2804026
2391684
3045323
3376825
3082145
3523298
2933627
3009686
3172980
3055780
3375622
2909989
2607620
2584392
2851344
3139086
3468993
2983020
3175908
2640120
3067368
3038466
3541663
2631810
2606096
3393517
2976172
3665219
2431183
3127156
3032642
3232618
2923171
3103268
2798823
3102706
2798863
3429566
3235495
3185040
2948965
2882972
3188820
4756322
2869408
2620041
2806001
4005633
2937357
2610086
2864085
2856987
2684199
2921938
2785430
2571480
2577635
2879934
3078406
3318771
2633584
2906580
2880797
3161131
3075569
2788688
3499108
3531568
3110155
4098473
2963872
2689462
2861659
2682766
3011841
3472923
2726464
2544804
3127889
2518298
3072993
2776669
2508003
3043960
2624030
2672831
2969626
2642666
2779566
3059429
2593605
3510927
3228407
2766924
3241279
2883744
2881829
3387200
2890710
2634836
2657483
2614457
3523498
3186403
3407250
2785761
2665814
2939301
2867613
2495491
2992924
2736659
4155965
3013124
2856116
2685693
2799735
3021414
3141242
3040461
2697281
2831022
3262000
3327713
2500595
2672570
3278642
2710574
3048592
3102355
3201180
2622567
2845719
2908465
3346951
2707597
3579657
3003470
3254542
3309488
3303484
2772418
3071970
3071128
3384815
2574236
2444826
2749331
2519732
2604391
2996553
2739747
3341006
2910529
2413228
3164439
2956614
3895519
2745291
3277508
3587105
2845108
2590697
2735466
2598797
3384824
2866049
2964192
2963942
3259584
3156198
2551661
2765821
2536233
2435723
3125712
3091016
3502737
3078616
2922840
2846180
3123908
4364049
2696710
2833760
2808236
3958416
2874059
2871593
3348935
3648317
3192939
3086936
2890640
3410838
3104340
3131266
3104170
3591346
3204107
3054316
3071749
3386037
3562173
3214523
3575457
3038988
2801860
3081533
2754743
3950175
3535007
3079789
2929737
3073293
3237760
3103557
3202131
3132038
2986839
3535547
3233028
3530506
3089473
2751997
2753190
2453848
2627027
3305187
3056501
3030927
3305879
2978147
2719627
3149571
2931201
2949917
2956152
2772979
2822692
2975861
2860546
2654515
2403935
2336007
3261709
2526408
3262802
2499321
2711196
2917978
2570337
2580132
2978779
2729411
2767134
2520474
2557215
2554006
2908605
3441475
3021795
2750173
2809960
2557646
3830007
3395440
2853258
2665312
2756338
3737879
2498319
2799074
2686374
2963611
2446390
2461617
2906579
2624932
2763465
2650565
2976934
2832225
3262711
2571239
2621824
2563720
2512273
2874881
2914800
2864406
2770904
2810392
2762974
2701000
3045494
3851229
2716569
3294660
3166564
2748709
2645684
2552743
2761209
3253760
2633834
2572091
2415352
2420636
2502970
2463833
2530027
2444626
2356056
2649613
2400776
2541024
2902299
2549575
2512043
2597384
2410080
2428155
2436566
2712689
2953676
2908424
3247013
3098064
3234081
2643308
2934990
3385817
3340505
2727326
2583098
2862721
2932223
2736318
3049604
3132008
3422237
3307313
2610336
2559891
2992744
3088831
3148309
3225119
2571480
2565615
2924383
2768979
3399260
2855043
2657984
2687718
2756618
3100480
2962749
2972393
2729491
2667106
3676788
3889584
3532510
2849589
2703988
2568562
3048120
3118214
2959922
2452355
2623970
2854170
3073092
3904431
3070836
2740698
3048431
2674755
2870630
2770111
3643907
2943191
2702384
2524925
3308365
3517022
2979370
3114365
2649794
3286330
3109583
2976182
3070866
2658094
2720730
2829208
3096931
2789920
3342880
2948414
2825308
2813820
2795054
3476181
2552613
2641273
2740729
2458360
3108390
3773608
3073263
2954880
3404323
2854611
2881418
2990247
3368715
2964764
3736736
2576984
3294922
3094976
3248888
3111488
3637029
3522846
2562437
3539487
2722163
3975678
2943802
2675067
2849037
2728880
2600943
3203275
2940814
3045784
3597070
3105382
3588008
2996152
3123698
2868816
2864816
2867904
3514786
2773972
2733491
2957396
3396844
3057523
2523631
2889347
2682295
3347973
3449384
2907001
2777339
2505476
2789059
3379541
4021812
3023600
2960463
2957657
2750473
2689222
2860586
2999851
2559901
2448023
2483722
2815925
2779465
4207973
2757240
2557806
2838050
2924635
2508875
2817790
2692289
2537305
2475371
3514325
3569161
3133211
2952162
3047779
2581224
2549625
2697702
3003149
2522298
2832647
2966909
2722794
3886276
2748788
2959060
2971229
3221310
3057182
3031790
2906570
2613524
2518939
2707727
2755355
2837549
2667878
3445485
3453865
2914520
2814381
2712008
2646074
2930649
3238321
3046707
2828215
3064341
2784337
2435392
2459381
2514218
2568382
3147095
2815354
3038065
3074796
2951050
4424319
3031509
2823324
2610135
2803524
2934278
2784959
3392714
2665583
2685422
2613684
2692038
3504100
2730794
2628801
3809104
2874630
2561986
2664470
2908133
2564783
2458369
2553335
3386037
2763695
3630082
2922018
2522649
2501065
2414791
2647738
2622656
2751195
2580723
2596421
2655989
2520914
2584281
2658896
2489697
3471388
2551109
2528844
2642415
2478408
2453787
2516342
2429107
2520804
3178373
2652209
2675336
2836185
2778482
2992262
2425368
2847914
2824867
2483943
3266451
2991349
2570968
2652149
2908835
2755335
2823484
2709852
2509144
2785650
2814180
2364096
3065412
3014667
2646785
3442025
2865458
2915331
3342850
2723476
2597443
2866449
2988071
2529506
2664831
2587439
2569926
3080791
3537212
2787254
2893708
2848916
3321236
3120710
2833569
2531149
2593434
2495822
2763334
2702253
3274240
3108349
2855132
3249859
2472074
3523026
2938598
2817659
2670715
2604772
2809770
2836446
3132890
2963039
3574584
2871182
2800056
2889257
3125602
3090856
2505155
2743726
3204337
3938817
3054406
2525025
2921376
2667648
2832115
3183094
3425304
3566073
3204367
3107116
3105162
2590707
3027128
2895431
2574717
2915602
3218904
3251754
2811434
2835463
2909367
3617300
2859784
3320254
3055519
2829017
2823202
3262390
2541815
3613149
2893567
3445905
2721972
3207896
2975380
3064441
3275092
3258982
2621614
2687737
2890359
3019489
3106384
2955340
2484213
2667908
2496423
2570547
2850270
2413448
2993896
2542287
2657443
3264656
2989936
3841756
3425535
2809679
2810963
2660991
2869427
2729040
2588773
2690394
2842982
4740803
3291613
3053222
2856555
3211354
2758333
3008402
3912481
3233850
3295714
3107938
3139667
2686134
2971731
3205039
2933175
3169742
2869849
2708479
2553986
2424145
2954177
3432101
3346600
3005474
2800747
3050667
2638335
3427851
2753299
3543346
3743933
3335532
3435390
2913416
2962277
2961455
3380764
3365566
3098294
3259925
3023910
3497644
2676389
3003530
3369896
3183034
3443861
3555516
2706995
2820516
2861298
3153050
4674538
2588552
2523761
2606496
2785038
2748147
3060481
2893125
2625152
3171405
2777219
2750322
3618994
2747365
2665984
2702614
3202512
3639414
3466095
2635258
2594887
2920083
2829147
3107297
2782251
2495040
2911893
3144308
3044250
3018988
2898619
2988422
3540850
3506866
3566294
2562768
2981185
3266872
3309227
3529863
3464902
3247685
3385065
3534385
3159186
2733631
3331402
3206612
3485233
3578323
2972744
3200658
3134414
3611265
3058545
2911692
2884785
3332354
3312675
3193589
2678173
2591830
2837107
2655567
2851844
2905797
3065633
3437585
2995710
3403119
3558133
3016561
2876103
2898579
3132980
3078114
3713558
2909075
3209009
3176588
3201299
3314228
3173109
3169710
3208938
3329777
3863700
2812315
3352623
3482035
3542063
3427509
3521643
3345426
3086324
2767224
3613449
2967139
3012592
2846581
2920423
2801880
3268295
3469382
3111948
3390518
4133939
3247664
3322148
3158753
3560529
3526384
3205078
3244355
3241358
3651835
3366528
3470847
3555367
3166643
3949803
3102234
2853197
2911011
3037383
2810672
3236907
3298179
3234472
2988432
3369977
3292395
3446196
3298339
3347150
3478886
3359110
3082695
3137721
2936723
3099647
3470325
3013754
3327882
3334268
3754419
3075608
2860264
3060521
3259904
3199415
4053440
3063949
2693892
3543927
3763812
2790060
2650886
2938980
3004652
3298300
3387340
3814568
3250230
3003038
3529222
3565481
2914960
3563547
3253489
2976983
3779922
4033992
3119376
2853047
2737240
3828252
3348705
2847272
2998758
2836094
2948532
3091216
2657202
2566998
2856595
2586787
3323241
2639358
2718934
2755004
2693371
2600301
3134864
3223363
2786632
3348363
3910576
3522124
2557484
2953505
2762893
2578115
2715085
3934826
3155485
3325577
2749741
3488932
3029945
3083607
2896644
3184137
2864375
3203685
2999429
2650374
2917827
3029544
3932881
3114223
3112349
2886820
4282617
3556429
2610987
3245058
3440502
3627735
3164718
3210763
2973836
3158062
3467518
3024451
2681421
2860635
3151876
3419028
2774823
2795845
2869628
2669272
3096760
3697989
3094835
3374007
2869507
4648594
3666351
2945706
3076028
3505222
4010373
3127566
3230291
2922749
3252726
3070033
2718172
2740769
2968352
2799464
2913116
3073673
2692719
2865236
3093401
3210501
3080630
2935701
2885506
3185249
3074004
3151897
2563058
2662885
3145862
2861227
3366037
2897055
2759154
2731676
2748137
2544332
2669462
3290249
3459348
2405939
2707627
3571997
4182268
2759234
3340474
3034686
2900895
3717628
3399319
2659346
2752789
3007609
2854680
3357306
3384994
3079738
3272154
2706613
3114114
3143917
2551369
2708899
3300234
3230311
3158112
2582998
2935310
3220857
3117782
3396693
3070505
2659718
2433046
2747887
2899331
3101231
2932523
2699155
2891662
2800626
3554604
3518014
3252385
2896354
2832425
2763976
2624881
2959290
2922318
2483893
2988963
3369797
3234321
2978758
3062465
3276125
3021434
2865347
3249358
3686120
3195926
3397325
3557732
3358298
3311482
2815273
3095116
2949004
2809308
3113021
2990357
2402530
2760738
2632309
2987770
3216046
2968021
2875411
3054375
2845488
4064266
3053483
2645853
2829007
2922248
2775905
3791542
3217939
3516449
3326959
3279753
3415169
2670164
2685230
2773659
2738823
2960322
2797057
2741831
3272766
3429584
3459108
2932262
2631528
2856495
2626224
2826371
2882068
3853805
2759143
3722629
2797589
3746780
3005725
3145050
3141400
3195154
3553050
3147937
3033754
2858099
2917706
3324644
2703456
2490859
2788165
2749560
2490979
2452675
2709230
2760587
2546888
2728217
2544522
3290540
3394978
3267282
2828836
3072570
2995088
2975640
2678825
2461707
2793749
3329928
4530761
2998436
3202842
3288174
3108057
2780175
3398497
2987268
2555619
3160357
4043976
3043127
2879211
2679215
2503501
2734874
2975660
2848305
2394550
2809909
2939400
2803573
3427238
3265307
2865437
2606757
2963309
3057493
2902649
2537746
3697909
3244165
3985511
2580882
2618144
3342508
2855663
3005294
2710202
2555940
2442389
2521134
2798852
4954922
3010786
2719876
2735665
2793459
2960693
3445173
3327171
3185389
2850720
3952238
2626695
2765961
2816426
3002977
3247032
3111567
2879873
2812055
2695716
3054535
3041664
2998566
3581902
2973645
2676239
2763274
3042956
2755163
2869837
2603307
3385094
2779814
2860495
2910308
2725220
2779725
2813829
4035495
2743655
2685491
3031237
2704057
4134871
3125642
3645268
3371470
3069553
3543165
3246049
3105281
2718593
3286289
3750569
3384843
2940232
3773535
2950668
3051878
2980141
3000813
2685271
2970527
2717570
3747612
3023889
3735141
2974167
3408562
3185119
2968011
2721471
2960342
2951540
3302720
3229027
2769720
3272505
3076870
2747285
2888564
3159425
2874990
2625453
3177239
3986042
2740137
3196487
3364102
3458244
3647574
3368102
3407620
3122785
3979696
3683904
3177740
3354267
3553129
3270520
3512580
3103466
3298911
3493853
3936410
2591398
2760366
3069382
3009994
2801819
3100148
3108589
3017162
3327592
3693899
3215995
3190783
2847763
3205759
2785840
3452371
3316905
3187063
2693561
3089442
3138092
2974136
2804015
2563750
2955991
3726871
3303321
3203895
2827843
2880925
3385074
3919196
3137440
3049432
3227995
3150954
3231664
3141630
2747254
3103306
2590486
3055959
3763141
3019278
3637680
3307823
3357967
3659914
3019959
2741319
2598265
2778952
3806478
2771083
2556120
2774812
2629062
2793769
2811774
2869416
2794300
2732398
3104900
2788376
3232917
3164768
2457366
2737951
2863974
2598977
2999920
2645642
2953825
2633723
3278360
2918769
3915758
3514945
3074635
3780363
3168798
3096830
2522577
2525515
2698223
2928653
4240943
3122954
2821087
3445704
3054515
3068399
3129530
3333285
3101772
3442205
3529251
3784653
2814992
3366127
3131717
3126122
3233869
2613112
2827052
3100519
3745737
2973214
3324905
3216656
3498454
3061412
3645639
3039338
3609319
3177870
4090180
3463949
3477332
3525411
3338077
3366558
3136488
3405534
3028510
3873664
3006145
2915239
2853747
2808545
3276365
3584107
3289026
3132869
3272845
2826981
3265176
